WARNING - 2025-04-25 06:58:55 --> [DEPRECATED] Optional parameter $sarray declared before required parameter $id is implicitly treated as a required parameter in APPPATH\Models\SwiperModel.php on line 23.
 1 SYSTEMPATH\Autoloader\Autoloader.php(316): include_once('E:\\web\\XAMPP\\htdocs\\test\\system\\Debug\\Exceptions.php')
 2 SYSTEMPATH\Autoloader\Autoloader.php(295): CodeIgniter\Autoloader\Autoloader->includeFile('E:\\web\\XAMPP\\htdocs\\test\\app\\Models\\SwiperModel.php')
 3 SYSTEMPATH\Autoloader\Autoloader.php(271): CodeIgniter\Autoloader\Autoloader->loadInNamespace('App\\Models\\SwiperModel')
 4 APPPATH\Controllers\Home.php(12): CodeIgniter\Autoloader\Autoloader->loadClass('App\\Models\\SwiperModel')
 5 SYSTEMPATH\CodeIgniter.php(933): App\Controllers\Home->index()
 6 SYSTEMPATH\CodeIgniter.php(507): CodeIgniter\CodeIgniter->runController(Object(App\Controllers\Home))
 7 SYSTEMPATH\CodeIgniter.php(354): CodeIgniter\CodeIgniter->handleRequest(null, Object(Config\Cache), false)
 8 SYSTEMPATH\Boot.php(334): CodeIgniter\CodeIgniter->run()
 9 SYSTEMPATH\Boot.php(67): CodeIgniter\Boot::runCodeIgniter(Object(CodeIgniter\CodeIgniter))
10 FCPATH\index.php(56): CodeIgniter\Boot::bootWeb(Object(Config\Paths))
WARNING - 2025-04-25 06:58:55 --> [DEPRECATED] Optional parameter $sarray declared before required parameter $where2 is implicitly treated as a required parameter in APPPATH\Models\SwiperModel.php on line 32.
 1 SYSTEMPATH\Autoloader\Autoloader.php(316): include_once('E:\\web\\XAMPP\\htdocs\\test\\system\\Debug\\Exceptions.php')
 2 SYSTEMPATH\Autoloader\Autoloader.php(295): CodeIgniter\Autoloader\Autoloader->includeFile('E:\\web\\XAMPP\\htdocs\\test\\app\\Models\\SwiperModel.php')
 3 SYSTEMPATH\Autoloader\Autoloader.php(271): CodeIgniter\Autoloader\Autoloader->loadInNamespace('App\\Models\\SwiperModel')
 4 APPPATH\Controllers\Home.php(12): CodeIgniter\Autoloader\Autoloader->loadClass('App\\Models\\SwiperModel')
 5 SYSTEMPATH\CodeIgniter.php(933): App\Controllers\Home->index()
 6 SYSTEMPATH\CodeIgniter.php(507): CodeIgniter\CodeIgniter->runController(Object(App\Controllers\Home))
 7 SYSTEMPATH\CodeIgniter.php(354): CodeIgniter\CodeIgniter->handleRequest(null, Object(Config\Cache), false)
 8 SYSTEMPATH\Boot.php(334): CodeIgniter\CodeIgniter->run()
 9 SYSTEMPATH\Boot.php(67): CodeIgniter\Boot::runCodeIgniter(Object(CodeIgniter\CodeIgniter))
10 FCPATH\index.php(56): CodeIgniter\Boot::bootWeb(Object(Config\Paths))
WARNING - 2025-04-25 06:58:56 --> [DEPRECATED] Optional parameter $sarray declared before required parameter $id is implicitly treated as a required parameter in APPPATH\Models\NavModel.php on line 17.
 1 SYSTEMPATH\Autoloader\Autoloader.php(316): include_once('E:\\web\\XAMPP\\htdocs\\test\\system\\Debug\\Exceptions.php')
 2 SYSTEMPATH\Autoloader\Autoloader.php(295): CodeIgniter\Autoloader\Autoloader->includeFile('E:\\web\\XAMPP\\htdocs\\test\\app\\Models\\NavModel.php')
 3 SYSTEMPATH\Autoloader\Autoloader.php(271): CodeIgniter\Autoloader\Autoloader->loadInNamespace('App\\Models\\NavModel')
 4 APPPATH\Controllers\Home.php(17): CodeIgniter\Autoloader\Autoloader->loadClass('App\\Models\\NavModel')
 5 SYSTEMPATH\CodeIgniter.php(933): App\Controllers\Home->index()
 6 SYSTEMPATH\CodeIgniter.php(507): CodeIgniter\CodeIgniter->runController(Object(App\Controllers\Home))
 7 SYSTEMPATH\CodeIgniter.php(354): CodeIgniter\CodeIgniter->handleRequest(null, Object(Config\Cache), false)
 8 SYSTEMPATH\Boot.php(334): CodeIgniter\CodeIgniter->run()
 9 SYSTEMPATH\Boot.php(67): CodeIgniter\Boot::runCodeIgniter(Object(CodeIgniter\CodeIgniter))
10 FCPATH\index.php(56): CodeIgniter\Boot::bootWeb(Object(Config\Paths))
WARNING - 2025-04-25 06:58:56 --> [DEPRECATED] Optional parameter $sarray declared before required parameter $id is implicitly treated as a required parameter in APPPATH\Models\NavModel.php on line 25.
 1 SYSTEMPATH\Autoloader\Autoloader.php(316): include_once('E:\\web\\XAMPP\\htdocs\\test\\system\\Debug\\Exceptions.php')
 2 SYSTEMPATH\Autoloader\Autoloader.php(295): CodeIgniter\Autoloader\Autoloader->includeFile('E:\\web\\XAMPP\\htdocs\\test\\app\\Models\\NavModel.php')
 3 SYSTEMPATH\Autoloader\Autoloader.php(271): CodeIgniter\Autoloader\Autoloader->loadInNamespace('App\\Models\\NavModel')
 4 APPPATH\Controllers\Home.php(17): CodeIgniter\Autoloader\Autoloader->loadClass('App\\Models\\NavModel')
 5 SYSTEMPATH\CodeIgniter.php(933): App\Controllers\Home->index()
 6 SYSTEMPATH\CodeIgniter.php(507): CodeIgniter\CodeIgniter->runController(Object(App\Controllers\Home))
 7 SYSTEMPATH\CodeIgniter.php(354): CodeIgniter\CodeIgniter->handleRequest(null, Object(Config\Cache), false)
 8 SYSTEMPATH\Boot.php(334): CodeIgniter\CodeIgniter->run()
 9 SYSTEMPATH\Boot.php(67): CodeIgniter\Boot::runCodeIgniter(Object(CodeIgniter\CodeIgniter))
10 FCPATH\index.php(56): CodeIgniter\Boot::bootWeb(Object(Config\Paths))
WARNING - 2025-04-25 06:59:02 --> [DEPRECATED] Optional parameter $sarray declared before required parameter $id is implicitly treated as a required parameter in APPPATH\Models\NavModel.php on line 17.
 1 SYSTEMPATH\Autoloader\Autoloader.php(316): include_once('E:\\web\\XAMPP\\htdocs\\test\\system\\Debug\\Exceptions.php')
 2 SYSTEMPATH\Autoloader\Autoloader.php(295): CodeIgniter\Autoloader\Autoloader->includeFile('E:\\web\\XAMPP\\htdocs\\test\\app\\Models\\NavModel.php')
 3 SYSTEMPATH\Autoloader\Autoloader.php(271): CodeIgniter\Autoloader\Autoloader->loadInNamespace('App\\Models\\NavModel')
 4 APPPATH\Controllers\Home.php(29): CodeIgniter\Autoloader\Autoloader->loadClass('App\\Models\\NavModel')
 5 SYSTEMPATH\CodeIgniter.php(933): App\Controllers\Home->category('10')
 6 SYSTEMPATH\CodeIgniter.php(507): CodeIgniter\CodeIgniter->runController(Object(App\Controllers\Home))
 7 SYSTEMPATH\CodeIgniter.php(354): CodeIgniter\CodeIgniter->handleRequest(null, Object(Config\Cache), false)
 8 SYSTEMPATH\Boot.php(334): CodeIgniter\CodeIgniter->run()
 9 SYSTEMPATH\Boot.php(67): CodeIgniter\Boot::runCodeIgniter(Object(CodeIgniter\CodeIgniter))
10 FCPATH\index.php(56): CodeIgniter\Boot::bootWeb(Object(Config\Paths))
WARNING - 2025-04-25 06:59:02 --> [DEPRECATED] Optional parameter $sarray declared before required parameter $id is implicitly treated as a required parameter in APPPATH\Models\NavModel.php on line 25.
 1 SYSTEMPATH\Autoloader\Autoloader.php(316): include_once('E:\\web\\XAMPP\\htdocs\\test\\system\\Debug\\Exceptions.php')
 2 SYSTEMPATH\Autoloader\Autoloader.php(295): CodeIgniter\Autoloader\Autoloader->includeFile('E:\\web\\XAMPP\\htdocs\\test\\app\\Models\\NavModel.php')
 3 SYSTEMPATH\Autoloader\Autoloader.php(271): CodeIgniter\Autoloader\Autoloader->loadInNamespace('App\\Models\\NavModel')
 4 APPPATH\Controllers\Home.php(29): CodeIgniter\Autoloader\Autoloader->loadClass('App\\Models\\NavModel')
 5 SYSTEMPATH\CodeIgniter.php(933): App\Controllers\Home->category('10')
 6 SYSTEMPATH\CodeIgniter.php(507): CodeIgniter\CodeIgniter->runController(Object(App\Controllers\Home))
 7 SYSTEMPATH\CodeIgniter.php(354): CodeIgniter\CodeIgniter->handleRequest(null, Object(Config\Cache), false)
 8 SYSTEMPATH\Boot.php(334): CodeIgniter\CodeIgniter->run()
 9 SYSTEMPATH\Boot.php(67): CodeIgniter\Boot::runCodeIgniter(Object(CodeIgniter\CodeIgniter))
10 FCPATH\index.php(56): CodeIgniter\Boot::bootWeb(Object(Config\Paths))
WARNING - 2025-04-25 06:59:02 --> [DEPRECATED] Optional parameter $sarray declared before required parameter $id is implicitly treated as a required parameter in APPPATH\Models\SwiperModel.php on line 23.
 1 SYSTEMPATH\Autoloader\Autoloader.php(316): include_once('E:\\web\\XAMPP\\htdocs\\test\\system\\Debug\\Exceptions.php')
 2 SYSTEMPATH\Autoloader\Autoloader.php(295): CodeIgniter\Autoloader\Autoloader->includeFile('E:\\web\\XAMPP\\htdocs\\test\\app\\Models\\SwiperModel.php')
 3 SYSTEMPATH\Autoloader\Autoloader.php(271): CodeIgniter\Autoloader\Autoloader->loadInNamespace('App\\Models\\SwiperModel')
 4 APPPATH\Controllers\Home.php(30): CodeIgniter\Autoloader\Autoloader->loadClass('App\\Models\\SwiperModel')
 5 SYSTEMPATH\CodeIgniter.php(933): App\Controllers\Home->category('10')
 6 SYSTEMPATH\CodeIgniter.php(507): CodeIgniter\CodeIgniter->runController(Object(App\Controllers\Home))
 7 SYSTEMPATH\CodeIgniter.php(354): CodeIgniter\CodeIgniter->handleRequest(null, Object(Config\Cache), false)
 8 SYSTEMPATH\Boot.php(334): CodeIgniter\CodeIgniter->run()
 9 SYSTEMPATH\Boot.php(67): CodeIgniter\Boot::runCodeIgniter(Object(CodeIgniter\CodeIgniter))
10 FCPATH\index.php(56): CodeIgniter\Boot::bootWeb(Object(Config\Paths))
WARNING - 2025-04-25 06:59:02 --> [DEPRECATED] Optional parameter $sarray declared before required parameter $where2 is implicitly treated as a required parameter in APPPATH\Models\SwiperModel.php on line 32.
 1 SYSTEMPATH\Autoloader\Autoloader.php(316): include_once('E:\\web\\XAMPP\\htdocs\\test\\system\\Debug\\Exceptions.php')
 2 SYSTEMPATH\Autoloader\Autoloader.php(295): CodeIgniter\Autoloader\Autoloader->includeFile('E:\\web\\XAMPP\\htdocs\\test\\app\\Models\\SwiperModel.php')
 3 SYSTEMPATH\Autoloader\Autoloader.php(271): CodeIgniter\Autoloader\Autoloader->loadInNamespace('App\\Models\\SwiperModel')
 4 APPPATH\Controllers\Home.php(30): CodeIgniter\Autoloader\Autoloader->loadClass('App\\Models\\SwiperModel')
 5 SYSTEMPATH\CodeIgniter.php(933): App\Controllers\Home->category('10')
 6 SYSTEMPATH\CodeIgniter.php(507): CodeIgniter\CodeIgniter->runController(Object(App\Controllers\Home))
 7 SYSTEMPATH\CodeIgniter.php(354): CodeIgniter\CodeIgniter->handleRequest(null, Object(Config\Cache), false)
 8 SYSTEMPATH\Boot.php(334): CodeIgniter\CodeIgniter->run()
 9 SYSTEMPATH\Boot.php(67): CodeIgniter\Boot::runCodeIgniter(Object(CodeIgniter\CodeIgniter))
10 FCPATH\index.php(56): CodeIgniter\Boot::bootWeb(Object(Config\Paths))
ERROR - 2025-04-25 06:59:02 --> mysqli_sql_exception: Unknown column 'cid' in 'where clause' in E:\web\XAMPP\htdocs\test\system\Database\MySQLi\Connection.php:327
Stack trace:
#0 E:\web\XAMPP\htdocs\test\system\Database\MySQLi\Connection.php(327): mysqli->query('SELECT `id`, `l...', 0)
#1 E:\web\XAMPP\htdocs\test\system\Database\BaseConnection.php(738): CodeIgniter\Database\MySQLi\Connection->execute('SELECT `id`, `l...')
#2 E:\web\XAMPP\htdocs\test\system\Database\BaseConnection.php(652): CodeIgniter\Database\BaseConnection->simpleQuery('SELECT `id`, `l...')
#3 E:\web\XAMPP\htdocs\test\system\Database\BaseBuilder.php(1649): CodeIgniter\Database\BaseConnection->query('SELECT `id`, `l...', Array, false)
#4 E:\web\XAMPP\htdocs\test\system\Model.php(928): CodeIgniter\Database\BaseBuilder->get()
#5 E:\web\XAMPP\htdocs\test\app\Controllers\Home.php(32): CodeIgniter\Model->__call('get', Array)
#6 E:\web\XAMPP\htdocs\test\system\CodeIgniter.php(933): App\Controllers\Home->category('10')
#7 E:\web\XAMPP\htdocs\test\system\CodeIgniter.php(507): CodeIgniter\CodeIgniter->runController(Object(App\Controllers\Home))
#8 E:\web\XAMPP\htdocs\test\system\CodeIgniter.php(354): CodeIgniter\CodeIgniter->handleRequest(NULL, Object(Config\Cache), false)
#9 E:\web\XAMPP\htdocs\test\system\Boot.php(334): CodeIgniter\CodeIgniter->run()
#10 E:\web\XAMPP\htdocs\test\system\Boot.php(67): CodeIgniter\Boot::runCodeIgniter(Object(CodeIgniter\CodeIgniter))
#11 E:\web\XAMPP\htdocs\test\public\index.php(56): CodeIgniter\Boot::bootWeb(Object(Config\Paths))
#12 {main}
CRITICAL - 2025-04-25 06:59:02 --> CodeIgniter\Database\Exceptions\DatabaseException: Unknown column 'cid' in 'where clause'
[Method: GET, Route: cate/10]
in SYSTEMPATH\Database\BaseConnection.php on line 692.
 1 SYSTEMPATH\Database\BaseBuilder.php(1649): CodeIgniter\Database\BaseConnection->query('SELECT `id`, `link_url`, `label`, `n_type`, `target`, `pid`
FROM `c_nav`
WHERE `cid` = :cid:
AND `status` = 1', [...], false)
 2 SYSTEMPATH\Model.php(928): CodeIgniter\Database\BaseBuilder->get()
 3 APPPATH\Controllers\Home.php(32): CodeIgniter\Model->__call('get', [])
 4 SYSTEMPATH\CodeIgniter.php(933): App\Controllers\Home->category('10')
 5 SYSTEMPATH\CodeIgniter.php(507): CodeIgniter\CodeIgniter->runController(Object(App\Controllers\Home))
 6 SYSTEMPATH\CodeIgniter.php(354): CodeIgniter\CodeIgniter->handleRequest(null, Object(Config\Cache), false)
 7 SYSTEMPATH\Boot.php(334): CodeIgniter\CodeIgniter->run()
 8 SYSTEMPATH\Boot.php(67): CodeIgniter\Boot::runCodeIgniter(Object(CodeIgniter\CodeIgniter))
 9 FCPATH\index.php(56): CodeIgniter\Boot::bootWeb(Object(Config\Paths))
CRITICAL - 2025-04-25 06:59:02 --> [Caused by] CodeIgniter\Database\Exceptions\DatabaseException: Unknown column 'cid' in 'where clause'
in SYSTEMPATH\Database\MySQLi\Connection.php on line 332.
 1 SYSTEMPATH\Database\BaseConnection.php(738): CodeIgniter\Database\MySQLi\Connection->execute('SELECT `id`, `link_url`, `label`, `n_type`, `target`, `pid`
FROM `c_nav`
WHERE `cid` = \'10\'
AND `status` = 1')
 2 SYSTEMPATH\Database\BaseConnection.php(652): CodeIgniter\Database\BaseConnection->simpleQuery('SELECT `id`, `link_url`, `label`, `n_type`, `target`, `pid`
FROM `c_nav`
WHERE `cid` = \'10\'
AND `status` = 1')
 3 SYSTEMPATH\Database\BaseBuilder.php(1649): CodeIgniter\Database\BaseConnection->query('SELECT `id`, `link_url`, `label`, `n_type`, `target`, `pid`
FROM `c_nav`
WHERE `cid` = :cid:
AND `status` = 1', [...], false)
 4 SYSTEMPATH\Model.php(928): CodeIgniter\Database\BaseBuilder->get()
 5 APPPATH\Controllers\Home.php(32): CodeIgniter\Model->__call('get', [])
 6 SYSTEMPATH\CodeIgniter.php(933): App\Controllers\Home->category('10')
 7 SYSTEMPATH\CodeIgniter.php(507): CodeIgniter\CodeIgniter->runController(Object(App\Controllers\Home))
 8 SYSTEMPATH\CodeIgniter.php(354): CodeIgniter\CodeIgniter->handleRequest(null, Object(Config\Cache), false)
 9 SYSTEMPATH\Boot.php(334): CodeIgniter\CodeIgniter->run()
10 SYSTEMPATH\Boot.php(67): CodeIgniter\Boot::runCodeIgniter(Object(CodeIgniter\CodeIgniter))
11 FCPATH\index.php(56): CodeIgniter\Boot::bootWeb(Object(Config\Paths))
CRITICAL - 2025-04-25 06:59:02 --> [Caused by] mysqli_sql_exception: Unknown column 'cid' in 'where clause'
in SYSTEMPATH\Database\MySQLi\Connection.php on line 327.
 1 SYSTEMPATH\Database\MySQLi\Connection.php(327): mysqli->query('SELECT `id`, `link_url`, `label`, `n_type`, `target`, `pid`
FROM `c_nav`
WHERE `cid` = \'10\'
AND `status` = 1', 0)
 2 SYSTEMPATH\Database\BaseConnection.php(738): CodeIgniter\Database\MySQLi\Connection->execute('SELECT `id`, `link_url`, `label`, `n_type`, `target`, `pid`
FROM `c_nav`
WHERE `cid` = \'10\'
AND `status` = 1')
 3 SYSTEMPATH\Database\BaseConnection.php(652): CodeIgniter\Database\BaseConnection->simpleQuery('SELECT `id`, `link_url`, `label`, `n_type`, `target`, `pid`
FROM `c_nav`
WHERE `cid` = \'10\'
AND `status` = 1')
 4 SYSTEMPATH\Database\BaseBuilder.php(1649): CodeIgniter\Database\BaseConnection->query('SELECT `id`, `link_url`, `label`, `n_type`, `target`, `pid`
FROM `c_nav`
WHERE `cid` = :cid:
AND `status` = 1', [...], false)
 5 SYSTEMPATH\Model.php(928): CodeIgniter\Database\BaseBuilder->get()
 6 APPPATH\Controllers\Home.php(32): CodeIgniter\Model->__call('get', [])
 7 SYSTEMPATH\CodeIgniter.php(933): App\Controllers\Home->category('10')
 8 SYSTEMPATH\CodeIgniter.php(507): CodeIgniter\CodeIgniter->runController(Object(App\Controllers\Home))
 9 SYSTEMPATH\CodeIgniter.php(354): CodeIgniter\CodeIgniter->handleRequest(null, Object(Config\Cache), false)
10 SYSTEMPATH\Boot.php(334): CodeIgniter\CodeIgniter->run()
11 SYSTEMPATH\Boot.php(67): CodeIgniter\Boot::runCodeIgniter(Object(CodeIgniter\CodeIgniter))
12 FCPATH\index.php(56): CodeIgniter\Boot::bootWeb(Object(Config\Paths))
WARNING - 2025-04-25 06:59:24 --> [DEPRECATED] Optional parameter $sarray declared before required parameter $id is implicitly treated as a required parameter in APPPATH\Models\NavModel.php on line 17.
 1 SYSTEMPATH\Autoloader\Autoloader.php(316): include_once('E:\\web\\XAMPP\\htdocs\\test\\system\\Debug\\Exceptions.php')
 2 SYSTEMPATH\Autoloader\Autoloader.php(295): CodeIgniter\Autoloader\Autoloader->includeFile('E:\\web\\XAMPP\\htdocs\\test\\app\\Models\\NavModel.php')
 3 SYSTEMPATH\Autoloader\Autoloader.php(271): CodeIgniter\Autoloader\Autoloader->loadInNamespace('App\\Models\\NavModel')
 4 APPPATH\Controllers\Home.php(29): CodeIgniter\Autoloader\Autoloader->loadClass('App\\Models\\NavModel')
 5 SYSTEMPATH\CodeIgniter.php(933): App\Controllers\Home->category('10')
 6 SYSTEMPATH\CodeIgniter.php(507): CodeIgniter\CodeIgniter->runController(Object(App\Controllers\Home))
 7 SYSTEMPATH\CodeIgniter.php(354): CodeIgniter\CodeIgniter->handleRequest(null, Object(Config\Cache), false)
 8 SYSTEMPATH\Boot.php(334): CodeIgniter\CodeIgniter->run()
 9 SYSTEMPATH\Boot.php(67): CodeIgniter\Boot::runCodeIgniter(Object(CodeIgniter\CodeIgniter))
10 FCPATH\index.php(56): CodeIgniter\Boot::bootWeb(Object(Config\Paths))
WARNING - 2025-04-25 06:59:24 --> [DEPRECATED] Optional parameter $sarray declared before required parameter $id is implicitly treated as a required parameter in APPPATH\Models\NavModel.php on line 25.
 1 SYSTEMPATH\Autoloader\Autoloader.php(316): include_once('E:\\web\\XAMPP\\htdocs\\test\\system\\Debug\\Exceptions.php')
 2 SYSTEMPATH\Autoloader\Autoloader.php(295): CodeIgniter\Autoloader\Autoloader->includeFile('E:\\web\\XAMPP\\htdocs\\test\\app\\Models\\NavModel.php')
 3 SYSTEMPATH\Autoloader\Autoloader.php(271): CodeIgniter\Autoloader\Autoloader->loadInNamespace('App\\Models\\NavModel')
 4 APPPATH\Controllers\Home.php(29): CodeIgniter\Autoloader\Autoloader->loadClass('App\\Models\\NavModel')
 5 SYSTEMPATH\CodeIgniter.php(933): App\Controllers\Home->category('10')
 6 SYSTEMPATH\CodeIgniter.php(507): CodeIgniter\CodeIgniter->runController(Object(App\Controllers\Home))
 7 SYSTEMPATH\CodeIgniter.php(354): CodeIgniter\CodeIgniter->handleRequest(null, Object(Config\Cache), false)
 8 SYSTEMPATH\Boot.php(334): CodeIgniter\CodeIgniter->run()
 9 SYSTEMPATH\Boot.php(67): CodeIgniter\Boot::runCodeIgniter(Object(CodeIgniter\CodeIgniter))
10 FCPATH\index.php(56): CodeIgniter\Boot::bootWeb(Object(Config\Paths))
WARNING - 2025-04-25 06:59:24 --> [DEPRECATED] Optional parameter $sarray declared before required parameter $id is implicitly treated as a required parameter in APPPATH\Models\SwiperModel.php on line 23.
 1 SYSTEMPATH\Autoloader\Autoloader.php(316): include_once('E:\\web\\XAMPP\\htdocs\\test\\system\\Debug\\Exceptions.php')
 2 SYSTEMPATH\Autoloader\Autoloader.php(295): CodeIgniter\Autoloader\Autoloader->includeFile('E:\\web\\XAMPP\\htdocs\\test\\app\\Models\\SwiperModel.php')
 3 SYSTEMPATH\Autoloader\Autoloader.php(271): CodeIgniter\Autoloader\Autoloader->loadInNamespace('App\\Models\\SwiperModel')
 4 APPPATH\Controllers\Home.php(30): CodeIgniter\Autoloader\Autoloader->loadClass('App\\Models\\SwiperModel')
 5 SYSTEMPATH\CodeIgniter.php(933): App\Controllers\Home->category('10')
 6 SYSTEMPATH\CodeIgniter.php(507): CodeIgniter\CodeIgniter->runController(Object(App\Controllers\Home))
 7 SYSTEMPATH\CodeIgniter.php(354): CodeIgniter\CodeIgniter->handleRequest(null, Object(Config\Cache), false)
 8 SYSTEMPATH\Boot.php(334): CodeIgniter\CodeIgniter->run()
 9 SYSTEMPATH\Boot.php(67): CodeIgniter\Boot::runCodeIgniter(Object(CodeIgniter\CodeIgniter))
10 FCPATH\index.php(56): CodeIgniter\Boot::bootWeb(Object(Config\Paths))
WARNING - 2025-04-25 06:59:24 --> [DEPRECATED] Optional parameter $sarray declared before required parameter $where2 is implicitly treated as a required parameter in APPPATH\Models\SwiperModel.php on line 32.
 1 SYSTEMPATH\Autoloader\Autoloader.php(316): include_once('E:\\web\\XAMPP\\htdocs\\test\\system\\Debug\\Exceptions.php')
 2 SYSTEMPATH\Autoloader\Autoloader.php(295): CodeIgniter\Autoloader\Autoloader->includeFile('E:\\web\\XAMPP\\htdocs\\test\\app\\Models\\SwiperModel.php')
 3 SYSTEMPATH\Autoloader\Autoloader.php(271): CodeIgniter\Autoloader\Autoloader->loadInNamespace('App\\Models\\SwiperModel')
 4 APPPATH\Controllers\Home.php(30): CodeIgniter\Autoloader\Autoloader->loadClass('App\\Models\\SwiperModel')
 5 SYSTEMPATH\CodeIgniter.php(933): App\Controllers\Home->category('10')
 6 SYSTEMPATH\CodeIgniter.php(507): CodeIgniter\CodeIgniter->runController(Object(App\Controllers\Home))
 7 SYSTEMPATH\CodeIgniter.php(354): CodeIgniter\CodeIgniter->handleRequest(null, Object(Config\Cache), false)
 8 SYSTEMPATH\Boot.php(334): CodeIgniter\CodeIgniter->run()
 9 SYSTEMPATH\Boot.php(67): CodeIgniter\Boot::runCodeIgniter(Object(CodeIgniter\CodeIgniter))
10 FCPATH\index.php(56): CodeIgniter\Boot::bootWeb(Object(Config\Paths))
WARNING - 2025-04-25 06:59:26 --> [DEPRECATED] Optional parameter $sarray declared before required parameter $id is implicitly treated as a required parameter in APPPATH\Models\SwiperModel.php on line 23.
 1 SYSTEMPATH\Autoloader\Autoloader.php(316): include_once('E:\\web\\XAMPP\\htdocs\\test\\system\\Debug\\Exceptions.php')
 2 SYSTEMPATH\Autoloader\Autoloader.php(295): CodeIgniter\Autoloader\Autoloader->includeFile('E:\\web\\XAMPP\\htdocs\\test\\app\\Models\\SwiperModel.php')
 3 SYSTEMPATH\Autoloader\Autoloader.php(271): CodeIgniter\Autoloader\Autoloader->loadInNamespace('App\\Models\\SwiperModel')
 4 APPPATH\Controllers\Home.php(12): CodeIgniter\Autoloader\Autoloader->loadClass('App\\Models\\SwiperModel')
 5 SYSTEMPATH\CodeIgniter.php(933): App\Controllers\Home->index()
 6 SYSTEMPATH\CodeIgniter.php(507): CodeIgniter\CodeIgniter->runController(Object(App\Controllers\Home))
 7 SYSTEMPATH\CodeIgniter.php(354): CodeIgniter\CodeIgniter->handleRequest(null, Object(Config\Cache), false)
 8 SYSTEMPATH\Boot.php(334): CodeIgniter\CodeIgniter->run()
 9 SYSTEMPATH\Boot.php(67): CodeIgniter\Boot::runCodeIgniter(Object(CodeIgniter\CodeIgniter))
10 FCPATH\index.php(56): CodeIgniter\Boot::bootWeb(Object(Config\Paths))
WARNING - 2025-04-25 06:59:26 --> [DEPRECATED] Optional parameter $sarray declared before required parameter $where2 is implicitly treated as a required parameter in APPPATH\Models\SwiperModel.php on line 32.
 1 SYSTEMPATH\Autoloader\Autoloader.php(316): include_once('E:\\web\\XAMPP\\htdocs\\test\\system\\Debug\\Exceptions.php')
 2 SYSTEMPATH\Autoloader\Autoloader.php(295): CodeIgniter\Autoloader\Autoloader->includeFile('E:\\web\\XAMPP\\htdocs\\test\\app\\Models\\SwiperModel.php')
 3 SYSTEMPATH\Autoloader\Autoloader.php(271): CodeIgniter\Autoloader\Autoloader->loadInNamespace('App\\Models\\SwiperModel')
 4 APPPATH\Controllers\Home.php(12): CodeIgniter\Autoloader\Autoloader->loadClass('App\\Models\\SwiperModel')
 5 SYSTEMPATH\CodeIgniter.php(933): App\Controllers\Home->index()
 6 SYSTEMPATH\CodeIgniter.php(507): CodeIgniter\CodeIgniter->runController(Object(App\Controllers\Home))
 7 SYSTEMPATH\CodeIgniter.php(354): CodeIgniter\CodeIgniter->handleRequest(null, Object(Config\Cache), false)
 8 SYSTEMPATH\Boot.php(334): CodeIgniter\CodeIgniter->run()
 9 SYSTEMPATH\Boot.php(67): CodeIgniter\Boot::runCodeIgniter(Object(CodeIgniter\CodeIgniter))
10 FCPATH\index.php(56): CodeIgniter\Boot::bootWeb(Object(Config\Paths))
WARNING - 2025-04-25 06:59:26 --> [DEPRECATED] Optional parameter $sarray declared before required parameter $id is implicitly treated as a required parameter in APPPATH\Models\NavModel.php on line 17.
 1 SYSTEMPATH\Autoloader\Autoloader.php(316): include_once('E:\\web\\XAMPP\\htdocs\\test\\system\\Debug\\Exceptions.php')
 2 SYSTEMPATH\Autoloader\Autoloader.php(295): CodeIgniter\Autoloader\Autoloader->includeFile('E:\\web\\XAMPP\\htdocs\\test\\app\\Models\\NavModel.php')
 3 SYSTEMPATH\Autoloader\Autoloader.php(271): CodeIgniter\Autoloader\Autoloader->loadInNamespace('App\\Models\\NavModel')
 4 APPPATH\Controllers\Home.php(17): CodeIgniter\Autoloader\Autoloader->loadClass('App\\Models\\NavModel')
 5 SYSTEMPATH\CodeIgniter.php(933): App\Controllers\Home->index()
 6 SYSTEMPATH\CodeIgniter.php(507): CodeIgniter\CodeIgniter->runController(Object(App\Controllers\Home))
 7 SYSTEMPATH\CodeIgniter.php(354): CodeIgniter\CodeIgniter->handleRequest(null, Object(Config\Cache), false)
 8 SYSTEMPATH\Boot.php(334): CodeIgniter\CodeIgniter->run()
 9 SYSTEMPATH\Boot.php(67): CodeIgniter\Boot::runCodeIgniter(Object(CodeIgniter\CodeIgniter))
10 FCPATH\index.php(56): CodeIgniter\Boot::bootWeb(Object(Config\Paths))
WARNING - 2025-04-25 06:59:26 --> [DEPRECATED] Optional parameter $sarray declared before required parameter $id is implicitly treated as a required parameter in APPPATH\Models\NavModel.php on line 25.
 1 SYSTEMPATH\Autoloader\Autoloader.php(316): include_once('E:\\web\\XAMPP\\htdocs\\test\\system\\Debug\\Exceptions.php')
 2 SYSTEMPATH\Autoloader\Autoloader.php(295): CodeIgniter\Autoloader\Autoloader->includeFile('E:\\web\\XAMPP\\htdocs\\test\\app\\Models\\NavModel.php')
 3 SYSTEMPATH\Autoloader\Autoloader.php(271): CodeIgniter\Autoloader\Autoloader->loadInNamespace('App\\Models\\NavModel')
 4 APPPATH\Controllers\Home.php(17): CodeIgniter\Autoloader\Autoloader->loadClass('App\\Models\\NavModel')
 5 SYSTEMPATH\CodeIgniter.php(933): App\Controllers\Home->index()
 6 SYSTEMPATH\CodeIgniter.php(507): CodeIgniter\CodeIgniter->runController(Object(App\Controllers\Home))
 7 SYSTEMPATH\CodeIgniter.php(354): CodeIgniter\CodeIgniter->handleRequest(null, Object(Config\Cache), false)
 8 SYSTEMPATH\Boot.php(334): CodeIgniter\CodeIgniter->run()
 9 SYSTEMPATH\Boot.php(67): CodeIgniter\Boot::runCodeIgniter(Object(CodeIgniter\CodeIgniter))
10 FCPATH\index.php(56): CodeIgniter\Boot::bootWeb(Object(Config\Paths))
WARNING - 2025-04-25 06:59:27 --> [DEPRECATED] Optional parameter $sarray declared before required parameter $id is implicitly treated as a required parameter in APPPATH\Models\NavModel.php on line 17.
 1 SYSTEMPATH\Autoloader\Autoloader.php(316): include_once('E:\\web\\XAMPP\\htdocs\\test\\system\\Debug\\Exceptions.php')
 2 SYSTEMPATH\Autoloader\Autoloader.php(295): CodeIgniter\Autoloader\Autoloader->includeFile('E:\\web\\XAMPP\\htdocs\\test\\app\\Models\\NavModel.php')
 3 SYSTEMPATH\Autoloader\Autoloader.php(271): CodeIgniter\Autoloader\Autoloader->loadInNamespace('App\\Models\\NavModel')
 4 APPPATH\Controllers\Home.php(29): CodeIgniter\Autoloader\Autoloader->loadClass('App\\Models\\NavModel')
 5 SYSTEMPATH\CodeIgniter.php(933): App\Controllers\Home->category('10')
 6 SYSTEMPATH\CodeIgniter.php(507): CodeIgniter\CodeIgniter->runController(Object(App\Controllers\Home))
 7 SYSTEMPATH\CodeIgniter.php(354): CodeIgniter\CodeIgniter->handleRequest(null, Object(Config\Cache), false)
 8 SYSTEMPATH\Boot.php(334): CodeIgniter\CodeIgniter->run()
 9 SYSTEMPATH\Boot.php(67): CodeIgniter\Boot::runCodeIgniter(Object(CodeIgniter\CodeIgniter))
10 FCPATH\index.php(56): CodeIgniter\Boot::bootWeb(Object(Config\Paths))
WARNING - 2025-04-25 06:59:27 --> [DEPRECATED] Optional parameter $sarray declared before required parameter $id is implicitly treated as a required parameter in APPPATH\Models\NavModel.php on line 25.
 1 SYSTEMPATH\Autoloader\Autoloader.php(316): include_once('E:\\web\\XAMPP\\htdocs\\test\\system\\Debug\\Exceptions.php')
 2 SYSTEMPATH\Autoloader\Autoloader.php(295): CodeIgniter\Autoloader\Autoloader->includeFile('E:\\web\\XAMPP\\htdocs\\test\\app\\Models\\NavModel.php')
 3 SYSTEMPATH\Autoloader\Autoloader.php(271): CodeIgniter\Autoloader\Autoloader->loadInNamespace('App\\Models\\NavModel')
 4 APPPATH\Controllers\Home.php(29): CodeIgniter\Autoloader\Autoloader->loadClass('App\\Models\\NavModel')
 5 SYSTEMPATH\CodeIgniter.php(933): App\Controllers\Home->category('10')
 6 SYSTEMPATH\CodeIgniter.php(507): CodeIgniter\CodeIgniter->runController(Object(App\Controllers\Home))
 7 SYSTEMPATH\CodeIgniter.php(354): CodeIgniter\CodeIgniter->handleRequest(null, Object(Config\Cache), false)
 8 SYSTEMPATH\Boot.php(334): CodeIgniter\CodeIgniter->run()
 9 SYSTEMPATH\Boot.php(67): CodeIgniter\Boot::runCodeIgniter(Object(CodeIgniter\CodeIgniter))
10 FCPATH\index.php(56): CodeIgniter\Boot::bootWeb(Object(Config\Paths))
WARNING - 2025-04-25 06:59:27 --> [DEPRECATED] Optional parameter $sarray declared before required parameter $id is implicitly treated as a required parameter in APPPATH\Models\SwiperModel.php on line 23.
 1 SYSTEMPATH\Autoloader\Autoloader.php(316): include_once('E:\\web\\XAMPP\\htdocs\\test\\system\\Debug\\Exceptions.php')
 2 SYSTEMPATH\Autoloader\Autoloader.php(295): CodeIgniter\Autoloader\Autoloader->includeFile('E:\\web\\XAMPP\\htdocs\\test\\app\\Models\\SwiperModel.php')
 3 SYSTEMPATH\Autoloader\Autoloader.php(271): CodeIgniter\Autoloader\Autoloader->loadInNamespace('App\\Models\\SwiperModel')
 4 APPPATH\Controllers\Home.php(30): CodeIgniter\Autoloader\Autoloader->loadClass('App\\Models\\SwiperModel')
 5 SYSTEMPATH\CodeIgniter.php(933): App\Controllers\Home->category('10')
 6 SYSTEMPATH\CodeIgniter.php(507): CodeIgniter\CodeIgniter->runController(Object(App\Controllers\Home))
 7 SYSTEMPATH\CodeIgniter.php(354): CodeIgniter\CodeIgniter->handleRequest(null, Object(Config\Cache), false)
 8 SYSTEMPATH\Boot.php(334): CodeIgniter\CodeIgniter->run()
 9 SYSTEMPATH\Boot.php(67): CodeIgniter\Boot::runCodeIgniter(Object(CodeIgniter\CodeIgniter))
10 FCPATH\index.php(56): CodeIgniter\Boot::bootWeb(Object(Config\Paths))
WARNING - 2025-04-25 06:59:27 --> [DEPRECATED] Optional parameter $sarray declared before required parameter $where2 is implicitly treated as a required parameter in APPPATH\Models\SwiperModel.php on line 32.
 1 SYSTEMPATH\Autoloader\Autoloader.php(316): include_once('E:\\web\\XAMPP\\htdocs\\test\\system\\Debug\\Exceptions.php')
 2 SYSTEMPATH\Autoloader\Autoloader.php(295): CodeIgniter\Autoloader\Autoloader->includeFile('E:\\web\\XAMPP\\htdocs\\test\\app\\Models\\SwiperModel.php')
 3 SYSTEMPATH\Autoloader\Autoloader.php(271): CodeIgniter\Autoloader\Autoloader->loadInNamespace('App\\Models\\SwiperModel')
 4 APPPATH\Controllers\Home.php(30): CodeIgniter\Autoloader\Autoloader->loadClass('App\\Models\\SwiperModel')
 5 SYSTEMPATH\CodeIgniter.php(933): App\Controllers\Home->category('10')
 6 SYSTEMPATH\CodeIgniter.php(507): CodeIgniter\CodeIgniter->runController(Object(App\Controllers\Home))
 7 SYSTEMPATH\CodeIgniter.php(354): CodeIgniter\CodeIgniter->handleRequest(null, Object(Config\Cache), false)
 8 SYSTEMPATH\Boot.php(334): CodeIgniter\CodeIgniter->run()
 9 SYSTEMPATH\Boot.php(67): CodeIgniter\Boot::runCodeIgniter(Object(CodeIgniter\CodeIgniter))
10 FCPATH\index.php(56): CodeIgniter\Boot::bootWeb(Object(Config\Paths))
WARNING - 2025-04-25 06:59:29 --> [DEPRECATED] Optional parameter $sarray declared before required parameter $id is implicitly treated as a required parameter in APPPATH\Models\SwiperModel.php on line 23.
 1 SYSTEMPATH\Autoloader\Autoloader.php(316): include_once('E:\\web\\XAMPP\\htdocs\\test\\system\\Debug\\Exceptions.php')
 2 SYSTEMPATH\Autoloader\Autoloader.php(295): CodeIgniter\Autoloader\Autoloader->includeFile('E:\\web\\XAMPP\\htdocs\\test\\app\\Models\\SwiperModel.php')
 3 SYSTEMPATH\Autoloader\Autoloader.php(271): CodeIgniter\Autoloader\Autoloader->loadInNamespace('App\\Models\\SwiperModel')
 4 APPPATH\Controllers\Home.php(12): CodeIgniter\Autoloader\Autoloader->loadClass('App\\Models\\SwiperModel')
 5 SYSTEMPATH\CodeIgniter.php(933): App\Controllers\Home->index()
 6 SYSTEMPATH\CodeIgniter.php(507): CodeIgniter\CodeIgniter->runController(Object(App\Controllers\Home))
 7 SYSTEMPATH\CodeIgniter.php(354): CodeIgniter\CodeIgniter->handleRequest(null, Object(Config\Cache), false)
 8 SYSTEMPATH\Boot.php(334): CodeIgniter\CodeIgniter->run()
 9 SYSTEMPATH\Boot.php(67): CodeIgniter\Boot::runCodeIgniter(Object(CodeIgniter\CodeIgniter))
10 FCPATH\index.php(56): CodeIgniter\Boot::bootWeb(Object(Config\Paths))
WARNING - 2025-04-25 06:59:29 --> [DEPRECATED] Optional parameter $sarray declared before required parameter $where2 is implicitly treated as a required parameter in APPPATH\Models\SwiperModel.php on line 32.
 1 SYSTEMPATH\Autoloader\Autoloader.php(316): include_once('E:\\web\\XAMPP\\htdocs\\test\\system\\Debug\\Exceptions.php')
 2 SYSTEMPATH\Autoloader\Autoloader.php(295): CodeIgniter\Autoloader\Autoloader->includeFile('E:\\web\\XAMPP\\htdocs\\test\\app\\Models\\SwiperModel.php')
 3 SYSTEMPATH\Autoloader\Autoloader.php(271): CodeIgniter\Autoloader\Autoloader->loadInNamespace('App\\Models\\SwiperModel')
 4 APPPATH\Controllers\Home.php(12): CodeIgniter\Autoloader\Autoloader->loadClass('App\\Models\\SwiperModel')
 5 SYSTEMPATH\CodeIgniter.php(933): App\Controllers\Home->index()
 6 SYSTEMPATH\CodeIgniter.php(507): CodeIgniter\CodeIgniter->runController(Object(App\Controllers\Home))
 7 SYSTEMPATH\CodeIgniter.php(354): CodeIgniter\CodeIgniter->handleRequest(null, Object(Config\Cache), false)
 8 SYSTEMPATH\Boot.php(334): CodeIgniter\CodeIgniter->run()
 9 SYSTEMPATH\Boot.php(67): CodeIgniter\Boot::runCodeIgniter(Object(CodeIgniter\CodeIgniter))
10 FCPATH\index.php(56): CodeIgniter\Boot::bootWeb(Object(Config\Paths))
WARNING - 2025-04-25 06:59:29 --> [DEPRECATED] Optional parameter $sarray declared before required parameter $id is implicitly treated as a required parameter in APPPATH\Models\NavModel.php on line 17.
 1 SYSTEMPATH\Autoloader\Autoloader.php(316): include_once('E:\\web\\XAMPP\\htdocs\\test\\system\\Debug\\Exceptions.php')
 2 SYSTEMPATH\Autoloader\Autoloader.php(295): CodeIgniter\Autoloader\Autoloader->includeFile('E:\\web\\XAMPP\\htdocs\\test\\app\\Models\\NavModel.php')
 3 SYSTEMPATH\Autoloader\Autoloader.php(271): CodeIgniter\Autoloader\Autoloader->loadInNamespace('App\\Models\\NavModel')
 4 APPPATH\Controllers\Home.php(17): CodeIgniter\Autoloader\Autoloader->loadClass('App\\Models\\NavModel')
 5 SYSTEMPATH\CodeIgniter.php(933): App\Controllers\Home->index()
 6 SYSTEMPATH\CodeIgniter.php(507): CodeIgniter\CodeIgniter->runController(Object(App\Controllers\Home))
 7 SYSTEMPATH\CodeIgniter.php(354): CodeIgniter\CodeIgniter->handleRequest(null, Object(Config\Cache), false)
 8 SYSTEMPATH\Boot.php(334): CodeIgniter\CodeIgniter->run()
 9 SYSTEMPATH\Boot.php(67): CodeIgniter\Boot::runCodeIgniter(Object(CodeIgniter\CodeIgniter))
10 FCPATH\index.php(56): CodeIgniter\Boot::bootWeb(Object(Config\Paths))
WARNING - 2025-04-25 06:59:29 --> [DEPRECATED] Optional parameter $sarray declared before required parameter $id is implicitly treated as a required parameter in APPPATH\Models\NavModel.php on line 25.
 1 SYSTEMPATH\Autoloader\Autoloader.php(316): include_once('E:\\web\\XAMPP\\htdocs\\test\\system\\Debug\\Exceptions.php')
 2 SYSTEMPATH\Autoloader\Autoloader.php(295): CodeIgniter\Autoloader\Autoloader->includeFile('E:\\web\\XAMPP\\htdocs\\test\\app\\Models\\NavModel.php')
 3 SYSTEMPATH\Autoloader\Autoloader.php(271): CodeIgniter\Autoloader\Autoloader->loadInNamespace('App\\Models\\NavModel')
 4 APPPATH\Controllers\Home.php(17): CodeIgniter\Autoloader\Autoloader->loadClass('App\\Models\\NavModel')
 5 SYSTEMPATH\CodeIgniter.php(933): App\Controllers\Home->index()
 6 SYSTEMPATH\CodeIgniter.php(507): CodeIgniter\CodeIgniter->runController(Object(App\Controllers\Home))
 7 SYSTEMPATH\CodeIgniter.php(354): CodeIgniter\CodeIgniter->handleRequest(null, Object(Config\Cache), false)
 8 SYSTEMPATH\Boot.php(334): CodeIgniter\CodeIgniter->run()
 9 SYSTEMPATH\Boot.php(67): CodeIgniter\Boot::runCodeIgniter(Object(CodeIgniter\CodeIgniter))
10 FCPATH\index.php(56): CodeIgniter\Boot::bootWeb(Object(Config\Paths))
WARNING - 2025-04-25 06:59:30 --> [DEPRECATED] Optional parameter $sarray declared before required parameter $id is implicitly treated as a required parameter in APPPATH\Models\NavModel.php on line 17.
 1 SYSTEMPATH\Autoloader\Autoloader.php(316): include_once('E:\\web\\XAMPP\\htdocs\\test\\system\\Debug\\Exceptions.php')
 2 SYSTEMPATH\Autoloader\Autoloader.php(295): CodeIgniter\Autoloader\Autoloader->includeFile('E:\\web\\XAMPP\\htdocs\\test\\app\\Models\\NavModel.php')
 3 SYSTEMPATH\Autoloader\Autoloader.php(271): CodeIgniter\Autoloader\Autoloader->loadInNamespace('App\\Models\\NavModel')
 4 APPPATH\Controllers\Home.php(29): CodeIgniter\Autoloader\Autoloader->loadClass('App\\Models\\NavModel')
 5 SYSTEMPATH\CodeIgniter.php(933): App\Controllers\Home->category('1')
 6 SYSTEMPATH\CodeIgniter.php(507): CodeIgniter\CodeIgniter->runController(Object(App\Controllers\Home))
 7 SYSTEMPATH\CodeIgniter.php(354): CodeIgniter\CodeIgniter->handleRequest(null, Object(Config\Cache), false)
 8 SYSTEMPATH\Boot.php(334): CodeIgniter\CodeIgniter->run()
 9 SYSTEMPATH\Boot.php(67): CodeIgniter\Boot::runCodeIgniter(Object(CodeIgniter\CodeIgniter))
10 FCPATH\index.php(56): CodeIgniter\Boot::bootWeb(Object(Config\Paths))
WARNING - 2025-04-25 06:59:30 --> [DEPRECATED] Optional parameter $sarray declared before required parameter $id is implicitly treated as a required parameter in APPPATH\Models\NavModel.php on line 25.
 1 SYSTEMPATH\Autoloader\Autoloader.php(316): include_once('E:\\web\\XAMPP\\htdocs\\test\\system\\Debug\\Exceptions.php')
 2 SYSTEMPATH\Autoloader\Autoloader.php(295): CodeIgniter\Autoloader\Autoloader->includeFile('E:\\web\\XAMPP\\htdocs\\test\\app\\Models\\NavModel.php')
 3 SYSTEMPATH\Autoloader\Autoloader.php(271): CodeIgniter\Autoloader\Autoloader->loadInNamespace('App\\Models\\NavModel')
 4 APPPATH\Controllers\Home.php(29): CodeIgniter\Autoloader\Autoloader->loadClass('App\\Models\\NavModel')
 5 SYSTEMPATH\CodeIgniter.php(933): App\Controllers\Home->category('1')
 6 SYSTEMPATH\CodeIgniter.php(507): CodeIgniter\CodeIgniter->runController(Object(App\Controllers\Home))
 7 SYSTEMPATH\CodeIgniter.php(354): CodeIgniter\CodeIgniter->handleRequest(null, Object(Config\Cache), false)
 8 SYSTEMPATH\Boot.php(334): CodeIgniter\CodeIgniter->run()
 9 SYSTEMPATH\Boot.php(67): CodeIgniter\Boot::runCodeIgniter(Object(CodeIgniter\CodeIgniter))
10 FCPATH\index.php(56): CodeIgniter\Boot::bootWeb(Object(Config\Paths))
WARNING - 2025-04-25 06:59:30 --> [DEPRECATED] Optional parameter $sarray declared before required parameter $id is implicitly treated as a required parameter in APPPATH\Models\SwiperModel.php on line 23.
 1 SYSTEMPATH\Autoloader\Autoloader.php(316): include_once('E:\\web\\XAMPP\\htdocs\\test\\system\\Debug\\Exceptions.php')
 2 SYSTEMPATH\Autoloader\Autoloader.php(295): CodeIgniter\Autoloader\Autoloader->includeFile('E:\\web\\XAMPP\\htdocs\\test\\app\\Models\\SwiperModel.php')
 3 SYSTEMPATH\Autoloader\Autoloader.php(271): CodeIgniter\Autoloader\Autoloader->loadInNamespace('App\\Models\\SwiperModel')
 4 APPPATH\Controllers\Home.php(30): CodeIgniter\Autoloader\Autoloader->loadClass('App\\Models\\SwiperModel')
 5 SYSTEMPATH\CodeIgniter.php(933): App\Controllers\Home->category('1')
 6 SYSTEMPATH\CodeIgniter.php(507): CodeIgniter\CodeIgniter->runController(Object(App\Controllers\Home))
 7 SYSTEMPATH\CodeIgniter.php(354): CodeIgniter\CodeIgniter->handleRequest(null, Object(Config\Cache), false)
 8 SYSTEMPATH\Boot.php(334): CodeIgniter\CodeIgniter->run()
 9 SYSTEMPATH\Boot.php(67): CodeIgniter\Boot::runCodeIgniter(Object(CodeIgniter\CodeIgniter))
10 FCPATH\index.php(56): CodeIgniter\Boot::bootWeb(Object(Config\Paths))
WARNING - 2025-04-25 06:59:30 --> [DEPRECATED] Optional parameter $sarray declared before required parameter $where2 is implicitly treated as a required parameter in APPPATH\Models\SwiperModel.php on line 32.
 1 SYSTEMPATH\Autoloader\Autoloader.php(316): include_once('E:\\web\\XAMPP\\htdocs\\test\\system\\Debug\\Exceptions.php')
 2 SYSTEMPATH\Autoloader\Autoloader.php(295): CodeIgniter\Autoloader\Autoloader->includeFile('E:\\web\\XAMPP\\htdocs\\test\\app\\Models\\SwiperModel.php')
 3 SYSTEMPATH\Autoloader\Autoloader.php(271): CodeIgniter\Autoloader\Autoloader->loadInNamespace('App\\Models\\SwiperModel')
 4 APPPATH\Controllers\Home.php(30): CodeIgniter\Autoloader\Autoloader->loadClass('App\\Models\\SwiperModel')
 5 SYSTEMPATH\CodeIgniter.php(933): App\Controllers\Home->category('1')
 6 SYSTEMPATH\CodeIgniter.php(507): CodeIgniter\CodeIgniter->runController(Object(App\Controllers\Home))
 7 SYSTEMPATH\CodeIgniter.php(354): CodeIgniter\CodeIgniter->handleRequest(null, Object(Config\Cache), false)
 8 SYSTEMPATH\Boot.php(334): CodeIgniter\CodeIgniter->run()
 9 SYSTEMPATH\Boot.php(67): CodeIgniter\Boot::runCodeIgniter(Object(CodeIgniter\CodeIgniter))
10 FCPATH\index.php(56): CodeIgniter\Boot::bootWeb(Object(Config\Paths))
WARNING - 2025-04-25 06:59:33 --> [DEPRECATED] Optional parameter $sarray declared before required parameter $id is implicitly treated as a required parameter in APPPATH\Models\NavModel.php on line 17.
 1 SYSTEMPATH\Autoloader\Autoloader.php(316): include_once('E:\\web\\XAMPP\\htdocs\\test\\system\\Debug\\Exceptions.php')
 2 SYSTEMPATH\Autoloader\Autoloader.php(295): CodeIgniter\Autoloader\Autoloader->includeFile('E:\\web\\XAMPP\\htdocs\\test\\app\\Models\\NavModel.php')
 3 SYSTEMPATH\Autoloader\Autoloader.php(271): CodeIgniter\Autoloader\Autoloader->loadInNamespace('App\\Models\\NavModel')
 4 APPPATH\Controllers\Home.php(29): CodeIgniter\Autoloader\Autoloader->loadClass('App\\Models\\NavModel')
 5 SYSTEMPATH\CodeIgniter.php(933): App\Controllers\Home->category('3')
 6 SYSTEMPATH\CodeIgniter.php(507): CodeIgniter\CodeIgniter->runController(Object(App\Controllers\Home))
 7 SYSTEMPATH\CodeIgniter.php(354): CodeIgniter\CodeIgniter->handleRequest(null, Object(Config\Cache), false)
 8 SYSTEMPATH\Boot.php(334): CodeIgniter\CodeIgniter->run()
 9 SYSTEMPATH\Boot.php(67): CodeIgniter\Boot::runCodeIgniter(Object(CodeIgniter\CodeIgniter))
10 FCPATH\index.php(56): CodeIgniter\Boot::bootWeb(Object(Config\Paths))
WARNING - 2025-04-25 06:59:33 --> [DEPRECATED] Optional parameter $sarray declared before required parameter $id is implicitly treated as a required parameter in APPPATH\Models\NavModel.php on line 25.
 1 SYSTEMPATH\Autoloader\Autoloader.php(316): include_once('E:\\web\\XAMPP\\htdocs\\test\\system\\Debug\\Exceptions.php')
 2 SYSTEMPATH\Autoloader\Autoloader.php(295): CodeIgniter\Autoloader\Autoloader->includeFile('E:\\web\\XAMPP\\htdocs\\test\\app\\Models\\NavModel.php')
 3 SYSTEMPATH\Autoloader\Autoloader.php(271): CodeIgniter\Autoloader\Autoloader->loadInNamespace('App\\Models\\NavModel')
 4 APPPATH\Controllers\Home.php(29): CodeIgniter\Autoloader\Autoloader->loadClass('App\\Models\\NavModel')
 5 SYSTEMPATH\CodeIgniter.php(933): App\Controllers\Home->category('3')
 6 SYSTEMPATH\CodeIgniter.php(507): CodeIgniter\CodeIgniter->runController(Object(App\Controllers\Home))
 7 SYSTEMPATH\CodeIgniter.php(354): CodeIgniter\CodeIgniter->handleRequest(null, Object(Config\Cache), false)
 8 SYSTEMPATH\Boot.php(334): CodeIgniter\CodeIgniter->run()
 9 SYSTEMPATH\Boot.php(67): CodeIgniter\Boot::runCodeIgniter(Object(CodeIgniter\CodeIgniter))
10 FCPATH\index.php(56): CodeIgniter\Boot::bootWeb(Object(Config\Paths))
WARNING - 2025-04-25 06:59:33 --> [DEPRECATED] Optional parameter $sarray declared before required parameter $id is implicitly treated as a required parameter in APPPATH\Models\SwiperModel.php on line 23.
 1 SYSTEMPATH\Autoloader\Autoloader.php(316): include_once('E:\\web\\XAMPP\\htdocs\\test\\system\\Debug\\Exceptions.php')
 2 SYSTEMPATH\Autoloader\Autoloader.php(295): CodeIgniter\Autoloader\Autoloader->includeFile('E:\\web\\XAMPP\\htdocs\\test\\app\\Models\\SwiperModel.php')
 3 SYSTEMPATH\Autoloader\Autoloader.php(271): CodeIgniter\Autoloader\Autoloader->loadInNamespace('App\\Models\\SwiperModel')
 4 APPPATH\Controllers\Home.php(30): CodeIgniter\Autoloader\Autoloader->loadClass('App\\Models\\SwiperModel')
 5 SYSTEMPATH\CodeIgniter.php(933): App\Controllers\Home->category('3')
 6 SYSTEMPATH\CodeIgniter.php(507): CodeIgniter\CodeIgniter->runController(Object(App\Controllers\Home))
 7 SYSTEMPATH\CodeIgniter.php(354): CodeIgniter\CodeIgniter->handleRequest(null, Object(Config\Cache), false)
 8 SYSTEMPATH\Boot.php(334): CodeIgniter\CodeIgniter->run()
 9 SYSTEMPATH\Boot.php(67): CodeIgniter\Boot::runCodeIgniter(Object(CodeIgniter\CodeIgniter))
10 FCPATH\index.php(56): CodeIgniter\Boot::bootWeb(Object(Config\Paths))
WARNING - 2025-04-25 06:59:33 --> [DEPRECATED] Optional parameter $sarray declared before required parameter $where2 is implicitly treated as a required parameter in APPPATH\Models\SwiperModel.php on line 32.
 1 SYSTEMPATH\Autoloader\Autoloader.php(316): include_once('E:\\web\\XAMPP\\htdocs\\test\\system\\Debug\\Exceptions.php')
 2 SYSTEMPATH\Autoloader\Autoloader.php(295): CodeIgniter\Autoloader\Autoloader->includeFile('E:\\web\\XAMPP\\htdocs\\test\\app\\Models\\SwiperModel.php')
 3 SYSTEMPATH\Autoloader\Autoloader.php(271): CodeIgniter\Autoloader\Autoloader->loadInNamespace('App\\Models\\SwiperModel')
 4 APPPATH\Controllers\Home.php(30): CodeIgniter\Autoloader\Autoloader->loadClass('App\\Models\\SwiperModel')
 5 SYSTEMPATH\CodeIgniter.php(933): App\Controllers\Home->category('3')
 6 SYSTEMPATH\CodeIgniter.php(507): CodeIgniter\CodeIgniter->runController(Object(App\Controllers\Home))
 7 SYSTEMPATH\CodeIgniter.php(354): CodeIgniter\CodeIgniter->handleRequest(null, Object(Config\Cache), false)
 8 SYSTEMPATH\Boot.php(334): CodeIgniter\CodeIgniter->run()
 9 SYSTEMPATH\Boot.php(67): CodeIgniter\Boot::runCodeIgniter(Object(CodeIgniter\CodeIgniter))
10 FCPATH\index.php(56): CodeIgniter\Boot::bootWeb(Object(Config\Paths))
WARNING - 2025-04-25 07:04:00 --> [DEPRECATED] Optional parameter $sarray declared before required parameter $id is implicitly treated as a required parameter in APPPATH\Models\SwiperModel.php on line 23.
 1 SYSTEMPATH\Autoloader\Autoloader.php(316): include_once('E:\\web\\XAMPP\\htdocs\\test\\system\\Debug\\Exceptions.php')
 2 SYSTEMPATH\Autoloader\Autoloader.php(295): CodeIgniter\Autoloader\Autoloader->includeFile('E:\\web\\XAMPP\\htdocs\\test\\app\\Models\\SwiperModel.php')
 3 SYSTEMPATH\Autoloader\Autoloader.php(271): CodeIgniter\Autoloader\Autoloader->loadInNamespace('App\\Models\\SwiperModel')
 4 APPPATH\Controllers\Home.php(12): CodeIgniter\Autoloader\Autoloader->loadClass('App\\Models\\SwiperModel')
 5 SYSTEMPATH\CodeIgniter.php(933): App\Controllers\Home->index()
 6 SYSTEMPATH\CodeIgniter.php(507): CodeIgniter\CodeIgniter->runController(Object(App\Controllers\Home))
 7 SYSTEMPATH\CodeIgniter.php(354): CodeIgniter\CodeIgniter->handleRequest(null, Object(Config\Cache), false)
 8 SYSTEMPATH\Boot.php(334): CodeIgniter\CodeIgniter->run()
 9 SYSTEMPATH\Boot.php(67): CodeIgniter\Boot::runCodeIgniter(Object(CodeIgniter\CodeIgniter))
10 FCPATH\index.php(56): CodeIgniter\Boot::bootWeb(Object(Config\Paths))
WARNING - 2025-04-25 07:04:00 --> [DEPRECATED] Optional parameter $sarray declared before required parameter $where2 is implicitly treated as a required parameter in APPPATH\Models\SwiperModel.php on line 32.
 1 SYSTEMPATH\Autoloader\Autoloader.php(316): include_once('E:\\web\\XAMPP\\htdocs\\test\\system\\Debug\\Exceptions.php')
 2 SYSTEMPATH\Autoloader\Autoloader.php(295): CodeIgniter\Autoloader\Autoloader->includeFile('E:\\web\\XAMPP\\htdocs\\test\\app\\Models\\SwiperModel.php')
 3 SYSTEMPATH\Autoloader\Autoloader.php(271): CodeIgniter\Autoloader\Autoloader->loadInNamespace('App\\Models\\SwiperModel')
 4 APPPATH\Controllers\Home.php(12): CodeIgniter\Autoloader\Autoloader->loadClass('App\\Models\\SwiperModel')
 5 SYSTEMPATH\CodeIgniter.php(933): App\Controllers\Home->index()
 6 SYSTEMPATH\CodeIgniter.php(507): CodeIgniter\CodeIgniter->runController(Object(App\Controllers\Home))
 7 SYSTEMPATH\CodeIgniter.php(354): CodeIgniter\CodeIgniter->handleRequest(null, Object(Config\Cache), false)
 8 SYSTEMPATH\Boot.php(334): CodeIgniter\CodeIgniter->run()
 9 SYSTEMPATH\Boot.php(67): CodeIgniter\Boot::runCodeIgniter(Object(CodeIgniter\CodeIgniter))
10 FCPATH\index.php(56): CodeIgniter\Boot::bootWeb(Object(Config\Paths))
WARNING - 2025-04-25 07:04:00 --> [DEPRECATED] Optional parameter $sarray declared before required parameter $id is implicitly treated as a required parameter in APPPATH\Models\NavModel.php on line 17.
 1 SYSTEMPATH\Autoloader\Autoloader.php(316): include_once('E:\\web\\XAMPP\\htdocs\\test\\system\\Debug\\Exceptions.php')
 2 SYSTEMPATH\Autoloader\Autoloader.php(295): CodeIgniter\Autoloader\Autoloader->includeFile('E:\\web\\XAMPP\\htdocs\\test\\app\\Models\\NavModel.php')
 3 SYSTEMPATH\Autoloader\Autoloader.php(271): CodeIgniter\Autoloader\Autoloader->loadInNamespace('App\\Models\\NavModel')
 4 APPPATH\Controllers\Home.php(17): CodeIgniter\Autoloader\Autoloader->loadClass('App\\Models\\NavModel')
 5 SYSTEMPATH\CodeIgniter.php(933): App\Controllers\Home->index()
 6 SYSTEMPATH\CodeIgniter.php(507): CodeIgniter\CodeIgniter->runController(Object(App\Controllers\Home))
 7 SYSTEMPATH\CodeIgniter.php(354): CodeIgniter\CodeIgniter->handleRequest(null, Object(Config\Cache), false)
 8 SYSTEMPATH\Boot.php(334): CodeIgniter\CodeIgniter->run()
 9 SYSTEMPATH\Boot.php(67): CodeIgniter\Boot::runCodeIgniter(Object(CodeIgniter\CodeIgniter))
10 FCPATH\index.php(56): CodeIgniter\Boot::bootWeb(Object(Config\Paths))
WARNING - 2025-04-25 07:04:00 --> [DEPRECATED] Optional parameter $sarray declared before required parameter $id is implicitly treated as a required parameter in APPPATH\Models\NavModel.php on line 25.
 1 SYSTEMPATH\Autoloader\Autoloader.php(316): include_once('E:\\web\\XAMPP\\htdocs\\test\\system\\Debug\\Exceptions.php')
 2 SYSTEMPATH\Autoloader\Autoloader.php(295): CodeIgniter\Autoloader\Autoloader->includeFile('E:\\web\\XAMPP\\htdocs\\test\\app\\Models\\NavModel.php')
 3 SYSTEMPATH\Autoloader\Autoloader.php(271): CodeIgniter\Autoloader\Autoloader->loadInNamespace('App\\Models\\NavModel')
 4 APPPATH\Controllers\Home.php(17): CodeIgniter\Autoloader\Autoloader->loadClass('App\\Models\\NavModel')
 5 SYSTEMPATH\CodeIgniter.php(933): App\Controllers\Home->index()
 6 SYSTEMPATH\CodeIgniter.php(507): CodeIgniter\CodeIgniter->runController(Object(App\Controllers\Home))
 7 SYSTEMPATH\CodeIgniter.php(354): CodeIgniter\CodeIgniter->handleRequest(null, Object(Config\Cache), false)
 8 SYSTEMPATH\Boot.php(334): CodeIgniter\CodeIgniter->run()
 9 SYSTEMPATH\Boot.php(67): CodeIgniter\Boot::runCodeIgniter(Object(CodeIgniter\CodeIgniter))
10 FCPATH\index.php(56): CodeIgniter\Boot::bootWeb(Object(Config\Paths))
CRITICAL - 2025-04-25 07:04:00 --> ParseError: syntax error, unexpected token ";", expecting ")"
[Method: GET, Route: /]
in APPPATH\Views\index.php on line 55.
 1 SYSTEMPATH\View\View.php(227): CodeIgniter\View\View->CodeIgniter\View\{closure}()
 2 SYSTEMPATH\Common.php(1173): CodeIgniter\View\View->render('index', [], true)
 3 APPPATH\Controllers\Home.php(23): view('index', [...])
 4 SYSTEMPATH\CodeIgniter.php(933): App\Controllers\Home->index()
 5 SYSTEMPATH\CodeIgniter.php(507): CodeIgniter\CodeIgniter->runController(Object(App\Controllers\Home))
 6 SYSTEMPATH\CodeIgniter.php(354): CodeIgniter\CodeIgniter->handleRequest(null, Object(Config\Cache), false)
 7 SYSTEMPATH\Boot.php(334): CodeIgniter\CodeIgniter->run()
 8 SYSTEMPATH\Boot.php(67): CodeIgniter\Boot::runCodeIgniter(Object(CodeIgniter\CodeIgniter))
 9 FCPATH\index.php(56): CodeIgniter\Boot::bootWeb(Object(Config\Paths))
WARNING - 2025-04-25 07:04:01 --> [DEPRECATED] Optional parameter $sarray declared before required parameter $id is implicitly treated as a required parameter in APPPATH\Models\SwiperModel.php on line 23.
 1 SYSTEMPATH\Autoloader\Autoloader.php(316): include_once('E:\\web\\XAMPP\\htdocs\\test\\system\\Debug\\Exceptions.php')
 2 SYSTEMPATH\Autoloader\Autoloader.php(295): CodeIgniter\Autoloader\Autoloader->includeFile('E:\\web\\XAMPP\\htdocs\\test\\app\\Models\\SwiperModel.php')
 3 SYSTEMPATH\Autoloader\Autoloader.php(271): CodeIgniter\Autoloader\Autoloader->loadInNamespace('App\\Models\\SwiperModel')
 4 APPPATH\Controllers\Home.php(12): CodeIgniter\Autoloader\Autoloader->loadClass('App\\Models\\SwiperModel')
 5 SYSTEMPATH\CodeIgniter.php(933): App\Controllers\Home->index()
 6 SYSTEMPATH\CodeIgniter.php(507): CodeIgniter\CodeIgniter->runController(Object(App\Controllers\Home))
 7 SYSTEMPATH\CodeIgniter.php(354): CodeIgniter\CodeIgniter->handleRequest(null, Object(Config\Cache), false)
 8 SYSTEMPATH\Boot.php(334): CodeIgniter\CodeIgniter->run()
 9 SYSTEMPATH\Boot.php(67): CodeIgniter\Boot::runCodeIgniter(Object(CodeIgniter\CodeIgniter))
10 FCPATH\index.php(56): CodeIgniter\Boot::bootWeb(Object(Config\Paths))
WARNING - 2025-04-25 07:04:01 --> [DEPRECATED] Optional parameter $sarray declared before required parameter $where2 is implicitly treated as a required parameter in APPPATH\Models\SwiperModel.php on line 32.
 1 SYSTEMPATH\Autoloader\Autoloader.php(316): include_once('E:\\web\\XAMPP\\htdocs\\test\\system\\Debug\\Exceptions.php')
 2 SYSTEMPATH\Autoloader\Autoloader.php(295): CodeIgniter\Autoloader\Autoloader->includeFile('E:\\web\\XAMPP\\htdocs\\test\\app\\Models\\SwiperModel.php')
 3 SYSTEMPATH\Autoloader\Autoloader.php(271): CodeIgniter\Autoloader\Autoloader->loadInNamespace('App\\Models\\SwiperModel')
 4 APPPATH\Controllers\Home.php(12): CodeIgniter\Autoloader\Autoloader->loadClass('App\\Models\\SwiperModel')
 5 SYSTEMPATH\CodeIgniter.php(933): App\Controllers\Home->index()
 6 SYSTEMPATH\CodeIgniter.php(507): CodeIgniter\CodeIgniter->runController(Object(App\Controllers\Home))
 7 SYSTEMPATH\CodeIgniter.php(354): CodeIgniter\CodeIgniter->handleRequest(null, Object(Config\Cache), false)
 8 SYSTEMPATH\Boot.php(334): CodeIgniter\CodeIgniter->run()
 9 SYSTEMPATH\Boot.php(67): CodeIgniter\Boot::runCodeIgniter(Object(CodeIgniter\CodeIgniter))
10 FCPATH\index.php(56): CodeIgniter\Boot::bootWeb(Object(Config\Paths))
WARNING - 2025-04-25 07:04:01 --> [DEPRECATED] Optional parameter $sarray declared before required parameter $id is implicitly treated as a required parameter in APPPATH\Models\NavModel.php on line 17.
 1 SYSTEMPATH\Autoloader\Autoloader.php(316): include_once('E:\\web\\XAMPP\\htdocs\\test\\system\\Debug\\Exceptions.php')
 2 SYSTEMPATH\Autoloader\Autoloader.php(295): CodeIgniter\Autoloader\Autoloader->includeFile('E:\\web\\XAMPP\\htdocs\\test\\app\\Models\\NavModel.php')
 3 SYSTEMPATH\Autoloader\Autoloader.php(271): CodeIgniter\Autoloader\Autoloader->loadInNamespace('App\\Models\\NavModel')
 4 APPPATH\Controllers\Home.php(17): CodeIgniter\Autoloader\Autoloader->loadClass('App\\Models\\NavModel')
 5 SYSTEMPATH\CodeIgniter.php(933): App\Controllers\Home->index()
 6 SYSTEMPATH\CodeIgniter.php(507): CodeIgniter\CodeIgniter->runController(Object(App\Controllers\Home))
 7 SYSTEMPATH\CodeIgniter.php(354): CodeIgniter\CodeIgniter->handleRequest(null, Object(Config\Cache), false)
 8 SYSTEMPATH\Boot.php(334): CodeIgniter\CodeIgniter->run()
 9 SYSTEMPATH\Boot.php(67): CodeIgniter\Boot::runCodeIgniter(Object(CodeIgniter\CodeIgniter))
10 FCPATH\index.php(56): CodeIgniter\Boot::bootWeb(Object(Config\Paths))
WARNING - 2025-04-25 07:04:01 --> [DEPRECATED] Optional parameter $sarray declared before required parameter $id is implicitly treated as a required parameter in APPPATH\Models\NavModel.php on line 25.
 1 SYSTEMPATH\Autoloader\Autoloader.php(316): include_once('E:\\web\\XAMPP\\htdocs\\test\\system\\Debug\\Exceptions.php')
 2 SYSTEMPATH\Autoloader\Autoloader.php(295): CodeIgniter\Autoloader\Autoloader->includeFile('E:\\web\\XAMPP\\htdocs\\test\\app\\Models\\NavModel.php')
 3 SYSTEMPATH\Autoloader\Autoloader.php(271): CodeIgniter\Autoloader\Autoloader->loadInNamespace('App\\Models\\NavModel')
 4 APPPATH\Controllers\Home.php(17): CodeIgniter\Autoloader\Autoloader->loadClass('App\\Models\\NavModel')
 5 SYSTEMPATH\CodeIgniter.php(933): App\Controllers\Home->index()
 6 SYSTEMPATH\CodeIgniter.php(507): CodeIgniter\CodeIgniter->runController(Object(App\Controllers\Home))
 7 SYSTEMPATH\CodeIgniter.php(354): CodeIgniter\CodeIgniter->handleRequest(null, Object(Config\Cache), false)
 8 SYSTEMPATH\Boot.php(334): CodeIgniter\CodeIgniter->run()
 9 SYSTEMPATH\Boot.php(67): CodeIgniter\Boot::runCodeIgniter(Object(CodeIgniter\CodeIgniter))
10 FCPATH\index.php(56): CodeIgniter\Boot::bootWeb(Object(Config\Paths))
CRITICAL - 2025-04-25 07:04:01 --> ParseError: syntax error, unexpected token ";", expecting ")"
[Method: GET, Route: /]
in APPPATH\Views\index.php on line 55.
 1 SYSTEMPATH\View\View.php(227): CodeIgniter\View\View->CodeIgniter\View\{closure}()
 2 SYSTEMPATH\Common.php(1173): CodeIgniter\View\View->render('index', [], true)
 3 APPPATH\Controllers\Home.php(23): view('index', [...])
 4 SYSTEMPATH\CodeIgniter.php(933): App\Controllers\Home->index()
 5 SYSTEMPATH\CodeIgniter.php(507): CodeIgniter\CodeIgniter->runController(Object(App\Controllers\Home))
 6 SYSTEMPATH\CodeIgniter.php(354): CodeIgniter\CodeIgniter->handleRequest(null, Object(Config\Cache), false)
 7 SYSTEMPATH\Boot.php(334): CodeIgniter\CodeIgniter->run()
 8 SYSTEMPATH\Boot.php(67): CodeIgniter\Boot::runCodeIgniter(Object(CodeIgniter\CodeIgniter))
 9 FCPATH\index.php(56): CodeIgniter\Boot::bootWeb(Object(Config\Paths))
WARNING - 2025-04-25 07:04:27 --> [DEPRECATED] Optional parameter $sarray declared before required parameter $id is implicitly treated as a required parameter in APPPATH\Models\SwiperModel.php on line 23.
 1 SYSTEMPATH\Autoloader\Autoloader.php(316): include_once('E:\\web\\XAMPP\\htdocs\\test\\system\\Debug\\Exceptions.php')
 2 SYSTEMPATH\Autoloader\Autoloader.php(295): CodeIgniter\Autoloader\Autoloader->includeFile('E:\\web\\XAMPP\\htdocs\\test\\app\\Models\\SwiperModel.php')
 3 SYSTEMPATH\Autoloader\Autoloader.php(271): CodeIgniter\Autoloader\Autoloader->loadInNamespace('App\\Models\\SwiperModel')
 4 APPPATH\Controllers\Home.php(12): CodeIgniter\Autoloader\Autoloader->loadClass('App\\Models\\SwiperModel')
 5 SYSTEMPATH\CodeIgniter.php(933): App\Controllers\Home->index()
 6 SYSTEMPATH\CodeIgniter.php(507): CodeIgniter\CodeIgniter->runController(Object(App\Controllers\Home))
 7 SYSTEMPATH\CodeIgniter.php(354): CodeIgniter\CodeIgniter->handleRequest(null, Object(Config\Cache), false)
 8 SYSTEMPATH\Boot.php(334): CodeIgniter\CodeIgniter->run()
 9 SYSTEMPATH\Boot.php(67): CodeIgniter\Boot::runCodeIgniter(Object(CodeIgniter\CodeIgniter))
10 FCPATH\index.php(56): CodeIgniter\Boot::bootWeb(Object(Config\Paths))
WARNING - 2025-04-25 07:04:27 --> [DEPRECATED] Optional parameter $sarray declared before required parameter $where2 is implicitly treated as a required parameter in APPPATH\Models\SwiperModel.php on line 32.
 1 SYSTEMPATH\Autoloader\Autoloader.php(316): include_once('E:\\web\\XAMPP\\htdocs\\test\\system\\Debug\\Exceptions.php')
 2 SYSTEMPATH\Autoloader\Autoloader.php(295): CodeIgniter\Autoloader\Autoloader->includeFile('E:\\web\\XAMPP\\htdocs\\test\\app\\Models\\SwiperModel.php')
 3 SYSTEMPATH\Autoloader\Autoloader.php(271): CodeIgniter\Autoloader\Autoloader->loadInNamespace('App\\Models\\SwiperModel')
 4 APPPATH\Controllers\Home.php(12): CodeIgniter\Autoloader\Autoloader->loadClass('App\\Models\\SwiperModel')
 5 SYSTEMPATH\CodeIgniter.php(933): App\Controllers\Home->index()
 6 SYSTEMPATH\CodeIgniter.php(507): CodeIgniter\CodeIgniter->runController(Object(App\Controllers\Home))
 7 SYSTEMPATH\CodeIgniter.php(354): CodeIgniter\CodeIgniter->handleRequest(null, Object(Config\Cache), false)
 8 SYSTEMPATH\Boot.php(334): CodeIgniter\CodeIgniter->run()
 9 SYSTEMPATH\Boot.php(67): CodeIgniter\Boot::runCodeIgniter(Object(CodeIgniter\CodeIgniter))
10 FCPATH\index.php(56): CodeIgniter\Boot::bootWeb(Object(Config\Paths))
WARNING - 2025-04-25 07:04:28 --> [DEPRECATED] Optional parameter $sarray declared before required parameter $id is implicitly treated as a required parameter in APPPATH\Models\NavModel.php on line 17.
 1 SYSTEMPATH\Autoloader\Autoloader.php(316): include_once('E:\\web\\XAMPP\\htdocs\\test\\system\\Debug\\Exceptions.php')
 2 SYSTEMPATH\Autoloader\Autoloader.php(295): CodeIgniter\Autoloader\Autoloader->includeFile('E:\\web\\XAMPP\\htdocs\\test\\app\\Models\\NavModel.php')
 3 SYSTEMPATH\Autoloader\Autoloader.php(271): CodeIgniter\Autoloader\Autoloader->loadInNamespace('App\\Models\\NavModel')
 4 APPPATH\Controllers\Home.php(17): CodeIgniter\Autoloader\Autoloader->loadClass('App\\Models\\NavModel')
 5 SYSTEMPATH\CodeIgniter.php(933): App\Controllers\Home->index()
 6 SYSTEMPATH\CodeIgniter.php(507): CodeIgniter\CodeIgniter->runController(Object(App\Controllers\Home))
 7 SYSTEMPATH\CodeIgniter.php(354): CodeIgniter\CodeIgniter->handleRequest(null, Object(Config\Cache), false)
 8 SYSTEMPATH\Boot.php(334): CodeIgniter\CodeIgniter->run()
 9 SYSTEMPATH\Boot.php(67): CodeIgniter\Boot::runCodeIgniter(Object(CodeIgniter\CodeIgniter))
10 FCPATH\index.php(56): CodeIgniter\Boot::bootWeb(Object(Config\Paths))
WARNING - 2025-04-25 07:04:28 --> [DEPRECATED] Optional parameter $sarray declared before required parameter $id is implicitly treated as a required parameter in APPPATH\Models\NavModel.php on line 25.
 1 SYSTEMPATH\Autoloader\Autoloader.php(316): include_once('E:\\web\\XAMPP\\htdocs\\test\\system\\Debug\\Exceptions.php')
 2 SYSTEMPATH\Autoloader\Autoloader.php(295): CodeIgniter\Autoloader\Autoloader->includeFile('E:\\web\\XAMPP\\htdocs\\test\\app\\Models\\NavModel.php')
 3 SYSTEMPATH\Autoloader\Autoloader.php(271): CodeIgniter\Autoloader\Autoloader->loadInNamespace('App\\Models\\NavModel')
 4 APPPATH\Controllers\Home.php(17): CodeIgniter\Autoloader\Autoloader->loadClass('App\\Models\\NavModel')
 5 SYSTEMPATH\CodeIgniter.php(933): App\Controllers\Home->index()
 6 SYSTEMPATH\CodeIgniter.php(507): CodeIgniter\CodeIgniter->runController(Object(App\Controllers\Home))
 7 SYSTEMPATH\CodeIgniter.php(354): CodeIgniter\CodeIgniter->handleRequest(null, Object(Config\Cache), false)
 8 SYSTEMPATH\Boot.php(334): CodeIgniter\CodeIgniter->run()
 9 SYSTEMPATH\Boot.php(67): CodeIgniter\Boot::runCodeIgniter(Object(CodeIgniter\CodeIgniter))
10 FCPATH\index.php(56): CodeIgniter\Boot::bootWeb(Object(Config\Paths))
CRITICAL - 2025-04-25 07:04:28 --> ParseError: syntax error, unexpected token ";"
[Method: GET, Route: /]
in APPPATH\Views\index.php on line 49.
 1 SYSTEMPATH\View\View.php(227): CodeIgniter\View\View->CodeIgniter\View\{closure}()
 2 SYSTEMPATH\Common.php(1173): CodeIgniter\View\View->render('index', [], true)
 3 APPPATH\Controllers\Home.php(23): view('index', [...])
 4 SYSTEMPATH\CodeIgniter.php(933): App\Controllers\Home->index()
 5 SYSTEMPATH\CodeIgniter.php(507): CodeIgniter\CodeIgniter->runController(Object(App\Controllers\Home))
 6 SYSTEMPATH\CodeIgniter.php(354): CodeIgniter\CodeIgniter->handleRequest(null, Object(Config\Cache), false)
 7 SYSTEMPATH\Boot.php(334): CodeIgniter\CodeIgniter->run()
 8 SYSTEMPATH\Boot.php(67): CodeIgniter\Boot::runCodeIgniter(Object(CodeIgniter\CodeIgniter))
 9 FCPATH\index.php(56): CodeIgniter\Boot::bootWeb(Object(Config\Paths))
WARNING - 2025-04-25 07:04:33 --> [DEPRECATED] Optional parameter $sarray declared before required parameter $id is implicitly treated as a required parameter in APPPATH\Models\SwiperModel.php on line 23.
 1 SYSTEMPATH\Autoloader\Autoloader.php(316): include_once('E:\\web\\XAMPP\\htdocs\\test\\system\\Debug\\Exceptions.php')
 2 SYSTEMPATH\Autoloader\Autoloader.php(295): CodeIgniter\Autoloader\Autoloader->includeFile('E:\\web\\XAMPP\\htdocs\\test\\app\\Models\\SwiperModel.php')
 3 SYSTEMPATH\Autoloader\Autoloader.php(271): CodeIgniter\Autoloader\Autoloader->loadInNamespace('App\\Models\\SwiperModel')
 4 APPPATH\Controllers\Home.php(12): CodeIgniter\Autoloader\Autoloader->loadClass('App\\Models\\SwiperModel')
 5 SYSTEMPATH\CodeIgniter.php(933): App\Controllers\Home->index()
 6 SYSTEMPATH\CodeIgniter.php(507): CodeIgniter\CodeIgniter->runController(Object(App\Controllers\Home))
 7 SYSTEMPATH\CodeIgniter.php(354): CodeIgniter\CodeIgniter->handleRequest(null, Object(Config\Cache), false)
 8 SYSTEMPATH\Boot.php(334): CodeIgniter\CodeIgniter->run()
 9 SYSTEMPATH\Boot.php(67): CodeIgniter\Boot::runCodeIgniter(Object(CodeIgniter\CodeIgniter))
10 FCPATH\index.php(56): CodeIgniter\Boot::bootWeb(Object(Config\Paths))
WARNING - 2025-04-25 07:04:33 --> [DEPRECATED] Optional parameter $sarray declared before required parameter $where2 is implicitly treated as a required parameter in APPPATH\Models\SwiperModel.php on line 32.
 1 SYSTEMPATH\Autoloader\Autoloader.php(316): include_once('E:\\web\\XAMPP\\htdocs\\test\\system\\Debug\\Exceptions.php')
 2 SYSTEMPATH\Autoloader\Autoloader.php(295): CodeIgniter\Autoloader\Autoloader->includeFile('E:\\web\\XAMPP\\htdocs\\test\\app\\Models\\SwiperModel.php')
 3 SYSTEMPATH\Autoloader\Autoloader.php(271): CodeIgniter\Autoloader\Autoloader->loadInNamespace('App\\Models\\SwiperModel')
 4 APPPATH\Controllers\Home.php(12): CodeIgniter\Autoloader\Autoloader->loadClass('App\\Models\\SwiperModel')
 5 SYSTEMPATH\CodeIgniter.php(933): App\Controllers\Home->index()
 6 SYSTEMPATH\CodeIgniter.php(507): CodeIgniter\CodeIgniter->runController(Object(App\Controllers\Home))
 7 SYSTEMPATH\CodeIgniter.php(354): CodeIgniter\CodeIgniter->handleRequest(null, Object(Config\Cache), false)
 8 SYSTEMPATH\Boot.php(334): CodeIgniter\CodeIgniter->run()
 9 SYSTEMPATH\Boot.php(67): CodeIgniter\Boot::runCodeIgniter(Object(CodeIgniter\CodeIgniter))
10 FCPATH\index.php(56): CodeIgniter\Boot::bootWeb(Object(Config\Paths))
WARNING - 2025-04-25 07:04:33 --> [DEPRECATED] Optional parameter $sarray declared before required parameter $id is implicitly treated as a required parameter in APPPATH\Models\NavModel.php on line 17.
 1 SYSTEMPATH\Autoloader\Autoloader.php(316): include_once('E:\\web\\XAMPP\\htdocs\\test\\system\\Debug\\Exceptions.php')
 2 SYSTEMPATH\Autoloader\Autoloader.php(295): CodeIgniter\Autoloader\Autoloader->includeFile('E:\\web\\XAMPP\\htdocs\\test\\app\\Models\\NavModel.php')
 3 SYSTEMPATH\Autoloader\Autoloader.php(271): CodeIgniter\Autoloader\Autoloader->loadInNamespace('App\\Models\\NavModel')
 4 APPPATH\Controllers\Home.php(17): CodeIgniter\Autoloader\Autoloader->loadClass('App\\Models\\NavModel')
 5 SYSTEMPATH\CodeIgniter.php(933): App\Controllers\Home->index()
 6 SYSTEMPATH\CodeIgniter.php(507): CodeIgniter\CodeIgniter->runController(Object(App\Controllers\Home))
 7 SYSTEMPATH\CodeIgniter.php(354): CodeIgniter\CodeIgniter->handleRequest(null, Object(Config\Cache), false)
 8 SYSTEMPATH\Boot.php(334): CodeIgniter\CodeIgniter->run()
 9 SYSTEMPATH\Boot.php(67): CodeIgniter\Boot::runCodeIgniter(Object(CodeIgniter\CodeIgniter))
10 FCPATH\index.php(56): CodeIgniter\Boot::bootWeb(Object(Config\Paths))
WARNING - 2025-04-25 07:04:34 --> [DEPRECATED] Optional parameter $sarray declared before required parameter $id is implicitly treated as a required parameter in APPPATH\Models\NavModel.php on line 25.
 1 SYSTEMPATH\Autoloader\Autoloader.php(316): include_once('E:\\web\\XAMPP\\htdocs\\test\\system\\Debug\\Exceptions.php')
 2 SYSTEMPATH\Autoloader\Autoloader.php(295): CodeIgniter\Autoloader\Autoloader->includeFile('E:\\web\\XAMPP\\htdocs\\test\\app\\Models\\NavModel.php')
 3 SYSTEMPATH\Autoloader\Autoloader.php(271): CodeIgniter\Autoloader\Autoloader->loadInNamespace('App\\Models\\NavModel')
 4 APPPATH\Controllers\Home.php(17): CodeIgniter\Autoloader\Autoloader->loadClass('App\\Models\\NavModel')
 5 SYSTEMPATH\CodeIgniter.php(933): App\Controllers\Home->index()
 6 SYSTEMPATH\CodeIgniter.php(507): CodeIgniter\CodeIgniter->runController(Object(App\Controllers\Home))
 7 SYSTEMPATH\CodeIgniter.php(354): CodeIgniter\CodeIgniter->handleRequest(null, Object(Config\Cache), false)
 8 SYSTEMPATH\Boot.php(334): CodeIgniter\CodeIgniter->run()
 9 SYSTEMPATH\Boot.php(67): CodeIgniter\Boot::runCodeIgniter(Object(CodeIgniter\CodeIgniter))
10 FCPATH\index.php(56): CodeIgniter\Boot::bootWeb(Object(Config\Paths))
CRITICAL - 2025-04-25 07:04:34 --> ParseError: syntax error, unexpected token ";"
[Method: GET, Route: /]
in APPPATH\Views\index.php on line 49.
 1 SYSTEMPATH\View\View.php(227): CodeIgniter\View\View->CodeIgniter\View\{closure}()
 2 SYSTEMPATH\Common.php(1173): CodeIgniter\View\View->render('index', [], true)
 3 APPPATH\Controllers\Home.php(23): view('index', [...])
 4 SYSTEMPATH\CodeIgniter.php(933): App\Controllers\Home->index()
 5 SYSTEMPATH\CodeIgniter.php(507): CodeIgniter\CodeIgniter->runController(Object(App\Controllers\Home))
 6 SYSTEMPATH\CodeIgniter.php(354): CodeIgniter\CodeIgniter->handleRequest(null, Object(Config\Cache), false)
 7 SYSTEMPATH\Boot.php(334): CodeIgniter\CodeIgniter->run()
 8 SYSTEMPATH\Boot.php(67): CodeIgniter\Boot::runCodeIgniter(Object(CodeIgniter\CodeIgniter))
 9 FCPATH\index.php(56): CodeIgniter\Boot::bootWeb(Object(Config\Paths))
WARNING - 2025-04-25 07:04:35 --> [DEPRECATED] Optional parameter $sarray declared before required parameter $id is implicitly treated as a required parameter in APPPATH\Models\SwiperModel.php on line 23.
 1 SYSTEMPATH\Autoloader\Autoloader.php(316): include_once('E:\\web\\XAMPP\\htdocs\\test\\system\\Debug\\Exceptions.php')
 2 SYSTEMPATH\Autoloader\Autoloader.php(295): CodeIgniter\Autoloader\Autoloader->includeFile('E:\\web\\XAMPP\\htdocs\\test\\app\\Models\\SwiperModel.php')
 3 SYSTEMPATH\Autoloader\Autoloader.php(271): CodeIgniter\Autoloader\Autoloader->loadInNamespace('App\\Models\\SwiperModel')
 4 APPPATH\Controllers\Home.php(12): CodeIgniter\Autoloader\Autoloader->loadClass('App\\Models\\SwiperModel')
 5 SYSTEMPATH\CodeIgniter.php(933): App\Controllers\Home->index()
 6 SYSTEMPATH\CodeIgniter.php(507): CodeIgniter\CodeIgniter->runController(Object(App\Controllers\Home))
 7 SYSTEMPATH\CodeIgniter.php(354): CodeIgniter\CodeIgniter->handleRequest(null, Object(Config\Cache), false)
 8 SYSTEMPATH\Boot.php(334): CodeIgniter\CodeIgniter->run()
 9 SYSTEMPATH\Boot.php(67): CodeIgniter\Boot::runCodeIgniter(Object(CodeIgniter\CodeIgniter))
10 FCPATH\index.php(56): CodeIgniter\Boot::bootWeb(Object(Config\Paths))
WARNING - 2025-04-25 07:04:35 --> [DEPRECATED] Optional parameter $sarray declared before required parameter $where2 is implicitly treated as a required parameter in APPPATH\Models\SwiperModel.php on line 32.
 1 SYSTEMPATH\Autoloader\Autoloader.php(316): include_once('E:\\web\\XAMPP\\htdocs\\test\\system\\Debug\\Exceptions.php')
 2 SYSTEMPATH\Autoloader\Autoloader.php(295): CodeIgniter\Autoloader\Autoloader->includeFile('E:\\web\\XAMPP\\htdocs\\test\\app\\Models\\SwiperModel.php')
 3 SYSTEMPATH\Autoloader\Autoloader.php(271): CodeIgniter\Autoloader\Autoloader->loadInNamespace('App\\Models\\SwiperModel')
 4 APPPATH\Controllers\Home.php(12): CodeIgniter\Autoloader\Autoloader->loadClass('App\\Models\\SwiperModel')
 5 SYSTEMPATH\CodeIgniter.php(933): App\Controllers\Home->index()
 6 SYSTEMPATH\CodeIgniter.php(507): CodeIgniter\CodeIgniter->runController(Object(App\Controllers\Home))
 7 SYSTEMPATH\CodeIgniter.php(354): CodeIgniter\CodeIgniter->handleRequest(null, Object(Config\Cache), false)
 8 SYSTEMPATH\Boot.php(334): CodeIgniter\CodeIgniter->run()
 9 SYSTEMPATH\Boot.php(67): CodeIgniter\Boot::runCodeIgniter(Object(CodeIgniter\CodeIgniter))
10 FCPATH\index.php(56): CodeIgniter\Boot::bootWeb(Object(Config\Paths))
WARNING - 2025-04-25 07:04:35 --> [DEPRECATED] Optional parameter $sarray declared before required parameter $id is implicitly treated as a required parameter in APPPATH\Models\NavModel.php on line 17.
 1 SYSTEMPATH\Autoloader\Autoloader.php(316): include_once('E:\\web\\XAMPP\\htdocs\\test\\system\\Debug\\Exceptions.php')
 2 SYSTEMPATH\Autoloader\Autoloader.php(295): CodeIgniter\Autoloader\Autoloader->includeFile('E:\\web\\XAMPP\\htdocs\\test\\app\\Models\\NavModel.php')
 3 SYSTEMPATH\Autoloader\Autoloader.php(271): CodeIgniter\Autoloader\Autoloader->loadInNamespace('App\\Models\\NavModel')
 4 APPPATH\Controllers\Home.php(17): CodeIgniter\Autoloader\Autoloader->loadClass('App\\Models\\NavModel')
 5 SYSTEMPATH\CodeIgniter.php(933): App\Controllers\Home->index()
 6 SYSTEMPATH\CodeIgniter.php(507): CodeIgniter\CodeIgniter->runController(Object(App\Controllers\Home))
 7 SYSTEMPATH\CodeIgniter.php(354): CodeIgniter\CodeIgniter->handleRequest(null, Object(Config\Cache), false)
 8 SYSTEMPATH\Boot.php(334): CodeIgniter\CodeIgniter->run()
 9 SYSTEMPATH\Boot.php(67): CodeIgniter\Boot::runCodeIgniter(Object(CodeIgniter\CodeIgniter))
10 FCPATH\index.php(56): CodeIgniter\Boot::bootWeb(Object(Config\Paths))
WARNING - 2025-04-25 07:04:35 --> [DEPRECATED] Optional parameter $sarray declared before required parameter $id is implicitly treated as a required parameter in APPPATH\Models\NavModel.php on line 25.
 1 SYSTEMPATH\Autoloader\Autoloader.php(316): include_once('E:\\web\\XAMPP\\htdocs\\test\\system\\Debug\\Exceptions.php')
 2 SYSTEMPATH\Autoloader\Autoloader.php(295): CodeIgniter\Autoloader\Autoloader->includeFile('E:\\web\\XAMPP\\htdocs\\test\\app\\Models\\NavModel.php')
 3 SYSTEMPATH\Autoloader\Autoloader.php(271): CodeIgniter\Autoloader\Autoloader->loadInNamespace('App\\Models\\NavModel')
 4 APPPATH\Controllers\Home.php(17): CodeIgniter\Autoloader\Autoloader->loadClass('App\\Models\\NavModel')
 5 SYSTEMPATH\CodeIgniter.php(933): App\Controllers\Home->index()
 6 SYSTEMPATH\CodeIgniter.php(507): CodeIgniter\CodeIgniter->runController(Object(App\Controllers\Home))
 7 SYSTEMPATH\CodeIgniter.php(354): CodeIgniter\CodeIgniter->handleRequest(null, Object(Config\Cache), false)
 8 SYSTEMPATH\Boot.php(334): CodeIgniter\CodeIgniter->run()
 9 SYSTEMPATH\Boot.php(67): CodeIgniter\Boot::runCodeIgniter(Object(CodeIgniter\CodeIgniter))
10 FCPATH\index.php(56): CodeIgniter\Boot::bootWeb(Object(Config\Paths))
CRITICAL - 2025-04-25 07:04:35 --> ParseError: syntax error, unexpected token ";"
[Method: GET, Route: /]
in APPPATH\Views\index.php on line 49.
 1 SYSTEMPATH\View\View.php(227): CodeIgniter\View\View->CodeIgniter\View\{closure}()
 2 SYSTEMPATH\Common.php(1173): CodeIgniter\View\View->render('index', [], true)
 3 APPPATH\Controllers\Home.php(23): view('index', [...])
 4 SYSTEMPATH\CodeIgniter.php(933): App\Controllers\Home->index()
 5 SYSTEMPATH\CodeIgniter.php(507): CodeIgniter\CodeIgniter->runController(Object(App\Controllers\Home))
 6 SYSTEMPATH\CodeIgniter.php(354): CodeIgniter\CodeIgniter->handleRequest(null, Object(Config\Cache), false)
 7 SYSTEMPATH\Boot.php(334): CodeIgniter\CodeIgniter->run()
 8 SYSTEMPATH\Boot.php(67): CodeIgniter\Boot::runCodeIgniter(Object(CodeIgniter\CodeIgniter))
 9 FCPATH\index.php(56): CodeIgniter\Boot::bootWeb(Object(Config\Paths))
WARNING - 2025-04-25 07:04:48 --> [DEPRECATED] Optional parameter $sarray declared before required parameter $id is implicitly treated as a required parameter in APPPATH\Models\SwiperModel.php on line 23.
 1 SYSTEMPATH\Autoloader\Autoloader.php(316): include_once('E:\\web\\XAMPP\\htdocs\\test\\system\\Debug\\Exceptions.php')
 2 SYSTEMPATH\Autoloader\Autoloader.php(295): CodeIgniter\Autoloader\Autoloader->includeFile('E:\\web\\XAMPP\\htdocs\\test\\app\\Models\\SwiperModel.php')
 3 SYSTEMPATH\Autoloader\Autoloader.php(271): CodeIgniter\Autoloader\Autoloader->loadInNamespace('App\\Models\\SwiperModel')
 4 APPPATH\Controllers\Home.php(12): CodeIgniter\Autoloader\Autoloader->loadClass('App\\Models\\SwiperModel')
 5 SYSTEMPATH\CodeIgniter.php(933): App\Controllers\Home->index()
 6 SYSTEMPATH\CodeIgniter.php(507): CodeIgniter\CodeIgniter->runController(Object(App\Controllers\Home))
 7 SYSTEMPATH\CodeIgniter.php(354): CodeIgniter\CodeIgniter->handleRequest(null, Object(Config\Cache), false)
 8 SYSTEMPATH\Boot.php(334): CodeIgniter\CodeIgniter->run()
 9 SYSTEMPATH\Boot.php(67): CodeIgniter\Boot::runCodeIgniter(Object(CodeIgniter\CodeIgniter))
10 FCPATH\index.php(56): CodeIgniter\Boot::bootWeb(Object(Config\Paths))
WARNING - 2025-04-25 07:04:48 --> [DEPRECATED] Optional parameter $sarray declared before required parameter $where2 is implicitly treated as a required parameter in APPPATH\Models\SwiperModel.php on line 32.
 1 SYSTEMPATH\Autoloader\Autoloader.php(316): include_once('E:\\web\\XAMPP\\htdocs\\test\\system\\Debug\\Exceptions.php')
 2 SYSTEMPATH\Autoloader\Autoloader.php(295): CodeIgniter\Autoloader\Autoloader->includeFile('E:\\web\\XAMPP\\htdocs\\test\\app\\Models\\SwiperModel.php')
 3 SYSTEMPATH\Autoloader\Autoloader.php(271): CodeIgniter\Autoloader\Autoloader->loadInNamespace('App\\Models\\SwiperModel')
 4 APPPATH\Controllers\Home.php(12): CodeIgniter\Autoloader\Autoloader->loadClass('App\\Models\\SwiperModel')
 5 SYSTEMPATH\CodeIgniter.php(933): App\Controllers\Home->index()
 6 SYSTEMPATH\CodeIgniter.php(507): CodeIgniter\CodeIgniter->runController(Object(App\Controllers\Home))
 7 SYSTEMPATH\CodeIgniter.php(354): CodeIgniter\CodeIgniter->handleRequest(null, Object(Config\Cache), false)
 8 SYSTEMPATH\Boot.php(334): CodeIgniter\CodeIgniter->run()
 9 SYSTEMPATH\Boot.php(67): CodeIgniter\Boot::runCodeIgniter(Object(CodeIgniter\CodeIgniter))
10 FCPATH\index.php(56): CodeIgniter\Boot::bootWeb(Object(Config\Paths))
WARNING - 2025-04-25 07:04:48 --> [DEPRECATED] Optional parameter $sarray declared before required parameter $id is implicitly treated as a required parameter in APPPATH\Models\NavModel.php on line 17.
 1 SYSTEMPATH\Autoloader\Autoloader.php(316): include_once('E:\\web\\XAMPP\\htdocs\\test\\system\\Debug\\Exceptions.php')
 2 SYSTEMPATH\Autoloader\Autoloader.php(295): CodeIgniter\Autoloader\Autoloader->includeFile('E:\\web\\XAMPP\\htdocs\\test\\app\\Models\\NavModel.php')
 3 SYSTEMPATH\Autoloader\Autoloader.php(271): CodeIgniter\Autoloader\Autoloader->loadInNamespace('App\\Models\\NavModel')
 4 APPPATH\Controllers\Home.php(17): CodeIgniter\Autoloader\Autoloader->loadClass('App\\Models\\NavModel')
 5 SYSTEMPATH\CodeIgniter.php(933): App\Controllers\Home->index()
 6 SYSTEMPATH\CodeIgniter.php(507): CodeIgniter\CodeIgniter->runController(Object(App\Controllers\Home))
 7 SYSTEMPATH\CodeIgniter.php(354): CodeIgniter\CodeIgniter->handleRequest(null, Object(Config\Cache), false)
 8 SYSTEMPATH\Boot.php(334): CodeIgniter\CodeIgniter->run()
 9 SYSTEMPATH\Boot.php(67): CodeIgniter\Boot::runCodeIgniter(Object(CodeIgniter\CodeIgniter))
10 FCPATH\index.php(56): CodeIgniter\Boot::bootWeb(Object(Config\Paths))
WARNING - 2025-04-25 07:04:48 --> [DEPRECATED] Optional parameter $sarray declared before required parameter $id is implicitly treated as a required parameter in APPPATH\Models\NavModel.php on line 25.
 1 SYSTEMPATH\Autoloader\Autoloader.php(316): include_once('E:\\web\\XAMPP\\htdocs\\test\\system\\Debug\\Exceptions.php')
 2 SYSTEMPATH\Autoloader\Autoloader.php(295): CodeIgniter\Autoloader\Autoloader->includeFile('E:\\web\\XAMPP\\htdocs\\test\\app\\Models\\NavModel.php')
 3 SYSTEMPATH\Autoloader\Autoloader.php(271): CodeIgniter\Autoloader\Autoloader->loadInNamespace('App\\Models\\NavModel')
 4 APPPATH\Controllers\Home.php(17): CodeIgniter\Autoloader\Autoloader->loadClass('App\\Models\\NavModel')
 5 SYSTEMPATH\CodeIgniter.php(933): App\Controllers\Home->index()
 6 SYSTEMPATH\CodeIgniter.php(507): CodeIgniter\CodeIgniter->runController(Object(App\Controllers\Home))
 7 SYSTEMPATH\CodeIgniter.php(354): CodeIgniter\CodeIgniter->handleRequest(null, Object(Config\Cache), false)
 8 SYSTEMPATH\Boot.php(334): CodeIgniter\CodeIgniter->run()
 9 SYSTEMPATH\Boot.php(67): CodeIgniter\Boot::runCodeIgniter(Object(CodeIgniter\CodeIgniter))
10 FCPATH\index.php(56): CodeIgniter\Boot::bootWeb(Object(Config\Paths))
CRITICAL - 2025-04-25 07:04:48 --> ParseError: syntax error, unexpected token ";"
[Method: GET, Route: /]
in APPPATH\Views\index.php on line 49.
 1 SYSTEMPATH\View\View.php(227): CodeIgniter\View\View->CodeIgniter\View\{closure}()
 2 SYSTEMPATH\Common.php(1173): CodeIgniter\View\View->render('index', [], true)
 3 APPPATH\Controllers\Home.php(23): view('index', [...])
 4 SYSTEMPATH\CodeIgniter.php(933): App\Controllers\Home->index()
 5 SYSTEMPATH\CodeIgniter.php(507): CodeIgniter\CodeIgniter->runController(Object(App\Controllers\Home))
 6 SYSTEMPATH\CodeIgniter.php(354): CodeIgniter\CodeIgniter->handleRequest(null, Object(Config\Cache), false)
 7 SYSTEMPATH\Boot.php(334): CodeIgniter\CodeIgniter->run()
 8 SYSTEMPATH\Boot.php(67): CodeIgniter\Boot::runCodeIgniter(Object(CodeIgniter\CodeIgniter))
 9 FCPATH\index.php(56): CodeIgniter\Boot::bootWeb(Object(Config\Paths))
WARNING - 2025-04-25 07:04:49 --> [DEPRECATED] Optional parameter $sarray declared before required parameter $id is implicitly treated as a required parameter in APPPATH\Models\SwiperModel.php on line 23.
 1 SYSTEMPATH\Autoloader\Autoloader.php(316): include_once('E:\\web\\XAMPP\\htdocs\\test\\system\\Debug\\Exceptions.php')
 2 SYSTEMPATH\Autoloader\Autoloader.php(295): CodeIgniter\Autoloader\Autoloader->includeFile('E:\\web\\XAMPP\\htdocs\\test\\app\\Models\\SwiperModel.php')
 3 SYSTEMPATH\Autoloader\Autoloader.php(271): CodeIgniter\Autoloader\Autoloader->loadInNamespace('App\\Models\\SwiperModel')
 4 APPPATH\Controllers\Home.php(12): CodeIgniter\Autoloader\Autoloader->loadClass('App\\Models\\SwiperModel')
 5 SYSTEMPATH\CodeIgniter.php(933): App\Controllers\Home->index()
 6 SYSTEMPATH\CodeIgniter.php(507): CodeIgniter\CodeIgniter->runController(Object(App\Controllers\Home))
 7 SYSTEMPATH\CodeIgniter.php(354): CodeIgniter\CodeIgniter->handleRequest(null, Object(Config\Cache), false)
 8 SYSTEMPATH\Boot.php(334): CodeIgniter\CodeIgniter->run()
 9 SYSTEMPATH\Boot.php(67): CodeIgniter\Boot::runCodeIgniter(Object(CodeIgniter\CodeIgniter))
10 FCPATH\index.php(56): CodeIgniter\Boot::bootWeb(Object(Config\Paths))
WARNING - 2025-04-25 07:04:49 --> [DEPRECATED] Optional parameter $sarray declared before required parameter $where2 is implicitly treated as a required parameter in APPPATH\Models\SwiperModel.php on line 32.
 1 SYSTEMPATH\Autoloader\Autoloader.php(316): include_once('E:\\web\\XAMPP\\htdocs\\test\\system\\Debug\\Exceptions.php')
 2 SYSTEMPATH\Autoloader\Autoloader.php(295): CodeIgniter\Autoloader\Autoloader->includeFile('E:\\web\\XAMPP\\htdocs\\test\\app\\Models\\SwiperModel.php')
 3 SYSTEMPATH\Autoloader\Autoloader.php(271): CodeIgniter\Autoloader\Autoloader->loadInNamespace('App\\Models\\SwiperModel')
 4 APPPATH\Controllers\Home.php(12): CodeIgniter\Autoloader\Autoloader->loadClass('App\\Models\\SwiperModel')
 5 SYSTEMPATH\CodeIgniter.php(933): App\Controllers\Home->index()
 6 SYSTEMPATH\CodeIgniter.php(507): CodeIgniter\CodeIgniter->runController(Object(App\Controllers\Home))
 7 SYSTEMPATH\CodeIgniter.php(354): CodeIgniter\CodeIgniter->handleRequest(null, Object(Config\Cache), false)
 8 SYSTEMPATH\Boot.php(334): CodeIgniter\CodeIgniter->run()
 9 SYSTEMPATH\Boot.php(67): CodeIgniter\Boot::runCodeIgniter(Object(CodeIgniter\CodeIgniter))
10 FCPATH\index.php(56): CodeIgniter\Boot::bootWeb(Object(Config\Paths))
WARNING - 2025-04-25 07:04:49 --> [DEPRECATED] Optional parameter $sarray declared before required parameter $id is implicitly treated as a required parameter in APPPATH\Models\NavModel.php on line 17.
 1 SYSTEMPATH\Autoloader\Autoloader.php(316): include_once('E:\\web\\XAMPP\\htdocs\\test\\system\\Debug\\Exceptions.php')
 2 SYSTEMPATH\Autoloader\Autoloader.php(295): CodeIgniter\Autoloader\Autoloader->includeFile('E:\\web\\XAMPP\\htdocs\\test\\app\\Models\\NavModel.php')
 3 SYSTEMPATH\Autoloader\Autoloader.php(271): CodeIgniter\Autoloader\Autoloader->loadInNamespace('App\\Models\\NavModel')
 4 APPPATH\Controllers\Home.php(17): CodeIgniter\Autoloader\Autoloader->loadClass('App\\Models\\NavModel')
 5 SYSTEMPATH\CodeIgniter.php(933): App\Controllers\Home->index()
 6 SYSTEMPATH\CodeIgniter.php(507): CodeIgniter\CodeIgniter->runController(Object(App\Controllers\Home))
 7 SYSTEMPATH\CodeIgniter.php(354): CodeIgniter\CodeIgniter->handleRequest(null, Object(Config\Cache), false)
 8 SYSTEMPATH\Boot.php(334): CodeIgniter\CodeIgniter->run()
 9 SYSTEMPATH\Boot.php(67): CodeIgniter\Boot::runCodeIgniter(Object(CodeIgniter\CodeIgniter))
10 FCPATH\index.php(56): CodeIgniter\Boot::bootWeb(Object(Config\Paths))
WARNING - 2025-04-25 07:04:49 --> [DEPRECATED] Optional parameter $sarray declared before required parameter $id is implicitly treated as a required parameter in APPPATH\Models\NavModel.php on line 25.
 1 SYSTEMPATH\Autoloader\Autoloader.php(316): include_once('E:\\web\\XAMPP\\htdocs\\test\\system\\Debug\\Exceptions.php')
 2 SYSTEMPATH\Autoloader\Autoloader.php(295): CodeIgniter\Autoloader\Autoloader->includeFile('E:\\web\\XAMPP\\htdocs\\test\\app\\Models\\NavModel.php')
 3 SYSTEMPATH\Autoloader\Autoloader.php(271): CodeIgniter\Autoloader\Autoloader->loadInNamespace('App\\Models\\NavModel')
 4 APPPATH\Controllers\Home.php(17): CodeIgniter\Autoloader\Autoloader->loadClass('App\\Models\\NavModel')
 5 SYSTEMPATH\CodeIgniter.php(933): App\Controllers\Home->index()
 6 SYSTEMPATH\CodeIgniter.php(507): CodeIgniter\CodeIgniter->runController(Object(App\Controllers\Home))
 7 SYSTEMPATH\CodeIgniter.php(354): CodeIgniter\CodeIgniter->handleRequest(null, Object(Config\Cache), false)
 8 SYSTEMPATH\Boot.php(334): CodeIgniter\CodeIgniter->run()
 9 SYSTEMPATH\Boot.php(67): CodeIgniter\Boot::runCodeIgniter(Object(CodeIgniter\CodeIgniter))
10 FCPATH\index.php(56): CodeIgniter\Boot::bootWeb(Object(Config\Paths))
CRITICAL - 2025-04-25 07:04:49 --> ParseError: syntax error, unexpected token ";"
[Method: GET, Route: /]
in APPPATH\Views\index.php on line 49.
 1 SYSTEMPATH\View\View.php(227): CodeIgniter\View\View->CodeIgniter\View\{closure}()
 2 SYSTEMPATH\Common.php(1173): CodeIgniter\View\View->render('index', [], true)
 3 APPPATH\Controllers\Home.php(23): view('index', [...])
 4 SYSTEMPATH\CodeIgniter.php(933): App\Controllers\Home->index()
 5 SYSTEMPATH\CodeIgniter.php(507): CodeIgniter\CodeIgniter->runController(Object(App\Controllers\Home))
 6 SYSTEMPATH\CodeIgniter.php(354): CodeIgniter\CodeIgniter->handleRequest(null, Object(Config\Cache), false)
 7 SYSTEMPATH\Boot.php(334): CodeIgniter\CodeIgniter->run()
 8 SYSTEMPATH\Boot.php(67): CodeIgniter\Boot::runCodeIgniter(Object(CodeIgniter\CodeIgniter))
 9 FCPATH\index.php(56): CodeIgniter\Boot::bootWeb(Object(Config\Paths))
WARNING - 2025-04-25 07:05:14 --> [DEPRECATED] Optional parameter $sarray declared before required parameter $id is implicitly treated as a required parameter in APPPATH\Models\SwiperModel.php on line 23.
 1 SYSTEMPATH\Autoloader\Autoloader.php(316): include_once('E:\\web\\XAMPP\\htdocs\\test\\system\\Debug\\Exceptions.php')
 2 SYSTEMPATH\Autoloader\Autoloader.php(295): CodeIgniter\Autoloader\Autoloader->includeFile('E:\\web\\XAMPP\\htdocs\\test\\app\\Models\\SwiperModel.php')
 3 SYSTEMPATH\Autoloader\Autoloader.php(271): CodeIgniter\Autoloader\Autoloader->loadInNamespace('App\\Models\\SwiperModel')
 4 APPPATH\Controllers\Home.php(12): CodeIgniter\Autoloader\Autoloader->loadClass('App\\Models\\SwiperModel')
 5 SYSTEMPATH\CodeIgniter.php(933): App\Controllers\Home->index()
 6 SYSTEMPATH\CodeIgniter.php(507): CodeIgniter\CodeIgniter->runController(Object(App\Controllers\Home))
 7 SYSTEMPATH\CodeIgniter.php(354): CodeIgniter\CodeIgniter->handleRequest(null, Object(Config\Cache), false)
 8 SYSTEMPATH\Boot.php(334): CodeIgniter\CodeIgniter->run()
 9 SYSTEMPATH\Boot.php(67): CodeIgniter\Boot::runCodeIgniter(Object(CodeIgniter\CodeIgniter))
10 FCPATH\index.php(56): CodeIgniter\Boot::bootWeb(Object(Config\Paths))
WARNING - 2025-04-25 07:05:14 --> [DEPRECATED] Optional parameter $sarray declared before required parameter $where2 is implicitly treated as a required parameter in APPPATH\Models\SwiperModel.php on line 32.
 1 SYSTEMPATH\Autoloader\Autoloader.php(316): include_once('E:\\web\\XAMPP\\htdocs\\test\\system\\Debug\\Exceptions.php')
 2 SYSTEMPATH\Autoloader\Autoloader.php(295): CodeIgniter\Autoloader\Autoloader->includeFile('E:\\web\\XAMPP\\htdocs\\test\\app\\Models\\SwiperModel.php')
 3 SYSTEMPATH\Autoloader\Autoloader.php(271): CodeIgniter\Autoloader\Autoloader->loadInNamespace('App\\Models\\SwiperModel')
 4 APPPATH\Controllers\Home.php(12): CodeIgniter\Autoloader\Autoloader->loadClass('App\\Models\\SwiperModel')
 5 SYSTEMPATH\CodeIgniter.php(933): App\Controllers\Home->index()
 6 SYSTEMPATH\CodeIgniter.php(507): CodeIgniter\CodeIgniter->runController(Object(App\Controllers\Home))
 7 SYSTEMPATH\CodeIgniter.php(354): CodeIgniter\CodeIgniter->handleRequest(null, Object(Config\Cache), false)
 8 SYSTEMPATH\Boot.php(334): CodeIgniter\CodeIgniter->run()
 9 SYSTEMPATH\Boot.php(67): CodeIgniter\Boot::runCodeIgniter(Object(CodeIgniter\CodeIgniter))
10 FCPATH\index.php(56): CodeIgniter\Boot::bootWeb(Object(Config\Paths))
WARNING - 2025-04-25 07:05:14 --> [DEPRECATED] Optional parameter $sarray declared before required parameter $id is implicitly treated as a required parameter in APPPATH\Models\NavModel.php on line 17.
 1 SYSTEMPATH\Autoloader\Autoloader.php(316): include_once('E:\\web\\XAMPP\\htdocs\\test\\system\\Debug\\Exceptions.php')
 2 SYSTEMPATH\Autoloader\Autoloader.php(295): CodeIgniter\Autoloader\Autoloader->includeFile('E:\\web\\XAMPP\\htdocs\\test\\app\\Models\\NavModel.php')
 3 SYSTEMPATH\Autoloader\Autoloader.php(271): CodeIgniter\Autoloader\Autoloader->loadInNamespace('App\\Models\\NavModel')
 4 APPPATH\Controllers\Home.php(17): CodeIgniter\Autoloader\Autoloader->loadClass('App\\Models\\NavModel')
 5 SYSTEMPATH\CodeIgniter.php(933): App\Controllers\Home->index()
 6 SYSTEMPATH\CodeIgniter.php(507): CodeIgniter\CodeIgniter->runController(Object(App\Controllers\Home))
 7 SYSTEMPATH\CodeIgniter.php(354): CodeIgniter\CodeIgniter->handleRequest(null, Object(Config\Cache), false)
 8 SYSTEMPATH\Boot.php(334): CodeIgniter\CodeIgniter->run()
 9 SYSTEMPATH\Boot.php(67): CodeIgniter\Boot::runCodeIgniter(Object(CodeIgniter\CodeIgniter))
10 FCPATH\index.php(56): CodeIgniter\Boot::bootWeb(Object(Config\Paths))
WARNING - 2025-04-25 07:05:14 --> [DEPRECATED] Optional parameter $sarray declared before required parameter $id is implicitly treated as a required parameter in APPPATH\Models\NavModel.php on line 25.
 1 SYSTEMPATH\Autoloader\Autoloader.php(316): include_once('E:\\web\\XAMPP\\htdocs\\test\\system\\Debug\\Exceptions.php')
 2 SYSTEMPATH\Autoloader\Autoloader.php(295): CodeIgniter\Autoloader\Autoloader->includeFile('E:\\web\\XAMPP\\htdocs\\test\\app\\Models\\NavModel.php')
 3 SYSTEMPATH\Autoloader\Autoloader.php(271): CodeIgniter\Autoloader\Autoloader->loadInNamespace('App\\Models\\NavModel')
 4 APPPATH\Controllers\Home.php(17): CodeIgniter\Autoloader\Autoloader->loadClass('App\\Models\\NavModel')
 5 SYSTEMPATH\CodeIgniter.php(933): App\Controllers\Home->index()
 6 SYSTEMPATH\CodeIgniter.php(507): CodeIgniter\CodeIgniter->runController(Object(App\Controllers\Home))
 7 SYSTEMPATH\CodeIgniter.php(354): CodeIgniter\CodeIgniter->handleRequest(null, Object(Config\Cache), false)
 8 SYSTEMPATH\Boot.php(334): CodeIgniter\CodeIgniter->run()
 9 SYSTEMPATH\Boot.php(67): CodeIgniter\Boot::runCodeIgniter(Object(CodeIgniter\CodeIgniter))
10 FCPATH\index.php(56): CodeIgniter\Boot::bootWeb(Object(Config\Paths))
CRITICAL - 2025-04-25 07:05:14 --> ParseError: syntax error, unexpected token ";", expecting ")"
[Method: GET, Route: /]
in APPPATH\Views\index.php on line 55.
 1 SYSTEMPATH\View\View.php(227): CodeIgniter\View\View->CodeIgniter\View\{closure}()
 2 SYSTEMPATH\Common.php(1173): CodeIgniter\View\View->render('index', [], true)
 3 APPPATH\Controllers\Home.php(23): view('index', [...])
 4 SYSTEMPATH\CodeIgniter.php(933): App\Controllers\Home->index()
 5 SYSTEMPATH\CodeIgniter.php(507): CodeIgniter\CodeIgniter->runController(Object(App\Controllers\Home))
 6 SYSTEMPATH\CodeIgniter.php(354): CodeIgniter\CodeIgniter->handleRequest(null, Object(Config\Cache), false)
 7 SYSTEMPATH\Boot.php(334): CodeIgniter\CodeIgniter->run()
 8 SYSTEMPATH\Boot.php(67): CodeIgniter\Boot::runCodeIgniter(Object(CodeIgniter\CodeIgniter))
 9 FCPATH\index.php(56): CodeIgniter\Boot::bootWeb(Object(Config\Paths))
WARNING - 2025-04-25 07:05:21 --> [DEPRECATED] Optional parameter $sarray declared before required parameter $id is implicitly treated as a required parameter in APPPATH\Models\SwiperModel.php on line 23.
 1 SYSTEMPATH\Autoloader\Autoloader.php(316): include_once('E:\\web\\XAMPP\\htdocs\\test\\system\\Debug\\Exceptions.php')
 2 SYSTEMPATH\Autoloader\Autoloader.php(295): CodeIgniter\Autoloader\Autoloader->includeFile('E:\\web\\XAMPP\\htdocs\\test\\app\\Models\\SwiperModel.php')
 3 SYSTEMPATH\Autoloader\Autoloader.php(271): CodeIgniter\Autoloader\Autoloader->loadInNamespace('App\\Models\\SwiperModel')
 4 APPPATH\Controllers\Home.php(12): CodeIgniter\Autoloader\Autoloader->loadClass('App\\Models\\SwiperModel')
 5 SYSTEMPATH\CodeIgniter.php(933): App\Controllers\Home->index()
 6 SYSTEMPATH\CodeIgniter.php(507): CodeIgniter\CodeIgniter->runController(Object(App\Controllers\Home))
 7 SYSTEMPATH\CodeIgniter.php(354): CodeIgniter\CodeIgniter->handleRequest(null, Object(Config\Cache), false)
 8 SYSTEMPATH\Boot.php(334): CodeIgniter\CodeIgniter->run()
 9 SYSTEMPATH\Boot.php(67): CodeIgniter\Boot::runCodeIgniter(Object(CodeIgniter\CodeIgniter))
10 FCPATH\index.php(56): CodeIgniter\Boot::bootWeb(Object(Config\Paths))
WARNING - 2025-04-25 07:05:21 --> [DEPRECATED] Optional parameter $sarray declared before required parameter $where2 is implicitly treated as a required parameter in APPPATH\Models\SwiperModel.php on line 32.
 1 SYSTEMPATH\Autoloader\Autoloader.php(316): include_once('E:\\web\\XAMPP\\htdocs\\test\\system\\Debug\\Exceptions.php')
 2 SYSTEMPATH\Autoloader\Autoloader.php(295): CodeIgniter\Autoloader\Autoloader->includeFile('E:\\web\\XAMPP\\htdocs\\test\\app\\Models\\SwiperModel.php')
 3 SYSTEMPATH\Autoloader\Autoloader.php(271): CodeIgniter\Autoloader\Autoloader->loadInNamespace('App\\Models\\SwiperModel')
 4 APPPATH\Controllers\Home.php(12): CodeIgniter\Autoloader\Autoloader->loadClass('App\\Models\\SwiperModel')
 5 SYSTEMPATH\CodeIgniter.php(933): App\Controllers\Home->index()
 6 SYSTEMPATH\CodeIgniter.php(507): CodeIgniter\CodeIgniter->runController(Object(App\Controllers\Home))
 7 SYSTEMPATH\CodeIgniter.php(354): CodeIgniter\CodeIgniter->handleRequest(null, Object(Config\Cache), false)
 8 SYSTEMPATH\Boot.php(334): CodeIgniter\CodeIgniter->run()
 9 SYSTEMPATH\Boot.php(67): CodeIgniter\Boot::runCodeIgniter(Object(CodeIgniter\CodeIgniter))
10 FCPATH\index.php(56): CodeIgniter\Boot::bootWeb(Object(Config\Paths))
WARNING - 2025-04-25 07:05:21 --> [DEPRECATED] Optional parameter $sarray declared before required parameter $id is implicitly treated as a required parameter in APPPATH\Models\NavModel.php on line 17.
 1 SYSTEMPATH\Autoloader\Autoloader.php(316): include_once('E:\\web\\XAMPP\\htdocs\\test\\system\\Debug\\Exceptions.php')
 2 SYSTEMPATH\Autoloader\Autoloader.php(295): CodeIgniter\Autoloader\Autoloader->includeFile('E:\\web\\XAMPP\\htdocs\\test\\app\\Models\\NavModel.php')
 3 SYSTEMPATH\Autoloader\Autoloader.php(271): CodeIgniter\Autoloader\Autoloader->loadInNamespace('App\\Models\\NavModel')
 4 APPPATH\Controllers\Home.php(17): CodeIgniter\Autoloader\Autoloader->loadClass('App\\Models\\NavModel')
 5 SYSTEMPATH\CodeIgniter.php(933): App\Controllers\Home->index()
 6 SYSTEMPATH\CodeIgniter.php(507): CodeIgniter\CodeIgniter->runController(Object(App\Controllers\Home))
 7 SYSTEMPATH\CodeIgniter.php(354): CodeIgniter\CodeIgniter->handleRequest(null, Object(Config\Cache), false)
 8 SYSTEMPATH\Boot.php(334): CodeIgniter\CodeIgniter->run()
 9 SYSTEMPATH\Boot.php(67): CodeIgniter\Boot::runCodeIgniter(Object(CodeIgniter\CodeIgniter))
10 FCPATH\index.php(56): CodeIgniter\Boot::bootWeb(Object(Config\Paths))
WARNING - 2025-04-25 07:05:21 --> [DEPRECATED] Optional parameter $sarray declared before required parameter $id is implicitly treated as a required parameter in APPPATH\Models\NavModel.php on line 25.
 1 SYSTEMPATH\Autoloader\Autoloader.php(316): include_once('E:\\web\\XAMPP\\htdocs\\test\\system\\Debug\\Exceptions.php')
 2 SYSTEMPATH\Autoloader\Autoloader.php(295): CodeIgniter\Autoloader\Autoloader->includeFile('E:\\web\\XAMPP\\htdocs\\test\\app\\Models\\NavModel.php')
 3 SYSTEMPATH\Autoloader\Autoloader.php(271): CodeIgniter\Autoloader\Autoloader->loadInNamespace('App\\Models\\NavModel')
 4 APPPATH\Controllers\Home.php(17): CodeIgniter\Autoloader\Autoloader->loadClass('App\\Models\\NavModel')
 5 SYSTEMPATH\CodeIgniter.php(933): App\Controllers\Home->index()
 6 SYSTEMPATH\CodeIgniter.php(507): CodeIgniter\CodeIgniter->runController(Object(App\Controllers\Home))
 7 SYSTEMPATH\CodeIgniter.php(354): CodeIgniter\CodeIgniter->handleRequest(null, Object(Config\Cache), false)
 8 SYSTEMPATH\Boot.php(334): CodeIgniter\CodeIgniter->run()
 9 SYSTEMPATH\Boot.php(67): CodeIgniter\Boot::runCodeIgniter(Object(CodeIgniter\CodeIgniter))
10 FCPATH\index.php(56): CodeIgniter\Boot::bootWeb(Object(Config\Paths))
CRITICAL - 2025-04-25 07:05:21 --> ParseError: syntax error, unexpected token ";", expecting ")"
[Method: GET, Route: /]
in APPPATH\Views\index.php on line 55.
 1 SYSTEMPATH\View\View.php(227): CodeIgniter\View\View->CodeIgniter\View\{closure}()
 2 SYSTEMPATH\Common.php(1173): CodeIgniter\View\View->render('index', [], true)
 3 APPPATH\Controllers\Home.php(23): view('index', [...])
 4 SYSTEMPATH\CodeIgniter.php(933): App\Controllers\Home->index()
 5 SYSTEMPATH\CodeIgniter.php(507): CodeIgniter\CodeIgniter->runController(Object(App\Controllers\Home))
 6 SYSTEMPATH\CodeIgniter.php(354): CodeIgniter\CodeIgniter->handleRequest(null, Object(Config\Cache), false)
 7 SYSTEMPATH\Boot.php(334): CodeIgniter\CodeIgniter->run()
 8 SYSTEMPATH\Boot.php(67): CodeIgniter\Boot::runCodeIgniter(Object(CodeIgniter\CodeIgniter))
 9 FCPATH\index.php(56): CodeIgniter\Boot::bootWeb(Object(Config\Paths))
WARNING - 2025-04-25 07:05:23 --> [DEPRECATED] Optional parameter $sarray declared before required parameter $id is implicitly treated as a required parameter in APPPATH\Models\SwiperModel.php on line 23.
 1 SYSTEMPATH\Autoloader\Autoloader.php(316): include_once('E:\\web\\XAMPP\\htdocs\\test\\system\\Debug\\Exceptions.php')
 2 SYSTEMPATH\Autoloader\Autoloader.php(295): CodeIgniter\Autoloader\Autoloader->includeFile('E:\\web\\XAMPP\\htdocs\\test\\app\\Models\\SwiperModel.php')
 3 SYSTEMPATH\Autoloader\Autoloader.php(271): CodeIgniter\Autoloader\Autoloader->loadInNamespace('App\\Models\\SwiperModel')
 4 APPPATH\Controllers\Home.php(12): CodeIgniter\Autoloader\Autoloader->loadClass('App\\Models\\SwiperModel')
 5 SYSTEMPATH\CodeIgniter.php(933): App\Controllers\Home->index()
 6 SYSTEMPATH\CodeIgniter.php(507): CodeIgniter\CodeIgniter->runController(Object(App\Controllers\Home))
 7 SYSTEMPATH\CodeIgniter.php(354): CodeIgniter\CodeIgniter->handleRequest(null, Object(Config\Cache), false)
 8 SYSTEMPATH\Boot.php(334): CodeIgniter\CodeIgniter->run()
 9 SYSTEMPATH\Boot.php(67): CodeIgniter\Boot::runCodeIgniter(Object(CodeIgniter\CodeIgniter))
10 FCPATH\index.php(56): CodeIgniter\Boot::bootWeb(Object(Config\Paths))
WARNING - 2025-04-25 07:05:23 --> [DEPRECATED] Optional parameter $sarray declared before required parameter $where2 is implicitly treated as a required parameter in APPPATH\Models\SwiperModel.php on line 32.
 1 SYSTEMPATH\Autoloader\Autoloader.php(316): include_once('E:\\web\\XAMPP\\htdocs\\test\\system\\Debug\\Exceptions.php')
 2 SYSTEMPATH\Autoloader\Autoloader.php(295): CodeIgniter\Autoloader\Autoloader->includeFile('E:\\web\\XAMPP\\htdocs\\test\\app\\Models\\SwiperModel.php')
 3 SYSTEMPATH\Autoloader\Autoloader.php(271): CodeIgniter\Autoloader\Autoloader->loadInNamespace('App\\Models\\SwiperModel')
 4 APPPATH\Controllers\Home.php(12): CodeIgniter\Autoloader\Autoloader->loadClass('App\\Models\\SwiperModel')
 5 SYSTEMPATH\CodeIgniter.php(933): App\Controllers\Home->index()
 6 SYSTEMPATH\CodeIgniter.php(507): CodeIgniter\CodeIgniter->runController(Object(App\Controllers\Home))
 7 SYSTEMPATH\CodeIgniter.php(354): CodeIgniter\CodeIgniter->handleRequest(null, Object(Config\Cache), false)
 8 SYSTEMPATH\Boot.php(334): CodeIgniter\CodeIgniter->run()
 9 SYSTEMPATH\Boot.php(67): CodeIgniter\Boot::runCodeIgniter(Object(CodeIgniter\CodeIgniter))
10 FCPATH\index.php(56): CodeIgniter\Boot::bootWeb(Object(Config\Paths))
WARNING - 2025-04-25 07:05:23 --> [DEPRECATED] Optional parameter $sarray declared before required parameter $id is implicitly treated as a required parameter in APPPATH\Models\NavModel.php on line 17.
 1 SYSTEMPATH\Autoloader\Autoloader.php(316): include_once('E:\\web\\XAMPP\\htdocs\\test\\system\\Debug\\Exceptions.php')
 2 SYSTEMPATH\Autoloader\Autoloader.php(295): CodeIgniter\Autoloader\Autoloader->includeFile('E:\\web\\XAMPP\\htdocs\\test\\app\\Models\\NavModel.php')
 3 SYSTEMPATH\Autoloader\Autoloader.php(271): CodeIgniter\Autoloader\Autoloader->loadInNamespace('App\\Models\\NavModel')
 4 APPPATH\Controllers\Home.php(17): CodeIgniter\Autoloader\Autoloader->loadClass('App\\Models\\NavModel')
 5 SYSTEMPATH\CodeIgniter.php(933): App\Controllers\Home->index()
 6 SYSTEMPATH\CodeIgniter.php(507): CodeIgniter\CodeIgniter->runController(Object(App\Controllers\Home))
 7 SYSTEMPATH\CodeIgniter.php(354): CodeIgniter\CodeIgniter->handleRequest(null, Object(Config\Cache), false)
 8 SYSTEMPATH\Boot.php(334): CodeIgniter\CodeIgniter->run()
 9 SYSTEMPATH\Boot.php(67): CodeIgniter\Boot::runCodeIgniter(Object(CodeIgniter\CodeIgniter))
10 FCPATH\index.php(56): CodeIgniter\Boot::bootWeb(Object(Config\Paths))
WARNING - 2025-04-25 07:05:23 --> [DEPRECATED] Optional parameter $sarray declared before required parameter $id is implicitly treated as a required parameter in APPPATH\Models\NavModel.php on line 25.
 1 SYSTEMPATH\Autoloader\Autoloader.php(316): include_once('E:\\web\\XAMPP\\htdocs\\test\\system\\Debug\\Exceptions.php')
 2 SYSTEMPATH\Autoloader\Autoloader.php(295): CodeIgniter\Autoloader\Autoloader->includeFile('E:\\web\\XAMPP\\htdocs\\test\\app\\Models\\NavModel.php')
 3 SYSTEMPATH\Autoloader\Autoloader.php(271): CodeIgniter\Autoloader\Autoloader->loadInNamespace('App\\Models\\NavModel')
 4 APPPATH\Controllers\Home.php(17): CodeIgniter\Autoloader\Autoloader->loadClass('App\\Models\\NavModel')
 5 SYSTEMPATH\CodeIgniter.php(933): App\Controllers\Home->index()
 6 SYSTEMPATH\CodeIgniter.php(507): CodeIgniter\CodeIgniter->runController(Object(App\Controllers\Home))
 7 SYSTEMPATH\CodeIgniter.php(354): CodeIgniter\CodeIgniter->handleRequest(null, Object(Config\Cache), false)
 8 SYSTEMPATH\Boot.php(334): CodeIgniter\CodeIgniter->run()
 9 SYSTEMPATH\Boot.php(67): CodeIgniter\Boot::runCodeIgniter(Object(CodeIgniter\CodeIgniter))
10 FCPATH\index.php(56): CodeIgniter\Boot::bootWeb(Object(Config\Paths))
CRITICAL - 2025-04-25 07:05:23 --> ParseError: syntax error, unexpected token ";", expecting ")"
[Method: GET, Route: /]
in APPPATH\Views\index.php on line 55.
 1 SYSTEMPATH\View\View.php(227): CodeIgniter\View\View->CodeIgniter\View\{closure}()
 2 SYSTEMPATH\Common.php(1173): CodeIgniter\View\View->render('index', [], true)
 3 APPPATH\Controllers\Home.php(23): view('index', [...])
 4 SYSTEMPATH\CodeIgniter.php(933): App\Controllers\Home->index()
 5 SYSTEMPATH\CodeIgniter.php(507): CodeIgniter\CodeIgniter->runController(Object(App\Controllers\Home))
 6 SYSTEMPATH\CodeIgniter.php(354): CodeIgniter\CodeIgniter->handleRequest(null, Object(Config\Cache), false)
 7 SYSTEMPATH\Boot.php(334): CodeIgniter\CodeIgniter->run()
 8 SYSTEMPATH\Boot.php(67): CodeIgniter\Boot::runCodeIgniter(Object(CodeIgniter\CodeIgniter))
 9 FCPATH\index.php(56): CodeIgniter\Boot::bootWeb(Object(Config\Paths))
WARNING - 2025-04-25 07:05:24 --> [DEPRECATED] Optional parameter $sarray declared before required parameter $id is implicitly treated as a required parameter in APPPATH\Models\SwiperModel.php on line 23.
 1 SYSTEMPATH\Autoloader\Autoloader.php(316): include_once('E:\\web\\XAMPP\\htdocs\\test\\system\\Debug\\Exceptions.php')
 2 SYSTEMPATH\Autoloader\Autoloader.php(295): CodeIgniter\Autoloader\Autoloader->includeFile('E:\\web\\XAMPP\\htdocs\\test\\app\\Models\\SwiperModel.php')
 3 SYSTEMPATH\Autoloader\Autoloader.php(271): CodeIgniter\Autoloader\Autoloader->loadInNamespace('App\\Models\\SwiperModel')
 4 APPPATH\Controllers\Home.php(12): CodeIgniter\Autoloader\Autoloader->loadClass('App\\Models\\SwiperModel')
 5 SYSTEMPATH\CodeIgniter.php(933): App\Controllers\Home->index()
 6 SYSTEMPATH\CodeIgniter.php(507): CodeIgniter\CodeIgniter->runController(Object(App\Controllers\Home))
 7 SYSTEMPATH\CodeIgniter.php(354): CodeIgniter\CodeIgniter->handleRequest(null, Object(Config\Cache), false)
 8 SYSTEMPATH\Boot.php(334): CodeIgniter\CodeIgniter->run()
 9 SYSTEMPATH\Boot.php(67): CodeIgniter\Boot::runCodeIgniter(Object(CodeIgniter\CodeIgniter))
10 FCPATH\index.php(56): CodeIgniter\Boot::bootWeb(Object(Config\Paths))
WARNING - 2025-04-25 07:05:24 --> [DEPRECATED] Optional parameter $sarray declared before required parameter $where2 is implicitly treated as a required parameter in APPPATH\Models\SwiperModel.php on line 32.
 1 SYSTEMPATH\Autoloader\Autoloader.php(316): include_once('E:\\web\\XAMPP\\htdocs\\test\\system\\Debug\\Exceptions.php')
 2 SYSTEMPATH\Autoloader\Autoloader.php(295): CodeIgniter\Autoloader\Autoloader->includeFile('E:\\web\\XAMPP\\htdocs\\test\\app\\Models\\SwiperModel.php')
 3 SYSTEMPATH\Autoloader\Autoloader.php(271): CodeIgniter\Autoloader\Autoloader->loadInNamespace('App\\Models\\SwiperModel')
 4 APPPATH\Controllers\Home.php(12): CodeIgniter\Autoloader\Autoloader->loadClass('App\\Models\\SwiperModel')
 5 SYSTEMPATH\CodeIgniter.php(933): App\Controllers\Home->index()
 6 SYSTEMPATH\CodeIgniter.php(507): CodeIgniter\CodeIgniter->runController(Object(App\Controllers\Home))
 7 SYSTEMPATH\CodeIgniter.php(354): CodeIgniter\CodeIgniter->handleRequest(null, Object(Config\Cache), false)
 8 SYSTEMPATH\Boot.php(334): CodeIgniter\CodeIgniter->run()
 9 SYSTEMPATH\Boot.php(67): CodeIgniter\Boot::runCodeIgniter(Object(CodeIgniter\CodeIgniter))
10 FCPATH\index.php(56): CodeIgniter\Boot::bootWeb(Object(Config\Paths))
WARNING - 2025-04-25 07:05:24 --> [DEPRECATED] Optional parameter $sarray declared before required parameter $id is implicitly treated as a required parameter in APPPATH\Models\NavModel.php on line 17.
 1 SYSTEMPATH\Autoloader\Autoloader.php(316): include_once('E:\\web\\XAMPP\\htdocs\\test\\system\\Debug\\Exceptions.php')
 2 SYSTEMPATH\Autoloader\Autoloader.php(295): CodeIgniter\Autoloader\Autoloader->includeFile('E:\\web\\XAMPP\\htdocs\\test\\app\\Models\\NavModel.php')
 3 SYSTEMPATH\Autoloader\Autoloader.php(271): CodeIgniter\Autoloader\Autoloader->loadInNamespace('App\\Models\\NavModel')
 4 APPPATH\Controllers\Home.php(17): CodeIgniter\Autoloader\Autoloader->loadClass('App\\Models\\NavModel')
 5 SYSTEMPATH\CodeIgniter.php(933): App\Controllers\Home->index()
 6 SYSTEMPATH\CodeIgniter.php(507): CodeIgniter\CodeIgniter->runController(Object(App\Controllers\Home))
 7 SYSTEMPATH\CodeIgniter.php(354): CodeIgniter\CodeIgniter->handleRequest(null, Object(Config\Cache), false)
 8 SYSTEMPATH\Boot.php(334): CodeIgniter\CodeIgniter->run()
 9 SYSTEMPATH\Boot.php(67): CodeIgniter\Boot::runCodeIgniter(Object(CodeIgniter\CodeIgniter))
10 FCPATH\index.php(56): CodeIgniter\Boot::bootWeb(Object(Config\Paths))
WARNING - 2025-04-25 07:05:24 --> [DEPRECATED] Optional parameter $sarray declared before required parameter $id is implicitly treated as a required parameter in APPPATH\Models\NavModel.php on line 25.
 1 SYSTEMPATH\Autoloader\Autoloader.php(316): include_once('E:\\web\\XAMPP\\htdocs\\test\\system\\Debug\\Exceptions.php')
 2 SYSTEMPATH\Autoloader\Autoloader.php(295): CodeIgniter\Autoloader\Autoloader->includeFile('E:\\web\\XAMPP\\htdocs\\test\\app\\Models\\NavModel.php')
 3 SYSTEMPATH\Autoloader\Autoloader.php(271): CodeIgniter\Autoloader\Autoloader->loadInNamespace('App\\Models\\NavModel')
 4 APPPATH\Controllers\Home.php(17): CodeIgniter\Autoloader\Autoloader->loadClass('App\\Models\\NavModel')
 5 SYSTEMPATH\CodeIgniter.php(933): App\Controllers\Home->index()
 6 SYSTEMPATH\CodeIgniter.php(507): CodeIgniter\CodeIgniter->runController(Object(App\Controllers\Home))
 7 SYSTEMPATH\CodeIgniter.php(354): CodeIgniter\CodeIgniter->handleRequest(null, Object(Config\Cache), false)
 8 SYSTEMPATH\Boot.php(334): CodeIgniter\CodeIgniter->run()
 9 SYSTEMPATH\Boot.php(67): CodeIgniter\Boot::runCodeIgniter(Object(CodeIgniter\CodeIgniter))
10 FCPATH\index.php(56): CodeIgniter\Boot::bootWeb(Object(Config\Paths))
CRITICAL - 2025-04-25 07:05:24 --> ParseError: syntax error, unexpected token ";", expecting ")"
[Method: GET, Route: /]
in APPPATH\Views\index.php on line 55.
 1 SYSTEMPATH\View\View.php(227): CodeIgniter\View\View->CodeIgniter\View\{closure}()
 2 SYSTEMPATH\Common.php(1173): CodeIgniter\View\View->render('index', [], true)
 3 APPPATH\Controllers\Home.php(23): view('index', [...])
 4 SYSTEMPATH\CodeIgniter.php(933): App\Controllers\Home->index()
 5 SYSTEMPATH\CodeIgniter.php(507): CodeIgniter\CodeIgniter->runController(Object(App\Controllers\Home))
 6 SYSTEMPATH\CodeIgniter.php(354): CodeIgniter\CodeIgniter->handleRequest(null, Object(Config\Cache), false)
 7 SYSTEMPATH\Boot.php(334): CodeIgniter\CodeIgniter->run()
 8 SYSTEMPATH\Boot.php(67): CodeIgniter\Boot::runCodeIgniter(Object(CodeIgniter\CodeIgniter))
 9 FCPATH\index.php(56): CodeIgniter\Boot::bootWeb(Object(Config\Paths))
WARNING - 2025-04-25 07:05:24 --> [DEPRECATED] Optional parameter $sarray declared before required parameter $id is implicitly treated as a required parameter in APPPATH\Models\SwiperModel.php on line 23.
 1 SYSTEMPATH\Autoloader\Autoloader.php(316): include_once('E:\\web\\XAMPP\\htdocs\\test\\system\\Debug\\Exceptions.php')
 2 SYSTEMPATH\Autoloader\Autoloader.php(295): CodeIgniter\Autoloader\Autoloader->includeFile('E:\\web\\XAMPP\\htdocs\\test\\app\\Models\\SwiperModel.php')
 3 SYSTEMPATH\Autoloader\Autoloader.php(271): CodeIgniter\Autoloader\Autoloader->loadInNamespace('App\\Models\\SwiperModel')
 4 APPPATH\Controllers\Home.php(12): CodeIgniter\Autoloader\Autoloader->loadClass('App\\Models\\SwiperModel')
 5 SYSTEMPATH\CodeIgniter.php(933): App\Controllers\Home->index()
 6 SYSTEMPATH\CodeIgniter.php(507): CodeIgniter\CodeIgniter->runController(Object(App\Controllers\Home))
 7 SYSTEMPATH\CodeIgniter.php(354): CodeIgniter\CodeIgniter->handleRequest(null, Object(Config\Cache), false)
 8 SYSTEMPATH\Boot.php(334): CodeIgniter\CodeIgniter->run()
 9 SYSTEMPATH\Boot.php(67): CodeIgniter\Boot::runCodeIgniter(Object(CodeIgniter\CodeIgniter))
10 FCPATH\index.php(56): CodeIgniter\Boot::bootWeb(Object(Config\Paths))
WARNING - 2025-04-25 07:05:24 --> [DEPRECATED] Optional parameter $sarray declared before required parameter $where2 is implicitly treated as a required parameter in APPPATH\Models\SwiperModel.php on line 32.
 1 SYSTEMPATH\Autoloader\Autoloader.php(316): include_once('E:\\web\\XAMPP\\htdocs\\test\\system\\Debug\\Exceptions.php')
 2 SYSTEMPATH\Autoloader\Autoloader.php(295): CodeIgniter\Autoloader\Autoloader->includeFile('E:\\web\\XAMPP\\htdocs\\test\\app\\Models\\SwiperModel.php')
 3 SYSTEMPATH\Autoloader\Autoloader.php(271): CodeIgniter\Autoloader\Autoloader->loadInNamespace('App\\Models\\SwiperModel')
 4 APPPATH\Controllers\Home.php(12): CodeIgniter\Autoloader\Autoloader->loadClass('App\\Models\\SwiperModel')
 5 SYSTEMPATH\CodeIgniter.php(933): App\Controllers\Home->index()
 6 SYSTEMPATH\CodeIgniter.php(507): CodeIgniter\CodeIgniter->runController(Object(App\Controllers\Home))
 7 SYSTEMPATH\CodeIgniter.php(354): CodeIgniter\CodeIgniter->handleRequest(null, Object(Config\Cache), false)
 8 SYSTEMPATH\Boot.php(334): CodeIgniter\CodeIgniter->run()
 9 SYSTEMPATH\Boot.php(67): CodeIgniter\Boot::runCodeIgniter(Object(CodeIgniter\CodeIgniter))
10 FCPATH\index.php(56): CodeIgniter\Boot::bootWeb(Object(Config\Paths))
WARNING - 2025-04-25 07:05:24 --> [DEPRECATED] Optional parameter $sarray declared before required parameter $id is implicitly treated as a required parameter in APPPATH\Models\NavModel.php on line 17.
 1 SYSTEMPATH\Autoloader\Autoloader.php(316): include_once('E:\\web\\XAMPP\\htdocs\\test\\system\\Debug\\Exceptions.php')
 2 SYSTEMPATH\Autoloader\Autoloader.php(295): CodeIgniter\Autoloader\Autoloader->includeFile('E:\\web\\XAMPP\\htdocs\\test\\app\\Models\\NavModel.php')
 3 SYSTEMPATH\Autoloader\Autoloader.php(271): CodeIgniter\Autoloader\Autoloader->loadInNamespace('App\\Models\\NavModel')
 4 APPPATH\Controllers\Home.php(17): CodeIgniter\Autoloader\Autoloader->loadClass('App\\Models\\NavModel')
 5 SYSTEMPATH\CodeIgniter.php(933): App\Controllers\Home->index()
 6 SYSTEMPATH\CodeIgniter.php(507): CodeIgniter\CodeIgniter->runController(Object(App\Controllers\Home))
 7 SYSTEMPATH\CodeIgniter.php(354): CodeIgniter\CodeIgniter->handleRequest(null, Object(Config\Cache), false)
 8 SYSTEMPATH\Boot.php(334): CodeIgniter\CodeIgniter->run()
 9 SYSTEMPATH\Boot.php(67): CodeIgniter\Boot::runCodeIgniter(Object(CodeIgniter\CodeIgniter))
10 FCPATH\index.php(56): CodeIgniter\Boot::bootWeb(Object(Config\Paths))
WARNING - 2025-04-25 07:05:24 --> [DEPRECATED] Optional parameter $sarray declared before required parameter $id is implicitly treated as a required parameter in APPPATH\Models\NavModel.php on line 25.
 1 SYSTEMPATH\Autoloader\Autoloader.php(316): include_once('E:\\web\\XAMPP\\htdocs\\test\\system\\Debug\\Exceptions.php')
 2 SYSTEMPATH\Autoloader\Autoloader.php(295): CodeIgniter\Autoloader\Autoloader->includeFile('E:\\web\\XAMPP\\htdocs\\test\\app\\Models\\NavModel.php')
 3 SYSTEMPATH\Autoloader\Autoloader.php(271): CodeIgniter\Autoloader\Autoloader->loadInNamespace('App\\Models\\NavModel')
 4 APPPATH\Controllers\Home.php(17): CodeIgniter\Autoloader\Autoloader->loadClass('App\\Models\\NavModel')
 5 SYSTEMPATH\CodeIgniter.php(933): App\Controllers\Home->index()
 6 SYSTEMPATH\CodeIgniter.php(507): CodeIgniter\CodeIgniter->runController(Object(App\Controllers\Home))
 7 SYSTEMPATH\CodeIgniter.php(354): CodeIgniter\CodeIgniter->handleRequest(null, Object(Config\Cache), false)
 8 SYSTEMPATH\Boot.php(334): CodeIgniter\CodeIgniter->run()
 9 SYSTEMPATH\Boot.php(67): CodeIgniter\Boot::runCodeIgniter(Object(CodeIgniter\CodeIgniter))
10 FCPATH\index.php(56): CodeIgniter\Boot::bootWeb(Object(Config\Paths))
CRITICAL - 2025-04-25 07:05:24 --> ParseError: syntax error, unexpected token ";", expecting ")"
[Method: GET, Route: /]
in APPPATH\Views\index.php on line 55.
 1 SYSTEMPATH\View\View.php(227): CodeIgniter\View\View->CodeIgniter\View\{closure}()
 2 SYSTEMPATH\Common.php(1173): CodeIgniter\View\View->render('index', [], true)
 3 APPPATH\Controllers\Home.php(23): view('index', [...])
 4 SYSTEMPATH\CodeIgniter.php(933): App\Controllers\Home->index()
 5 SYSTEMPATH\CodeIgniter.php(507): CodeIgniter\CodeIgniter->runController(Object(App\Controllers\Home))
 6 SYSTEMPATH\CodeIgniter.php(354): CodeIgniter\CodeIgniter->handleRequest(null, Object(Config\Cache), false)
 7 SYSTEMPATH\Boot.php(334): CodeIgniter\CodeIgniter->run()
 8 SYSTEMPATH\Boot.php(67): CodeIgniter\Boot::runCodeIgniter(Object(CodeIgniter\CodeIgniter))
 9 FCPATH\index.php(56): CodeIgniter\Boot::bootWeb(Object(Config\Paths))
WARNING - 2025-04-25 07:05:47 --> [DEPRECATED] Optional parameter $sarray declared before required parameter $id is implicitly treated as a required parameter in APPPATH\Models\SwiperModel.php on line 23.
 1 SYSTEMPATH\Autoloader\Autoloader.php(316): include_once('E:\\web\\XAMPP\\htdocs\\test\\system\\Debug\\Exceptions.php')
 2 SYSTEMPATH\Autoloader\Autoloader.php(295): CodeIgniter\Autoloader\Autoloader->includeFile('E:\\web\\XAMPP\\htdocs\\test\\app\\Models\\SwiperModel.php')
 3 SYSTEMPATH\Autoloader\Autoloader.php(271): CodeIgniter\Autoloader\Autoloader->loadInNamespace('App\\Models\\SwiperModel')
 4 APPPATH\Controllers\Home.php(12): CodeIgniter\Autoloader\Autoloader->loadClass('App\\Models\\SwiperModel')
 5 SYSTEMPATH\CodeIgniter.php(933): App\Controllers\Home->index()
 6 SYSTEMPATH\CodeIgniter.php(507): CodeIgniter\CodeIgniter->runController(Object(App\Controllers\Home))
 7 SYSTEMPATH\CodeIgniter.php(354): CodeIgniter\CodeIgniter->handleRequest(null, Object(Config\Cache), false)
 8 SYSTEMPATH\Boot.php(334): CodeIgniter\CodeIgniter->run()
 9 SYSTEMPATH\Boot.php(67): CodeIgniter\Boot::runCodeIgniter(Object(CodeIgniter\CodeIgniter))
10 FCPATH\index.php(56): CodeIgniter\Boot::bootWeb(Object(Config\Paths))
WARNING - 2025-04-25 07:05:47 --> [DEPRECATED] Optional parameter $sarray declared before required parameter $where2 is implicitly treated as a required parameter in APPPATH\Models\SwiperModel.php on line 32.
 1 SYSTEMPATH\Autoloader\Autoloader.php(316): include_once('E:\\web\\XAMPP\\htdocs\\test\\system\\Debug\\Exceptions.php')
 2 SYSTEMPATH\Autoloader\Autoloader.php(295): CodeIgniter\Autoloader\Autoloader->includeFile('E:\\web\\XAMPP\\htdocs\\test\\app\\Models\\SwiperModel.php')
 3 SYSTEMPATH\Autoloader\Autoloader.php(271): CodeIgniter\Autoloader\Autoloader->loadInNamespace('App\\Models\\SwiperModel')
 4 APPPATH\Controllers\Home.php(12): CodeIgniter\Autoloader\Autoloader->loadClass('App\\Models\\SwiperModel')
 5 SYSTEMPATH\CodeIgniter.php(933): App\Controllers\Home->index()
 6 SYSTEMPATH\CodeIgniter.php(507): CodeIgniter\CodeIgniter->runController(Object(App\Controllers\Home))
 7 SYSTEMPATH\CodeIgniter.php(354): CodeIgniter\CodeIgniter->handleRequest(null, Object(Config\Cache), false)
 8 SYSTEMPATH\Boot.php(334): CodeIgniter\CodeIgniter->run()
 9 SYSTEMPATH\Boot.php(67): CodeIgniter\Boot::runCodeIgniter(Object(CodeIgniter\CodeIgniter))
10 FCPATH\index.php(56): CodeIgniter\Boot::bootWeb(Object(Config\Paths))
WARNING - 2025-04-25 07:05:47 --> [DEPRECATED] Optional parameter $sarray declared before required parameter $id is implicitly treated as a required parameter in APPPATH\Models\NavModel.php on line 17.
 1 SYSTEMPATH\Autoloader\Autoloader.php(316): include_once('E:\\web\\XAMPP\\htdocs\\test\\system\\Debug\\Exceptions.php')
 2 SYSTEMPATH\Autoloader\Autoloader.php(295): CodeIgniter\Autoloader\Autoloader->includeFile('E:\\web\\XAMPP\\htdocs\\test\\app\\Models\\NavModel.php')
 3 SYSTEMPATH\Autoloader\Autoloader.php(271): CodeIgniter\Autoloader\Autoloader->loadInNamespace('App\\Models\\NavModel')
 4 APPPATH\Controllers\Home.php(17): CodeIgniter\Autoloader\Autoloader->loadClass('App\\Models\\NavModel')
 5 SYSTEMPATH\CodeIgniter.php(933): App\Controllers\Home->index()
 6 SYSTEMPATH\CodeIgniter.php(507): CodeIgniter\CodeIgniter->runController(Object(App\Controllers\Home))
 7 SYSTEMPATH\CodeIgniter.php(354): CodeIgniter\CodeIgniter->handleRequest(null, Object(Config\Cache), false)
 8 SYSTEMPATH\Boot.php(334): CodeIgniter\CodeIgniter->run()
 9 SYSTEMPATH\Boot.php(67): CodeIgniter\Boot::runCodeIgniter(Object(CodeIgniter\CodeIgniter))
10 FCPATH\index.php(56): CodeIgniter\Boot::bootWeb(Object(Config\Paths))
WARNING - 2025-04-25 07:05:47 --> [DEPRECATED] Optional parameter $sarray declared before required parameter $id is implicitly treated as a required parameter in APPPATH\Models\NavModel.php on line 25.
 1 SYSTEMPATH\Autoloader\Autoloader.php(316): include_once('E:\\web\\XAMPP\\htdocs\\test\\system\\Debug\\Exceptions.php')
 2 SYSTEMPATH\Autoloader\Autoloader.php(295): CodeIgniter\Autoloader\Autoloader->includeFile('E:\\web\\XAMPP\\htdocs\\test\\app\\Models\\NavModel.php')
 3 SYSTEMPATH\Autoloader\Autoloader.php(271): CodeIgniter\Autoloader\Autoloader->loadInNamespace('App\\Models\\NavModel')
 4 APPPATH\Controllers\Home.php(17): CodeIgniter\Autoloader\Autoloader->loadClass('App\\Models\\NavModel')
 5 SYSTEMPATH\CodeIgniter.php(933): App\Controllers\Home->index()
 6 SYSTEMPATH\CodeIgniter.php(507): CodeIgniter\CodeIgniter->runController(Object(App\Controllers\Home))
 7 SYSTEMPATH\CodeIgniter.php(354): CodeIgniter\CodeIgniter->handleRequest(null, Object(Config\Cache), false)
 8 SYSTEMPATH\Boot.php(334): CodeIgniter\CodeIgniter->run()
 9 SYSTEMPATH\Boot.php(67): CodeIgniter\Boot::runCodeIgniter(Object(CodeIgniter\CodeIgniter))
10 FCPATH\index.php(56): CodeIgniter\Boot::bootWeb(Object(Config\Paths))
CRITICAL - 2025-04-25 07:05:47 --> ParseError: Unmatched ')'
[Method: GET, Route: /]
in APPPATH\Views\index.php on line 55.
 1 SYSTEMPATH\View\View.php(227): CodeIgniter\View\View->CodeIgniter\View\{closure}()
 2 SYSTEMPATH\Common.php(1173): CodeIgniter\View\View->render('index', [], true)
 3 APPPATH\Controllers\Home.php(23): view('index', [...])
 4 SYSTEMPATH\CodeIgniter.php(933): App\Controllers\Home->index()
 5 SYSTEMPATH\CodeIgniter.php(507): CodeIgniter\CodeIgniter->runController(Object(App\Controllers\Home))
 6 SYSTEMPATH\CodeIgniter.php(354): CodeIgniter\CodeIgniter->handleRequest(null, Object(Config\Cache), false)
 7 SYSTEMPATH\Boot.php(334): CodeIgniter\CodeIgniter->run()
 8 SYSTEMPATH\Boot.php(67): CodeIgniter\Boot::runCodeIgniter(Object(CodeIgniter\CodeIgniter))
 9 FCPATH\index.php(56): CodeIgniter\Boot::bootWeb(Object(Config\Paths))
WARNING - 2025-04-25 07:05:54 --> [DEPRECATED] Optional parameter $sarray declared before required parameter $id is implicitly treated as a required parameter in APPPATH\Models\SwiperModel.php on line 23.
 1 SYSTEMPATH\Autoloader\Autoloader.php(316): include_once('E:\\web\\XAMPP\\htdocs\\test\\system\\Debug\\Exceptions.php')
 2 SYSTEMPATH\Autoloader\Autoloader.php(295): CodeIgniter\Autoloader\Autoloader->includeFile('E:\\web\\XAMPP\\htdocs\\test\\app\\Models\\SwiperModel.php')
 3 SYSTEMPATH\Autoloader\Autoloader.php(271): CodeIgniter\Autoloader\Autoloader->loadInNamespace('App\\Models\\SwiperModel')
 4 APPPATH\Controllers\Home.php(12): CodeIgniter\Autoloader\Autoloader->loadClass('App\\Models\\SwiperModel')
 5 SYSTEMPATH\CodeIgniter.php(933): App\Controllers\Home->index()
 6 SYSTEMPATH\CodeIgniter.php(507): CodeIgniter\CodeIgniter->runController(Object(App\Controllers\Home))
 7 SYSTEMPATH\CodeIgniter.php(354): CodeIgniter\CodeIgniter->handleRequest(null, Object(Config\Cache), false)
 8 SYSTEMPATH\Boot.php(334): CodeIgniter\CodeIgniter->run()
 9 SYSTEMPATH\Boot.php(67): CodeIgniter\Boot::runCodeIgniter(Object(CodeIgniter\CodeIgniter))
10 FCPATH\index.php(56): CodeIgniter\Boot::bootWeb(Object(Config\Paths))
WARNING - 2025-04-25 07:05:54 --> [DEPRECATED] Optional parameter $sarray declared before required parameter $where2 is implicitly treated as a required parameter in APPPATH\Models\SwiperModel.php on line 32.
 1 SYSTEMPATH\Autoloader\Autoloader.php(316): include_once('E:\\web\\XAMPP\\htdocs\\test\\system\\Debug\\Exceptions.php')
 2 SYSTEMPATH\Autoloader\Autoloader.php(295): CodeIgniter\Autoloader\Autoloader->includeFile('E:\\web\\XAMPP\\htdocs\\test\\app\\Models\\SwiperModel.php')
 3 SYSTEMPATH\Autoloader\Autoloader.php(271): CodeIgniter\Autoloader\Autoloader->loadInNamespace('App\\Models\\SwiperModel')
 4 APPPATH\Controllers\Home.php(12): CodeIgniter\Autoloader\Autoloader->loadClass('App\\Models\\SwiperModel')
 5 SYSTEMPATH\CodeIgniter.php(933): App\Controllers\Home->index()
 6 SYSTEMPATH\CodeIgniter.php(507): CodeIgniter\CodeIgniter->runController(Object(App\Controllers\Home))
 7 SYSTEMPATH\CodeIgniter.php(354): CodeIgniter\CodeIgniter->handleRequest(null, Object(Config\Cache), false)
 8 SYSTEMPATH\Boot.php(334): CodeIgniter\CodeIgniter->run()
 9 SYSTEMPATH\Boot.php(67): CodeIgniter\Boot::runCodeIgniter(Object(CodeIgniter\CodeIgniter))
10 FCPATH\index.php(56): CodeIgniter\Boot::bootWeb(Object(Config\Paths))
WARNING - 2025-04-25 07:05:54 --> [DEPRECATED] Optional parameter $sarray declared before required parameter $id is implicitly treated as a required parameter in APPPATH\Models\NavModel.php on line 17.
 1 SYSTEMPATH\Autoloader\Autoloader.php(316): include_once('E:\\web\\XAMPP\\htdocs\\test\\system\\Debug\\Exceptions.php')
 2 SYSTEMPATH\Autoloader\Autoloader.php(295): CodeIgniter\Autoloader\Autoloader->includeFile('E:\\web\\XAMPP\\htdocs\\test\\app\\Models\\NavModel.php')
 3 SYSTEMPATH\Autoloader\Autoloader.php(271): CodeIgniter\Autoloader\Autoloader->loadInNamespace('App\\Models\\NavModel')
 4 APPPATH\Controllers\Home.php(17): CodeIgniter\Autoloader\Autoloader->loadClass('App\\Models\\NavModel')
 5 SYSTEMPATH\CodeIgniter.php(933): App\Controllers\Home->index()
 6 SYSTEMPATH\CodeIgniter.php(507): CodeIgniter\CodeIgniter->runController(Object(App\Controllers\Home))
 7 SYSTEMPATH\CodeIgniter.php(354): CodeIgniter\CodeIgniter->handleRequest(null, Object(Config\Cache), false)
 8 SYSTEMPATH\Boot.php(334): CodeIgniter\CodeIgniter->run()
 9 SYSTEMPATH\Boot.php(67): CodeIgniter\Boot::runCodeIgniter(Object(CodeIgniter\CodeIgniter))
10 FCPATH\index.php(56): CodeIgniter\Boot::bootWeb(Object(Config\Paths))
WARNING - 2025-04-25 07:05:54 --> [DEPRECATED] Optional parameter $sarray declared before required parameter $id is implicitly treated as a required parameter in APPPATH\Models\NavModel.php on line 25.
 1 SYSTEMPATH\Autoloader\Autoloader.php(316): include_once('E:\\web\\XAMPP\\htdocs\\test\\system\\Debug\\Exceptions.php')
 2 SYSTEMPATH\Autoloader\Autoloader.php(295): CodeIgniter\Autoloader\Autoloader->includeFile('E:\\web\\XAMPP\\htdocs\\test\\app\\Models\\NavModel.php')
 3 SYSTEMPATH\Autoloader\Autoloader.php(271): CodeIgniter\Autoloader\Autoloader->loadInNamespace('App\\Models\\NavModel')
 4 APPPATH\Controllers\Home.php(17): CodeIgniter\Autoloader\Autoloader->loadClass('App\\Models\\NavModel')
 5 SYSTEMPATH\CodeIgniter.php(933): App\Controllers\Home->index()
 6 SYSTEMPATH\CodeIgniter.php(507): CodeIgniter\CodeIgniter->runController(Object(App\Controllers\Home))
 7 SYSTEMPATH\CodeIgniter.php(354): CodeIgniter\CodeIgniter->handleRequest(null, Object(Config\Cache), false)
 8 SYSTEMPATH\Boot.php(334): CodeIgniter\CodeIgniter->run()
 9 SYSTEMPATH\Boot.php(67): CodeIgniter\Boot::runCodeIgniter(Object(CodeIgniter\CodeIgniter))
10 FCPATH\index.php(56): CodeIgniter\Boot::bootWeb(Object(Config\Paths))
WARNING - 2025-04-25 07:05:59 --> [DEPRECATED] Optional parameter $sarray declared before required parameter $id is implicitly treated as a required parameter in APPPATH\Models\NavModel.php on line 17.
 1 SYSTEMPATH\Autoloader\Autoloader.php(316): include_once('E:\\web\\XAMPP\\htdocs\\test\\system\\Debug\\Exceptions.php')
 2 SYSTEMPATH\Autoloader\Autoloader.php(295): CodeIgniter\Autoloader\Autoloader->includeFile('E:\\web\\XAMPP\\htdocs\\test\\app\\Models\\NavModel.php')
 3 SYSTEMPATH\Autoloader\Autoloader.php(271): CodeIgniter\Autoloader\Autoloader->loadInNamespace('App\\Models\\NavModel')
 4 APPPATH\Controllers\Home.php(29): CodeIgniter\Autoloader\Autoloader->loadClass('App\\Models\\NavModel')
 5 SYSTEMPATH\CodeIgniter.php(933): App\Controllers\Home->category('1')
 6 SYSTEMPATH\CodeIgniter.php(507): CodeIgniter\CodeIgniter->runController(Object(App\Controllers\Home))
 7 SYSTEMPATH\CodeIgniter.php(354): CodeIgniter\CodeIgniter->handleRequest(null, Object(Config\Cache), false)
 8 SYSTEMPATH\Boot.php(334): CodeIgniter\CodeIgniter->run()
 9 SYSTEMPATH\Boot.php(67): CodeIgniter\Boot::runCodeIgniter(Object(CodeIgniter\CodeIgniter))
10 FCPATH\index.php(56): CodeIgniter\Boot::bootWeb(Object(Config\Paths))
WARNING - 2025-04-25 07:05:59 --> [DEPRECATED] Optional parameter $sarray declared before required parameter $id is implicitly treated as a required parameter in APPPATH\Models\NavModel.php on line 25.
 1 SYSTEMPATH\Autoloader\Autoloader.php(316): include_once('E:\\web\\XAMPP\\htdocs\\test\\system\\Debug\\Exceptions.php')
 2 SYSTEMPATH\Autoloader\Autoloader.php(295): CodeIgniter\Autoloader\Autoloader->includeFile('E:\\web\\XAMPP\\htdocs\\test\\app\\Models\\NavModel.php')
 3 SYSTEMPATH\Autoloader\Autoloader.php(271): CodeIgniter\Autoloader\Autoloader->loadInNamespace('App\\Models\\NavModel')
 4 APPPATH\Controllers\Home.php(29): CodeIgniter\Autoloader\Autoloader->loadClass('App\\Models\\NavModel')
 5 SYSTEMPATH\CodeIgniter.php(933): App\Controllers\Home->category('1')
 6 SYSTEMPATH\CodeIgniter.php(507): CodeIgniter\CodeIgniter->runController(Object(App\Controllers\Home))
 7 SYSTEMPATH\CodeIgniter.php(354): CodeIgniter\CodeIgniter->handleRequest(null, Object(Config\Cache), false)
 8 SYSTEMPATH\Boot.php(334): CodeIgniter\CodeIgniter->run()
 9 SYSTEMPATH\Boot.php(67): CodeIgniter\Boot::runCodeIgniter(Object(CodeIgniter\CodeIgniter))
10 FCPATH\index.php(56): CodeIgniter\Boot::bootWeb(Object(Config\Paths))
WARNING - 2025-04-25 07:05:59 --> [DEPRECATED] Optional parameter $sarray declared before required parameter $id is implicitly treated as a required parameter in APPPATH\Models\SwiperModel.php on line 23.
 1 SYSTEMPATH\Autoloader\Autoloader.php(316): include_once('E:\\web\\XAMPP\\htdocs\\test\\system\\Debug\\Exceptions.php')
 2 SYSTEMPATH\Autoloader\Autoloader.php(295): CodeIgniter\Autoloader\Autoloader->includeFile('E:\\web\\XAMPP\\htdocs\\test\\app\\Models\\SwiperModel.php')
 3 SYSTEMPATH\Autoloader\Autoloader.php(271): CodeIgniter\Autoloader\Autoloader->loadInNamespace('App\\Models\\SwiperModel')
 4 APPPATH\Controllers\Home.php(30): CodeIgniter\Autoloader\Autoloader->loadClass('App\\Models\\SwiperModel')
 5 SYSTEMPATH\CodeIgniter.php(933): App\Controllers\Home->category('1')
 6 SYSTEMPATH\CodeIgniter.php(507): CodeIgniter\CodeIgniter->runController(Object(App\Controllers\Home))
 7 SYSTEMPATH\CodeIgniter.php(354): CodeIgniter\CodeIgniter->handleRequest(null, Object(Config\Cache), false)
 8 SYSTEMPATH\Boot.php(334): CodeIgniter\CodeIgniter->run()
 9 SYSTEMPATH\Boot.php(67): CodeIgniter\Boot::runCodeIgniter(Object(CodeIgniter\CodeIgniter))
10 FCPATH\index.php(56): CodeIgniter\Boot::bootWeb(Object(Config\Paths))
WARNING - 2025-04-25 07:05:59 --> [DEPRECATED] Optional parameter $sarray declared before required parameter $where2 is implicitly treated as a required parameter in APPPATH\Models\SwiperModel.php on line 32.
 1 SYSTEMPATH\Autoloader\Autoloader.php(316): include_once('E:\\web\\XAMPP\\htdocs\\test\\system\\Debug\\Exceptions.php')
 2 SYSTEMPATH\Autoloader\Autoloader.php(295): CodeIgniter\Autoloader\Autoloader->includeFile('E:\\web\\XAMPP\\htdocs\\test\\app\\Models\\SwiperModel.php')
 3 SYSTEMPATH\Autoloader\Autoloader.php(271): CodeIgniter\Autoloader\Autoloader->loadInNamespace('App\\Models\\SwiperModel')
 4 APPPATH\Controllers\Home.php(30): CodeIgniter\Autoloader\Autoloader->loadClass('App\\Models\\SwiperModel')
 5 SYSTEMPATH\CodeIgniter.php(933): App\Controllers\Home->category('1')
 6 SYSTEMPATH\CodeIgniter.php(507): CodeIgniter\CodeIgniter->runController(Object(App\Controllers\Home))
 7 SYSTEMPATH\CodeIgniter.php(354): CodeIgniter\CodeIgniter->handleRequest(null, Object(Config\Cache), false)
 8 SYSTEMPATH\Boot.php(334): CodeIgniter\CodeIgniter->run()
 9 SYSTEMPATH\Boot.php(67): CodeIgniter\Boot::runCodeIgniter(Object(CodeIgniter\CodeIgniter))
10 FCPATH\index.php(56): CodeIgniter\Boot::bootWeb(Object(Config\Paths))
WARNING - 2025-04-25 07:06:00 --> [DEPRECATED] Optional parameter $sarray declared before required parameter $id is implicitly treated as a required parameter in APPPATH\Models\NavModel.php on line 17.
 1 SYSTEMPATH\Autoloader\Autoloader.php(316): include_once('E:\\web\\XAMPP\\htdocs\\test\\system\\Debug\\Exceptions.php')
 2 SYSTEMPATH\Autoloader\Autoloader.php(295): CodeIgniter\Autoloader\Autoloader->includeFile('E:\\web\\XAMPP\\htdocs\\test\\app\\Models\\NavModel.php')
 3 SYSTEMPATH\Autoloader\Autoloader.php(271): CodeIgniter\Autoloader\Autoloader->loadInNamespace('App\\Models\\NavModel')
 4 APPPATH\Controllers\Home.php(29): CodeIgniter\Autoloader\Autoloader->loadClass('App\\Models\\NavModel')
 5 SYSTEMPATH\CodeIgniter.php(933): App\Controllers\Home->category('10')
 6 SYSTEMPATH\CodeIgniter.php(507): CodeIgniter\CodeIgniter->runController(Object(App\Controllers\Home))
 7 SYSTEMPATH\CodeIgniter.php(354): CodeIgniter\CodeIgniter->handleRequest(null, Object(Config\Cache), false)
 8 SYSTEMPATH\Boot.php(334): CodeIgniter\CodeIgniter->run()
 9 SYSTEMPATH\Boot.php(67): CodeIgniter\Boot::runCodeIgniter(Object(CodeIgniter\CodeIgniter))
10 FCPATH\index.php(56): CodeIgniter\Boot::bootWeb(Object(Config\Paths))
WARNING - 2025-04-25 07:06:00 --> [DEPRECATED] Optional parameter $sarray declared before required parameter $id is implicitly treated as a required parameter in APPPATH\Models\NavModel.php on line 25.
 1 SYSTEMPATH\Autoloader\Autoloader.php(316): include_once('E:\\web\\XAMPP\\htdocs\\test\\system\\Debug\\Exceptions.php')
 2 SYSTEMPATH\Autoloader\Autoloader.php(295): CodeIgniter\Autoloader\Autoloader->includeFile('E:\\web\\XAMPP\\htdocs\\test\\app\\Models\\NavModel.php')
 3 SYSTEMPATH\Autoloader\Autoloader.php(271): CodeIgniter\Autoloader\Autoloader->loadInNamespace('App\\Models\\NavModel')
 4 APPPATH\Controllers\Home.php(29): CodeIgniter\Autoloader\Autoloader->loadClass('App\\Models\\NavModel')
 5 SYSTEMPATH\CodeIgniter.php(933): App\Controllers\Home->category('10')
 6 SYSTEMPATH\CodeIgniter.php(507): CodeIgniter\CodeIgniter->runController(Object(App\Controllers\Home))
 7 SYSTEMPATH\CodeIgniter.php(354): CodeIgniter\CodeIgniter->handleRequest(null, Object(Config\Cache), false)
 8 SYSTEMPATH\Boot.php(334): CodeIgniter\CodeIgniter->run()
 9 SYSTEMPATH\Boot.php(67): CodeIgniter\Boot::runCodeIgniter(Object(CodeIgniter\CodeIgniter))
10 FCPATH\index.php(56): CodeIgniter\Boot::bootWeb(Object(Config\Paths))
WARNING - 2025-04-25 07:06:00 --> [DEPRECATED] Optional parameter $sarray declared before required parameter $id is implicitly treated as a required parameter in APPPATH\Models\SwiperModel.php on line 23.
 1 SYSTEMPATH\Autoloader\Autoloader.php(316): include_once('E:\\web\\XAMPP\\htdocs\\test\\system\\Debug\\Exceptions.php')
 2 SYSTEMPATH\Autoloader\Autoloader.php(295): CodeIgniter\Autoloader\Autoloader->includeFile('E:\\web\\XAMPP\\htdocs\\test\\app\\Models\\SwiperModel.php')
 3 SYSTEMPATH\Autoloader\Autoloader.php(271): CodeIgniter\Autoloader\Autoloader->loadInNamespace('App\\Models\\SwiperModel')
 4 APPPATH\Controllers\Home.php(30): CodeIgniter\Autoloader\Autoloader->loadClass('App\\Models\\SwiperModel')
 5 SYSTEMPATH\CodeIgniter.php(933): App\Controllers\Home->category('10')
 6 SYSTEMPATH\CodeIgniter.php(507): CodeIgniter\CodeIgniter->runController(Object(App\Controllers\Home))
 7 SYSTEMPATH\CodeIgniter.php(354): CodeIgniter\CodeIgniter->handleRequest(null, Object(Config\Cache), false)
 8 SYSTEMPATH\Boot.php(334): CodeIgniter\CodeIgniter->run()
 9 SYSTEMPATH\Boot.php(67): CodeIgniter\Boot::runCodeIgniter(Object(CodeIgniter\CodeIgniter))
10 FCPATH\index.php(56): CodeIgniter\Boot::bootWeb(Object(Config\Paths))
WARNING - 2025-04-25 07:06:00 --> [DEPRECATED] Optional parameter $sarray declared before required parameter $where2 is implicitly treated as a required parameter in APPPATH\Models\SwiperModel.php on line 32.
 1 SYSTEMPATH\Autoloader\Autoloader.php(316): include_once('E:\\web\\XAMPP\\htdocs\\test\\system\\Debug\\Exceptions.php')
 2 SYSTEMPATH\Autoloader\Autoloader.php(295): CodeIgniter\Autoloader\Autoloader->includeFile('E:\\web\\XAMPP\\htdocs\\test\\app\\Models\\SwiperModel.php')
 3 SYSTEMPATH\Autoloader\Autoloader.php(271): CodeIgniter\Autoloader\Autoloader->loadInNamespace('App\\Models\\SwiperModel')
 4 APPPATH\Controllers\Home.php(30): CodeIgniter\Autoloader\Autoloader->loadClass('App\\Models\\SwiperModel')
 5 SYSTEMPATH\CodeIgniter.php(933): App\Controllers\Home->category('10')
 6 SYSTEMPATH\CodeIgniter.php(507): CodeIgniter\CodeIgniter->runController(Object(App\Controllers\Home))
 7 SYSTEMPATH\CodeIgniter.php(354): CodeIgniter\CodeIgniter->handleRequest(null, Object(Config\Cache), false)
 8 SYSTEMPATH\Boot.php(334): CodeIgniter\CodeIgniter->run()
 9 SYSTEMPATH\Boot.php(67): CodeIgniter\Boot::runCodeIgniter(Object(CodeIgniter\CodeIgniter))
10 FCPATH\index.php(56): CodeIgniter\Boot::bootWeb(Object(Config\Paths))
WARNING - 2025-04-25 07:06:02 --> [DEPRECATED] Optional parameter $sarray declared before required parameter $id is implicitly treated as a required parameter in APPPATH\Models\SwiperModel.php on line 23.
 1 SYSTEMPATH\Autoloader\Autoloader.php(316): include_once('E:\\web\\XAMPP\\htdocs\\test\\system\\Debug\\Exceptions.php')
 2 SYSTEMPATH\Autoloader\Autoloader.php(295): CodeIgniter\Autoloader\Autoloader->includeFile('E:\\web\\XAMPP\\htdocs\\test\\app\\Models\\SwiperModel.php')
 3 SYSTEMPATH\Autoloader\Autoloader.php(271): CodeIgniter\Autoloader\Autoloader->loadInNamespace('App\\Models\\SwiperModel')
 4 APPPATH\Controllers\Home.php(12): CodeIgniter\Autoloader\Autoloader->loadClass('App\\Models\\SwiperModel')
 5 SYSTEMPATH\CodeIgniter.php(933): App\Controllers\Home->index()
 6 SYSTEMPATH\CodeIgniter.php(507): CodeIgniter\CodeIgniter->runController(Object(App\Controllers\Home))
 7 SYSTEMPATH\CodeIgniter.php(354): CodeIgniter\CodeIgniter->handleRequest(null, Object(Config\Cache), false)
 8 SYSTEMPATH\Boot.php(334): CodeIgniter\CodeIgniter->run()
 9 SYSTEMPATH\Boot.php(67): CodeIgniter\Boot::runCodeIgniter(Object(CodeIgniter\CodeIgniter))
10 FCPATH\index.php(56): CodeIgniter\Boot::bootWeb(Object(Config\Paths))
WARNING - 2025-04-25 07:06:02 --> [DEPRECATED] Optional parameter $sarray declared before required parameter $where2 is implicitly treated as a required parameter in APPPATH\Models\SwiperModel.php on line 32.
 1 SYSTEMPATH\Autoloader\Autoloader.php(316): include_once('E:\\web\\XAMPP\\htdocs\\test\\system\\Debug\\Exceptions.php')
 2 SYSTEMPATH\Autoloader\Autoloader.php(295): CodeIgniter\Autoloader\Autoloader->includeFile('E:\\web\\XAMPP\\htdocs\\test\\app\\Models\\SwiperModel.php')
 3 SYSTEMPATH\Autoloader\Autoloader.php(271): CodeIgniter\Autoloader\Autoloader->loadInNamespace('App\\Models\\SwiperModel')
 4 APPPATH\Controllers\Home.php(12): CodeIgniter\Autoloader\Autoloader->loadClass('App\\Models\\SwiperModel')
 5 SYSTEMPATH\CodeIgniter.php(933): App\Controllers\Home->index()
 6 SYSTEMPATH\CodeIgniter.php(507): CodeIgniter\CodeIgniter->runController(Object(App\Controllers\Home))
 7 SYSTEMPATH\CodeIgniter.php(354): CodeIgniter\CodeIgniter->handleRequest(null, Object(Config\Cache), false)
 8 SYSTEMPATH\Boot.php(334): CodeIgniter\CodeIgniter->run()
 9 SYSTEMPATH\Boot.php(67): CodeIgniter\Boot::runCodeIgniter(Object(CodeIgniter\CodeIgniter))
10 FCPATH\index.php(56): CodeIgniter\Boot::bootWeb(Object(Config\Paths))
WARNING - 2025-04-25 07:06:03 --> [DEPRECATED] Optional parameter $sarray declared before required parameter $id is implicitly treated as a required parameter in APPPATH\Models\NavModel.php on line 17.
 1 SYSTEMPATH\Autoloader\Autoloader.php(316): include_once('E:\\web\\XAMPP\\htdocs\\test\\system\\Debug\\Exceptions.php')
 2 SYSTEMPATH\Autoloader\Autoloader.php(295): CodeIgniter\Autoloader\Autoloader->includeFile('E:\\web\\XAMPP\\htdocs\\test\\app\\Models\\NavModel.php')
 3 SYSTEMPATH\Autoloader\Autoloader.php(271): CodeIgniter\Autoloader\Autoloader->loadInNamespace('App\\Models\\NavModel')
 4 APPPATH\Controllers\Home.php(17): CodeIgniter\Autoloader\Autoloader->loadClass('App\\Models\\NavModel')
 5 SYSTEMPATH\CodeIgniter.php(933): App\Controllers\Home->index()
 6 SYSTEMPATH\CodeIgniter.php(507): CodeIgniter\CodeIgniter->runController(Object(App\Controllers\Home))
 7 SYSTEMPATH\CodeIgniter.php(354): CodeIgniter\CodeIgniter->handleRequest(null, Object(Config\Cache), false)
 8 SYSTEMPATH\Boot.php(334): CodeIgniter\CodeIgniter->run()
 9 SYSTEMPATH\Boot.php(67): CodeIgniter\Boot::runCodeIgniter(Object(CodeIgniter\CodeIgniter))
10 FCPATH\index.php(56): CodeIgniter\Boot::bootWeb(Object(Config\Paths))
WARNING - 2025-04-25 07:06:03 --> [DEPRECATED] Optional parameter $sarray declared before required parameter $id is implicitly treated as a required parameter in APPPATH\Models\NavModel.php on line 25.
 1 SYSTEMPATH\Autoloader\Autoloader.php(316): include_once('E:\\web\\XAMPP\\htdocs\\test\\system\\Debug\\Exceptions.php')
 2 SYSTEMPATH\Autoloader\Autoloader.php(295): CodeIgniter\Autoloader\Autoloader->includeFile('E:\\web\\XAMPP\\htdocs\\test\\app\\Models\\NavModel.php')
 3 SYSTEMPATH\Autoloader\Autoloader.php(271): CodeIgniter\Autoloader\Autoloader->loadInNamespace('App\\Models\\NavModel')
 4 APPPATH\Controllers\Home.php(17): CodeIgniter\Autoloader\Autoloader->loadClass('App\\Models\\NavModel')
 5 SYSTEMPATH\CodeIgniter.php(933): App\Controllers\Home->index()
 6 SYSTEMPATH\CodeIgniter.php(507): CodeIgniter\CodeIgniter->runController(Object(App\Controllers\Home))
 7 SYSTEMPATH\CodeIgniter.php(354): CodeIgniter\CodeIgniter->handleRequest(null, Object(Config\Cache), false)
 8 SYSTEMPATH\Boot.php(334): CodeIgniter\CodeIgniter->run()
 9 SYSTEMPATH\Boot.php(67): CodeIgniter\Boot::runCodeIgniter(Object(CodeIgniter\CodeIgniter))
10 FCPATH\index.php(56): CodeIgniter\Boot::bootWeb(Object(Config\Paths))
WARNING - 2025-04-25 07:06:04 --> [DEPRECATED] Optional parameter $sarray declared before required parameter $id is implicitly treated as a required parameter in APPPATH\Models\SwiperModel.php on line 23.
 1 SYSTEMPATH\Autoloader\Autoloader.php(316): include_once('E:\\web\\XAMPP\\htdocs\\test\\system\\Debug\\Exceptions.php')
 2 SYSTEMPATH\Autoloader\Autoloader.php(295): CodeIgniter\Autoloader\Autoloader->includeFile('E:\\web\\XAMPP\\htdocs\\test\\app\\Models\\SwiperModel.php')
 3 SYSTEMPATH\Autoloader\Autoloader.php(271): CodeIgniter\Autoloader\Autoloader->loadInNamespace('App\\Models\\SwiperModel')
 4 APPPATH\Controllers\Home.php(12): CodeIgniter\Autoloader\Autoloader->loadClass('App\\Models\\SwiperModel')
 5 SYSTEMPATH\CodeIgniter.php(933): App\Controllers\Home->index()
 6 SYSTEMPATH\CodeIgniter.php(507): CodeIgniter\CodeIgniter->runController(Object(App\Controllers\Home))
 7 SYSTEMPATH\CodeIgniter.php(354): CodeIgniter\CodeIgniter->handleRequest(null, Object(Config\Cache), false)
 8 SYSTEMPATH\Boot.php(334): CodeIgniter\CodeIgniter->run()
 9 SYSTEMPATH\Boot.php(67): CodeIgniter\Boot::runCodeIgniter(Object(CodeIgniter\CodeIgniter))
10 FCPATH\index.php(56): CodeIgniter\Boot::bootWeb(Object(Config\Paths))
WARNING - 2025-04-25 07:06:04 --> [DEPRECATED] Optional parameter $sarray declared before required parameter $where2 is implicitly treated as a required parameter in APPPATH\Models\SwiperModel.php on line 32.
 1 SYSTEMPATH\Autoloader\Autoloader.php(316): include_once('E:\\web\\XAMPP\\htdocs\\test\\system\\Debug\\Exceptions.php')
 2 SYSTEMPATH\Autoloader\Autoloader.php(295): CodeIgniter\Autoloader\Autoloader->includeFile('E:\\web\\XAMPP\\htdocs\\test\\app\\Models\\SwiperModel.php')
 3 SYSTEMPATH\Autoloader\Autoloader.php(271): CodeIgniter\Autoloader\Autoloader->loadInNamespace('App\\Models\\SwiperModel')
 4 APPPATH\Controllers\Home.php(12): CodeIgniter\Autoloader\Autoloader->loadClass('App\\Models\\SwiperModel')
 5 SYSTEMPATH\CodeIgniter.php(933): App\Controllers\Home->index()
 6 SYSTEMPATH\CodeIgniter.php(507): CodeIgniter\CodeIgniter->runController(Object(App\Controllers\Home))
 7 SYSTEMPATH\CodeIgniter.php(354): CodeIgniter\CodeIgniter->handleRequest(null, Object(Config\Cache), false)
 8 SYSTEMPATH\Boot.php(334): CodeIgniter\CodeIgniter->run()
 9 SYSTEMPATH\Boot.php(67): CodeIgniter\Boot::runCodeIgniter(Object(CodeIgniter\CodeIgniter))
10 FCPATH\index.php(56): CodeIgniter\Boot::bootWeb(Object(Config\Paths))
WARNING - 2025-04-25 07:06:04 --> [DEPRECATED] Optional parameter $sarray declared before required parameter $id is implicitly treated as a required parameter in APPPATH\Models\NavModel.php on line 17.
 1 SYSTEMPATH\Autoloader\Autoloader.php(316): include_once('E:\\web\\XAMPP\\htdocs\\test\\system\\Debug\\Exceptions.php')
 2 SYSTEMPATH\Autoloader\Autoloader.php(295): CodeIgniter\Autoloader\Autoloader->includeFile('E:\\web\\XAMPP\\htdocs\\test\\app\\Models\\NavModel.php')
 3 SYSTEMPATH\Autoloader\Autoloader.php(271): CodeIgniter\Autoloader\Autoloader->loadInNamespace('App\\Models\\NavModel')
 4 APPPATH\Controllers\Home.php(17): CodeIgniter\Autoloader\Autoloader->loadClass('App\\Models\\NavModel')
 5 SYSTEMPATH\CodeIgniter.php(933): App\Controllers\Home->index()
 6 SYSTEMPATH\CodeIgniter.php(507): CodeIgniter\CodeIgniter->runController(Object(App\Controllers\Home))
 7 SYSTEMPATH\CodeIgniter.php(354): CodeIgniter\CodeIgniter->handleRequest(null, Object(Config\Cache), false)
 8 SYSTEMPATH\Boot.php(334): CodeIgniter\CodeIgniter->run()
 9 SYSTEMPATH\Boot.php(67): CodeIgniter\Boot::runCodeIgniter(Object(CodeIgniter\CodeIgniter))
10 FCPATH\index.php(56): CodeIgniter\Boot::bootWeb(Object(Config\Paths))
WARNING - 2025-04-25 07:06:04 --> [DEPRECATED] Optional parameter $sarray declared before required parameter $id is implicitly treated as a required parameter in APPPATH\Models\NavModel.php on line 25.
 1 SYSTEMPATH\Autoloader\Autoloader.php(316): include_once('E:\\web\\XAMPP\\htdocs\\test\\system\\Debug\\Exceptions.php')
 2 SYSTEMPATH\Autoloader\Autoloader.php(295): CodeIgniter\Autoloader\Autoloader->includeFile('E:\\web\\XAMPP\\htdocs\\test\\app\\Models\\NavModel.php')
 3 SYSTEMPATH\Autoloader\Autoloader.php(271): CodeIgniter\Autoloader\Autoloader->loadInNamespace('App\\Models\\NavModel')
 4 APPPATH\Controllers\Home.php(17): CodeIgniter\Autoloader\Autoloader->loadClass('App\\Models\\NavModel')
 5 SYSTEMPATH\CodeIgniter.php(933): App\Controllers\Home->index()
 6 SYSTEMPATH\CodeIgniter.php(507): CodeIgniter\CodeIgniter->runController(Object(App\Controllers\Home))
 7 SYSTEMPATH\CodeIgniter.php(354): CodeIgniter\CodeIgniter->handleRequest(null, Object(Config\Cache), false)
 8 SYSTEMPATH\Boot.php(334): CodeIgniter\CodeIgniter->run()
 9 SYSTEMPATH\Boot.php(67): CodeIgniter\Boot::runCodeIgniter(Object(CodeIgniter\CodeIgniter))
10 FCPATH\index.php(56): CodeIgniter\Boot::bootWeb(Object(Config\Paths))
WARNING - 2025-04-25 07:06:07 --> [DEPRECATED] Optional parameter $sarray declared before required parameter $id is implicitly treated as a required parameter in APPPATH\Models\SwiperModel.php on line 23.
 1 SYSTEMPATH\Autoloader\Autoloader.php(316): include_once('E:\\web\\XAMPP\\htdocs\\test\\system\\Debug\\Exceptions.php')
 2 SYSTEMPATH\Autoloader\Autoloader.php(295): CodeIgniter\Autoloader\Autoloader->includeFile('E:\\web\\XAMPP\\htdocs\\test\\app\\Models\\SwiperModel.php')
 3 SYSTEMPATH\Autoloader\Autoloader.php(271): CodeIgniter\Autoloader\Autoloader->loadInNamespace('App\\Models\\SwiperModel')
 4 APPPATH\Controllers\Home.php(12): CodeIgniter\Autoloader\Autoloader->loadClass('App\\Models\\SwiperModel')
 5 SYSTEMPATH\CodeIgniter.php(933): App\Controllers\Home->index()
 6 SYSTEMPATH\CodeIgniter.php(507): CodeIgniter\CodeIgniter->runController(Object(App\Controllers\Home))
 7 SYSTEMPATH\CodeIgniter.php(354): CodeIgniter\CodeIgniter->handleRequest(null, Object(Config\Cache), false)
 8 SYSTEMPATH\Boot.php(334): CodeIgniter\CodeIgniter->run()
 9 SYSTEMPATH\Boot.php(67): CodeIgniter\Boot::runCodeIgniter(Object(CodeIgniter\CodeIgniter))
10 FCPATH\index.php(56): CodeIgniter\Boot::bootWeb(Object(Config\Paths))
WARNING - 2025-04-25 07:06:07 --> [DEPRECATED] Optional parameter $sarray declared before required parameter $where2 is implicitly treated as a required parameter in APPPATH\Models\SwiperModel.php on line 32.
 1 SYSTEMPATH\Autoloader\Autoloader.php(316): include_once('E:\\web\\XAMPP\\htdocs\\test\\system\\Debug\\Exceptions.php')
 2 SYSTEMPATH\Autoloader\Autoloader.php(295): CodeIgniter\Autoloader\Autoloader->includeFile('E:\\web\\XAMPP\\htdocs\\test\\app\\Models\\SwiperModel.php')
 3 SYSTEMPATH\Autoloader\Autoloader.php(271): CodeIgniter\Autoloader\Autoloader->loadInNamespace('App\\Models\\SwiperModel')
 4 APPPATH\Controllers\Home.php(12): CodeIgniter\Autoloader\Autoloader->loadClass('App\\Models\\SwiperModel')
 5 SYSTEMPATH\CodeIgniter.php(933): App\Controllers\Home->index()
 6 SYSTEMPATH\CodeIgniter.php(507): CodeIgniter\CodeIgniter->runController(Object(App\Controllers\Home))
 7 SYSTEMPATH\CodeIgniter.php(354): CodeIgniter\CodeIgniter->handleRequest(null, Object(Config\Cache), false)
 8 SYSTEMPATH\Boot.php(334): CodeIgniter\CodeIgniter->run()
 9 SYSTEMPATH\Boot.php(67): CodeIgniter\Boot::runCodeIgniter(Object(CodeIgniter\CodeIgniter))
10 FCPATH\index.php(56): CodeIgniter\Boot::bootWeb(Object(Config\Paths))
WARNING - 2025-04-25 07:06:07 --> [DEPRECATED] Optional parameter $sarray declared before required parameter $id is implicitly treated as a required parameter in APPPATH\Models\NavModel.php on line 17.
 1 SYSTEMPATH\Autoloader\Autoloader.php(316): include_once('E:\\web\\XAMPP\\htdocs\\test\\system\\Debug\\Exceptions.php')
 2 SYSTEMPATH\Autoloader\Autoloader.php(295): CodeIgniter\Autoloader\Autoloader->includeFile('E:\\web\\XAMPP\\htdocs\\test\\app\\Models\\NavModel.php')
 3 SYSTEMPATH\Autoloader\Autoloader.php(271): CodeIgniter\Autoloader\Autoloader->loadInNamespace('App\\Models\\NavModel')
 4 APPPATH\Controllers\Home.php(17): CodeIgniter\Autoloader\Autoloader->loadClass('App\\Models\\NavModel')
 5 SYSTEMPATH\CodeIgniter.php(933): App\Controllers\Home->index()
 6 SYSTEMPATH\CodeIgniter.php(507): CodeIgniter\CodeIgniter->runController(Object(App\Controllers\Home))
 7 SYSTEMPATH\CodeIgniter.php(354): CodeIgniter\CodeIgniter->handleRequest(null, Object(Config\Cache), false)
 8 SYSTEMPATH\Boot.php(334): CodeIgniter\CodeIgniter->run()
 9 SYSTEMPATH\Boot.php(67): CodeIgniter\Boot::runCodeIgniter(Object(CodeIgniter\CodeIgniter))
10 FCPATH\index.php(56): CodeIgniter\Boot::bootWeb(Object(Config\Paths))
WARNING - 2025-04-25 07:06:07 --> [DEPRECATED] Optional parameter $sarray declared before required parameter $id is implicitly treated as a required parameter in APPPATH\Models\NavModel.php on line 25.
 1 SYSTEMPATH\Autoloader\Autoloader.php(316): include_once('E:\\web\\XAMPP\\htdocs\\test\\system\\Debug\\Exceptions.php')
 2 SYSTEMPATH\Autoloader\Autoloader.php(295): CodeIgniter\Autoloader\Autoloader->includeFile('E:\\web\\XAMPP\\htdocs\\test\\app\\Models\\NavModel.php')
 3 SYSTEMPATH\Autoloader\Autoloader.php(271): CodeIgniter\Autoloader\Autoloader->loadInNamespace('App\\Models\\NavModel')
 4 APPPATH\Controllers\Home.php(17): CodeIgniter\Autoloader\Autoloader->loadClass('App\\Models\\NavModel')
 5 SYSTEMPATH\CodeIgniter.php(933): App\Controllers\Home->index()
 6 SYSTEMPATH\CodeIgniter.php(507): CodeIgniter\CodeIgniter->runController(Object(App\Controllers\Home))
 7 SYSTEMPATH\CodeIgniter.php(354): CodeIgniter\CodeIgniter->handleRequest(null, Object(Config\Cache), false)
 8 SYSTEMPATH\Boot.php(334): CodeIgniter\CodeIgniter->run()
 9 SYSTEMPATH\Boot.php(67): CodeIgniter\Boot::runCodeIgniter(Object(CodeIgniter\CodeIgniter))
10 FCPATH\index.php(56): CodeIgniter\Boot::bootWeb(Object(Config\Paths))
WARNING - 2025-04-25 07:06:08 --> [DEPRECATED] Optional parameter $sarray declared before required parameter $id is implicitly treated as a required parameter in APPPATH\Models\SwiperModel.php on line 23.
 1 SYSTEMPATH\Autoloader\Autoloader.php(316): include_once('E:\\web\\XAMPP\\htdocs\\test\\system\\Debug\\Exceptions.php')
 2 SYSTEMPATH\Autoloader\Autoloader.php(295): CodeIgniter\Autoloader\Autoloader->includeFile('E:\\web\\XAMPP\\htdocs\\test\\app\\Models\\SwiperModel.php')
 3 SYSTEMPATH\Autoloader\Autoloader.php(271): CodeIgniter\Autoloader\Autoloader->loadInNamespace('App\\Models\\SwiperModel')
 4 APPPATH\Controllers\Home.php(12): CodeIgniter\Autoloader\Autoloader->loadClass('App\\Models\\SwiperModel')
 5 SYSTEMPATH\CodeIgniter.php(933): App\Controllers\Home->index()
 6 SYSTEMPATH\CodeIgniter.php(507): CodeIgniter\CodeIgniter->runController(Object(App\Controllers\Home))
 7 SYSTEMPATH\CodeIgniter.php(354): CodeIgniter\CodeIgniter->handleRequest(null, Object(Config\Cache), false)
 8 SYSTEMPATH\Boot.php(334): CodeIgniter\CodeIgniter->run()
 9 SYSTEMPATH\Boot.php(67): CodeIgniter\Boot::runCodeIgniter(Object(CodeIgniter\CodeIgniter))
10 FCPATH\index.php(56): CodeIgniter\Boot::bootWeb(Object(Config\Paths))
WARNING - 2025-04-25 07:06:08 --> [DEPRECATED] Optional parameter $sarray declared before required parameter $where2 is implicitly treated as a required parameter in APPPATH\Models\SwiperModel.php on line 32.
 1 SYSTEMPATH\Autoloader\Autoloader.php(316): include_once('E:\\web\\XAMPP\\htdocs\\test\\system\\Debug\\Exceptions.php')
 2 SYSTEMPATH\Autoloader\Autoloader.php(295): CodeIgniter\Autoloader\Autoloader->includeFile('E:\\web\\XAMPP\\htdocs\\test\\app\\Models\\SwiperModel.php')
 3 SYSTEMPATH\Autoloader\Autoloader.php(271): CodeIgniter\Autoloader\Autoloader->loadInNamespace('App\\Models\\SwiperModel')
 4 APPPATH\Controllers\Home.php(12): CodeIgniter\Autoloader\Autoloader->loadClass('App\\Models\\SwiperModel')
 5 SYSTEMPATH\CodeIgniter.php(933): App\Controllers\Home->index()
 6 SYSTEMPATH\CodeIgniter.php(507): CodeIgniter\CodeIgniter->runController(Object(App\Controllers\Home))
 7 SYSTEMPATH\CodeIgniter.php(354): CodeIgniter\CodeIgniter->handleRequest(null, Object(Config\Cache), false)
 8 SYSTEMPATH\Boot.php(334): CodeIgniter\CodeIgniter->run()
 9 SYSTEMPATH\Boot.php(67): CodeIgniter\Boot::runCodeIgniter(Object(CodeIgniter\CodeIgniter))
10 FCPATH\index.php(56): CodeIgniter\Boot::bootWeb(Object(Config\Paths))
WARNING - 2025-04-25 07:06:08 --> [DEPRECATED] Optional parameter $sarray declared before required parameter $id is implicitly treated as a required parameter in APPPATH\Models\NavModel.php on line 17.
 1 SYSTEMPATH\Autoloader\Autoloader.php(316): include_once('E:\\web\\XAMPP\\htdocs\\test\\system\\Debug\\Exceptions.php')
 2 SYSTEMPATH\Autoloader\Autoloader.php(295): CodeIgniter\Autoloader\Autoloader->includeFile('E:\\web\\XAMPP\\htdocs\\test\\app\\Models\\NavModel.php')
 3 SYSTEMPATH\Autoloader\Autoloader.php(271): CodeIgniter\Autoloader\Autoloader->loadInNamespace('App\\Models\\NavModel')
 4 APPPATH\Controllers\Home.php(17): CodeIgniter\Autoloader\Autoloader->loadClass('App\\Models\\NavModel')
 5 SYSTEMPATH\CodeIgniter.php(933): App\Controllers\Home->index()
 6 SYSTEMPATH\CodeIgniter.php(507): CodeIgniter\CodeIgniter->runController(Object(App\Controllers\Home))
 7 SYSTEMPATH\CodeIgniter.php(354): CodeIgniter\CodeIgniter->handleRequest(null, Object(Config\Cache), false)
 8 SYSTEMPATH\Boot.php(334): CodeIgniter\CodeIgniter->run()
 9 SYSTEMPATH\Boot.php(67): CodeIgniter\Boot::runCodeIgniter(Object(CodeIgniter\CodeIgniter))
10 FCPATH\index.php(56): CodeIgniter\Boot::bootWeb(Object(Config\Paths))
WARNING - 2025-04-25 07:06:08 --> [DEPRECATED] Optional parameter $sarray declared before required parameter $id is implicitly treated as a required parameter in APPPATH\Models\NavModel.php on line 25.
 1 SYSTEMPATH\Autoloader\Autoloader.php(316): include_once('E:\\web\\XAMPP\\htdocs\\test\\system\\Debug\\Exceptions.php')
 2 SYSTEMPATH\Autoloader\Autoloader.php(295): CodeIgniter\Autoloader\Autoloader->includeFile('E:\\web\\XAMPP\\htdocs\\test\\app\\Models\\NavModel.php')
 3 SYSTEMPATH\Autoloader\Autoloader.php(271): CodeIgniter\Autoloader\Autoloader->loadInNamespace('App\\Models\\NavModel')
 4 APPPATH\Controllers\Home.php(17): CodeIgniter\Autoloader\Autoloader->loadClass('App\\Models\\NavModel')
 5 SYSTEMPATH\CodeIgniter.php(933): App\Controllers\Home->index()
 6 SYSTEMPATH\CodeIgniter.php(507): CodeIgniter\CodeIgniter->runController(Object(App\Controllers\Home))
 7 SYSTEMPATH\CodeIgniter.php(354): CodeIgniter\CodeIgniter->handleRequest(null, Object(Config\Cache), false)
 8 SYSTEMPATH\Boot.php(334): CodeIgniter\CodeIgniter->run()
 9 SYSTEMPATH\Boot.php(67): CodeIgniter\Boot::runCodeIgniter(Object(CodeIgniter\CodeIgniter))
10 FCPATH\index.php(56): CodeIgniter\Boot::bootWeb(Object(Config\Paths))
WARNING - 2025-04-25 07:06:09 --> [DEPRECATED] Optional parameter $sarray declared before required parameter $id is implicitly treated as a required parameter in APPPATH\Models\SwiperModel.php on line 23.
 1 SYSTEMPATH\Autoloader\Autoloader.php(316): include_once('E:\\web\\XAMPP\\htdocs\\test\\system\\Debug\\Exceptions.php')
 2 SYSTEMPATH\Autoloader\Autoloader.php(295): CodeIgniter\Autoloader\Autoloader->includeFile('E:\\web\\XAMPP\\htdocs\\test\\app\\Models\\SwiperModel.php')
 3 SYSTEMPATH\Autoloader\Autoloader.php(271): CodeIgniter\Autoloader\Autoloader->loadInNamespace('App\\Models\\SwiperModel')
 4 APPPATH\Controllers\Home.php(12): CodeIgniter\Autoloader\Autoloader->loadClass('App\\Models\\SwiperModel')
 5 SYSTEMPATH\CodeIgniter.php(933): App\Controllers\Home->index()
 6 SYSTEMPATH\CodeIgniter.php(507): CodeIgniter\CodeIgniter->runController(Object(App\Controllers\Home))
 7 SYSTEMPATH\CodeIgniter.php(354): CodeIgniter\CodeIgniter->handleRequest(null, Object(Config\Cache), false)
 8 SYSTEMPATH\Boot.php(334): CodeIgniter\CodeIgniter->run()
 9 SYSTEMPATH\Boot.php(67): CodeIgniter\Boot::runCodeIgniter(Object(CodeIgniter\CodeIgniter))
10 FCPATH\index.php(56): CodeIgniter\Boot::bootWeb(Object(Config\Paths))
WARNING - 2025-04-25 07:06:09 --> [DEPRECATED] Optional parameter $sarray declared before required parameter $where2 is implicitly treated as a required parameter in APPPATH\Models\SwiperModel.php on line 32.
 1 SYSTEMPATH\Autoloader\Autoloader.php(316): include_once('E:\\web\\XAMPP\\htdocs\\test\\system\\Debug\\Exceptions.php')
 2 SYSTEMPATH\Autoloader\Autoloader.php(295): CodeIgniter\Autoloader\Autoloader->includeFile('E:\\web\\XAMPP\\htdocs\\test\\app\\Models\\SwiperModel.php')
 3 SYSTEMPATH\Autoloader\Autoloader.php(271): CodeIgniter\Autoloader\Autoloader->loadInNamespace('App\\Models\\SwiperModel')
 4 APPPATH\Controllers\Home.php(12): CodeIgniter\Autoloader\Autoloader->loadClass('App\\Models\\SwiperModel')
 5 SYSTEMPATH\CodeIgniter.php(933): App\Controllers\Home->index()
 6 SYSTEMPATH\CodeIgniter.php(507): CodeIgniter\CodeIgniter->runController(Object(App\Controllers\Home))
 7 SYSTEMPATH\CodeIgniter.php(354): CodeIgniter\CodeIgniter->handleRequest(null, Object(Config\Cache), false)
 8 SYSTEMPATH\Boot.php(334): CodeIgniter\CodeIgniter->run()
 9 SYSTEMPATH\Boot.php(67): CodeIgniter\Boot::runCodeIgniter(Object(CodeIgniter\CodeIgniter))
10 FCPATH\index.php(56): CodeIgniter\Boot::bootWeb(Object(Config\Paths))
WARNING - 2025-04-25 07:06:10 --> [DEPRECATED] Optional parameter $sarray declared before required parameter $id is implicitly treated as a required parameter in APPPATH\Models\NavModel.php on line 17.
 1 SYSTEMPATH\Autoloader\Autoloader.php(316): include_once('E:\\web\\XAMPP\\htdocs\\test\\system\\Debug\\Exceptions.php')
 2 SYSTEMPATH\Autoloader\Autoloader.php(295): CodeIgniter\Autoloader\Autoloader->includeFile('E:\\web\\XAMPP\\htdocs\\test\\app\\Models\\NavModel.php')
 3 SYSTEMPATH\Autoloader\Autoloader.php(271): CodeIgniter\Autoloader\Autoloader->loadInNamespace('App\\Models\\NavModel')
 4 APPPATH\Controllers\Home.php(17): CodeIgniter\Autoloader\Autoloader->loadClass('App\\Models\\NavModel')
 5 SYSTEMPATH\CodeIgniter.php(933): App\Controllers\Home->index()
 6 SYSTEMPATH\CodeIgniter.php(507): CodeIgniter\CodeIgniter->runController(Object(App\Controllers\Home))
 7 SYSTEMPATH\CodeIgniter.php(354): CodeIgniter\CodeIgniter->handleRequest(null, Object(Config\Cache), false)
 8 SYSTEMPATH\Boot.php(334): CodeIgniter\CodeIgniter->run()
 9 SYSTEMPATH\Boot.php(67): CodeIgniter\Boot::runCodeIgniter(Object(CodeIgniter\CodeIgniter))
10 FCPATH\index.php(56): CodeIgniter\Boot::bootWeb(Object(Config\Paths))
WARNING - 2025-04-25 07:06:10 --> [DEPRECATED] Optional parameter $sarray declared before required parameter $id is implicitly treated as a required parameter in APPPATH\Models\NavModel.php on line 25.
 1 SYSTEMPATH\Autoloader\Autoloader.php(316): include_once('E:\\web\\XAMPP\\htdocs\\test\\system\\Debug\\Exceptions.php')
 2 SYSTEMPATH\Autoloader\Autoloader.php(295): CodeIgniter\Autoloader\Autoloader->includeFile('E:\\web\\XAMPP\\htdocs\\test\\app\\Models\\NavModel.php')
 3 SYSTEMPATH\Autoloader\Autoloader.php(271): CodeIgniter\Autoloader\Autoloader->loadInNamespace('App\\Models\\NavModel')
 4 APPPATH\Controllers\Home.php(17): CodeIgniter\Autoloader\Autoloader->loadClass('App\\Models\\NavModel')
 5 SYSTEMPATH\CodeIgniter.php(933): App\Controllers\Home->index()
 6 SYSTEMPATH\CodeIgniter.php(507): CodeIgniter\CodeIgniter->runController(Object(App\Controllers\Home))
 7 SYSTEMPATH\CodeIgniter.php(354): CodeIgniter\CodeIgniter->handleRequest(null, Object(Config\Cache), false)
 8 SYSTEMPATH\Boot.php(334): CodeIgniter\CodeIgniter->run()
 9 SYSTEMPATH\Boot.php(67): CodeIgniter\Boot::runCodeIgniter(Object(CodeIgniter\CodeIgniter))
10 FCPATH\index.php(56): CodeIgniter\Boot::bootWeb(Object(Config\Paths))
WARNING - 2025-04-25 07:06:11 --> [DEPRECATED] Optional parameter $sarray declared before required parameter $id is implicitly treated as a required parameter in APPPATH\Models\NavModel.php on line 17.
 1 SYSTEMPATH\Autoloader\Autoloader.php(316): include_once('E:\\web\\XAMPP\\htdocs\\test\\system\\Debug\\Exceptions.php')
 2 SYSTEMPATH\Autoloader\Autoloader.php(295): CodeIgniter\Autoloader\Autoloader->includeFile('E:\\web\\XAMPP\\htdocs\\test\\app\\Models\\NavModel.php')
 3 SYSTEMPATH\Autoloader\Autoloader.php(271): CodeIgniter\Autoloader\Autoloader->loadInNamespace('App\\Models\\NavModel')
 4 APPPATH\Controllers\Home.php(29): CodeIgniter\Autoloader\Autoloader->loadClass('App\\Models\\NavModel')
 5 SYSTEMPATH\CodeIgniter.php(933): App\Controllers\Home->category('1')
 6 SYSTEMPATH\CodeIgniter.php(507): CodeIgniter\CodeIgniter->runController(Object(App\Controllers\Home))
 7 SYSTEMPATH\CodeIgniter.php(354): CodeIgniter\CodeIgniter->handleRequest(null, Object(Config\Cache), false)
 8 SYSTEMPATH\Boot.php(334): CodeIgniter\CodeIgniter->run()
 9 SYSTEMPATH\Boot.php(67): CodeIgniter\Boot::runCodeIgniter(Object(CodeIgniter\CodeIgniter))
10 FCPATH\index.php(56): CodeIgniter\Boot::bootWeb(Object(Config\Paths))
WARNING - 2025-04-25 07:06:11 --> [DEPRECATED] Optional parameter $sarray declared before required parameter $id is implicitly treated as a required parameter in APPPATH\Models\NavModel.php on line 25.
 1 SYSTEMPATH\Autoloader\Autoloader.php(316): include_once('E:\\web\\XAMPP\\htdocs\\test\\system\\Debug\\Exceptions.php')
 2 SYSTEMPATH\Autoloader\Autoloader.php(295): CodeIgniter\Autoloader\Autoloader->includeFile('E:\\web\\XAMPP\\htdocs\\test\\app\\Models\\NavModel.php')
 3 SYSTEMPATH\Autoloader\Autoloader.php(271): CodeIgniter\Autoloader\Autoloader->loadInNamespace('App\\Models\\NavModel')
 4 APPPATH\Controllers\Home.php(29): CodeIgniter\Autoloader\Autoloader->loadClass('App\\Models\\NavModel')
 5 SYSTEMPATH\CodeIgniter.php(933): App\Controllers\Home->category('1')
 6 SYSTEMPATH\CodeIgniter.php(507): CodeIgniter\CodeIgniter->runController(Object(App\Controllers\Home))
 7 SYSTEMPATH\CodeIgniter.php(354): CodeIgniter\CodeIgniter->handleRequest(null, Object(Config\Cache), false)
 8 SYSTEMPATH\Boot.php(334): CodeIgniter\CodeIgniter->run()
 9 SYSTEMPATH\Boot.php(67): CodeIgniter\Boot::runCodeIgniter(Object(CodeIgniter\CodeIgniter))
10 FCPATH\index.php(56): CodeIgniter\Boot::bootWeb(Object(Config\Paths))
WARNING - 2025-04-25 07:06:11 --> [DEPRECATED] Optional parameter $sarray declared before required parameter $id is implicitly treated as a required parameter in APPPATH\Models\SwiperModel.php on line 23.
 1 SYSTEMPATH\Autoloader\Autoloader.php(316): include_once('E:\\web\\XAMPP\\htdocs\\test\\system\\Debug\\Exceptions.php')
 2 SYSTEMPATH\Autoloader\Autoloader.php(295): CodeIgniter\Autoloader\Autoloader->includeFile('E:\\web\\XAMPP\\htdocs\\test\\app\\Models\\SwiperModel.php')
 3 SYSTEMPATH\Autoloader\Autoloader.php(271): CodeIgniter\Autoloader\Autoloader->loadInNamespace('App\\Models\\SwiperModel')
 4 APPPATH\Controllers\Home.php(30): CodeIgniter\Autoloader\Autoloader->loadClass('App\\Models\\SwiperModel')
 5 SYSTEMPATH\CodeIgniter.php(933): App\Controllers\Home->category('1')
 6 SYSTEMPATH\CodeIgniter.php(507): CodeIgniter\CodeIgniter->runController(Object(App\Controllers\Home))
 7 SYSTEMPATH\CodeIgniter.php(354): CodeIgniter\CodeIgniter->handleRequest(null, Object(Config\Cache), false)
 8 SYSTEMPATH\Boot.php(334): CodeIgniter\CodeIgniter->run()
 9 SYSTEMPATH\Boot.php(67): CodeIgniter\Boot::runCodeIgniter(Object(CodeIgniter\CodeIgniter))
10 FCPATH\index.php(56): CodeIgniter\Boot::bootWeb(Object(Config\Paths))
WARNING - 2025-04-25 07:06:11 --> [DEPRECATED] Optional parameter $sarray declared before required parameter $where2 is implicitly treated as a required parameter in APPPATH\Models\SwiperModel.php on line 32.
 1 SYSTEMPATH\Autoloader\Autoloader.php(316): include_once('E:\\web\\XAMPP\\htdocs\\test\\system\\Debug\\Exceptions.php')
 2 SYSTEMPATH\Autoloader\Autoloader.php(295): CodeIgniter\Autoloader\Autoloader->includeFile('E:\\web\\XAMPP\\htdocs\\test\\app\\Models\\SwiperModel.php')
 3 SYSTEMPATH\Autoloader\Autoloader.php(271): CodeIgniter\Autoloader\Autoloader->loadInNamespace('App\\Models\\SwiperModel')
 4 APPPATH\Controllers\Home.php(30): CodeIgniter\Autoloader\Autoloader->loadClass('App\\Models\\SwiperModel')
 5 SYSTEMPATH\CodeIgniter.php(933): App\Controllers\Home->category('1')
 6 SYSTEMPATH\CodeIgniter.php(507): CodeIgniter\CodeIgniter->runController(Object(App\Controllers\Home))
 7 SYSTEMPATH\CodeIgniter.php(354): CodeIgniter\CodeIgniter->handleRequest(null, Object(Config\Cache), false)
 8 SYSTEMPATH\Boot.php(334): CodeIgniter\CodeIgniter->run()
 9 SYSTEMPATH\Boot.php(67): CodeIgniter\Boot::runCodeIgniter(Object(CodeIgniter\CodeIgniter))
10 FCPATH\index.php(56): CodeIgniter\Boot::bootWeb(Object(Config\Paths))
WARNING - 2025-04-25 07:06:12 --> [DEPRECATED] Optional parameter $sarray declared before required parameter $id is implicitly treated as a required parameter in APPPATH\Models\NavModel.php on line 17.
 1 SYSTEMPATH\Autoloader\Autoloader.php(316): include_once('E:\\web\\XAMPP\\htdocs\\test\\system\\Debug\\Exceptions.php')
 2 SYSTEMPATH\Autoloader\Autoloader.php(295): CodeIgniter\Autoloader\Autoloader->includeFile('E:\\web\\XAMPP\\htdocs\\test\\app\\Models\\NavModel.php')
 3 SYSTEMPATH\Autoloader\Autoloader.php(271): CodeIgniter\Autoloader\Autoloader->loadInNamespace('App\\Models\\NavModel')
 4 APPPATH\Controllers\Home.php(29): CodeIgniter\Autoloader\Autoloader->loadClass('App\\Models\\NavModel')
 5 SYSTEMPATH\CodeIgniter.php(933): App\Controllers\Home->category('10')
 6 SYSTEMPATH\CodeIgniter.php(507): CodeIgniter\CodeIgniter->runController(Object(App\Controllers\Home))
 7 SYSTEMPATH\CodeIgniter.php(354): CodeIgniter\CodeIgniter->handleRequest(null, Object(Config\Cache), false)
 8 SYSTEMPATH\Boot.php(334): CodeIgniter\CodeIgniter->run()
 9 SYSTEMPATH\Boot.php(67): CodeIgniter\Boot::runCodeIgniter(Object(CodeIgniter\CodeIgniter))
10 FCPATH\index.php(56): CodeIgniter\Boot::bootWeb(Object(Config\Paths))
WARNING - 2025-04-25 07:06:12 --> [DEPRECATED] Optional parameter $sarray declared before required parameter $id is implicitly treated as a required parameter in APPPATH\Models\NavModel.php on line 25.
 1 SYSTEMPATH\Autoloader\Autoloader.php(316): include_once('E:\\web\\XAMPP\\htdocs\\test\\system\\Debug\\Exceptions.php')
 2 SYSTEMPATH\Autoloader\Autoloader.php(295): CodeIgniter\Autoloader\Autoloader->includeFile('E:\\web\\XAMPP\\htdocs\\test\\app\\Models\\NavModel.php')
 3 SYSTEMPATH\Autoloader\Autoloader.php(271): CodeIgniter\Autoloader\Autoloader->loadInNamespace('App\\Models\\NavModel')
 4 APPPATH\Controllers\Home.php(29): CodeIgniter\Autoloader\Autoloader->loadClass('App\\Models\\NavModel')
 5 SYSTEMPATH\CodeIgniter.php(933): App\Controllers\Home->category('10')
 6 SYSTEMPATH\CodeIgniter.php(507): CodeIgniter\CodeIgniter->runController(Object(App\Controllers\Home))
 7 SYSTEMPATH\CodeIgniter.php(354): CodeIgniter\CodeIgniter->handleRequest(null, Object(Config\Cache), false)
 8 SYSTEMPATH\Boot.php(334): CodeIgniter\CodeIgniter->run()
 9 SYSTEMPATH\Boot.php(67): CodeIgniter\Boot::runCodeIgniter(Object(CodeIgniter\CodeIgniter))
10 FCPATH\index.php(56): CodeIgniter\Boot::bootWeb(Object(Config\Paths))
WARNING - 2025-04-25 07:06:12 --> [DEPRECATED] Optional parameter $sarray declared before required parameter $id is implicitly treated as a required parameter in APPPATH\Models\SwiperModel.php on line 23.
 1 SYSTEMPATH\Autoloader\Autoloader.php(316): include_once('E:\\web\\XAMPP\\htdocs\\test\\system\\Debug\\Exceptions.php')
 2 SYSTEMPATH\Autoloader\Autoloader.php(295): CodeIgniter\Autoloader\Autoloader->includeFile('E:\\web\\XAMPP\\htdocs\\test\\app\\Models\\SwiperModel.php')
 3 SYSTEMPATH\Autoloader\Autoloader.php(271): CodeIgniter\Autoloader\Autoloader->loadInNamespace('App\\Models\\SwiperModel')
 4 APPPATH\Controllers\Home.php(30): CodeIgniter\Autoloader\Autoloader->loadClass('App\\Models\\SwiperModel')
 5 SYSTEMPATH\CodeIgniter.php(933): App\Controllers\Home->category('10')
 6 SYSTEMPATH\CodeIgniter.php(507): CodeIgniter\CodeIgniter->runController(Object(App\Controllers\Home))
 7 SYSTEMPATH\CodeIgniter.php(354): CodeIgniter\CodeIgniter->handleRequest(null, Object(Config\Cache), false)
 8 SYSTEMPATH\Boot.php(334): CodeIgniter\CodeIgniter->run()
 9 SYSTEMPATH\Boot.php(67): CodeIgniter\Boot::runCodeIgniter(Object(CodeIgniter\CodeIgniter))
10 FCPATH\index.php(56): CodeIgniter\Boot::bootWeb(Object(Config\Paths))
WARNING - 2025-04-25 07:06:12 --> [DEPRECATED] Optional parameter $sarray declared before required parameter $where2 is implicitly treated as a required parameter in APPPATH\Models\SwiperModel.php on line 32.
 1 SYSTEMPATH\Autoloader\Autoloader.php(316): include_once('E:\\web\\XAMPP\\htdocs\\test\\system\\Debug\\Exceptions.php')
 2 SYSTEMPATH\Autoloader\Autoloader.php(295): CodeIgniter\Autoloader\Autoloader->includeFile('E:\\web\\XAMPP\\htdocs\\test\\app\\Models\\SwiperModel.php')
 3 SYSTEMPATH\Autoloader\Autoloader.php(271): CodeIgniter\Autoloader\Autoloader->loadInNamespace('App\\Models\\SwiperModel')
 4 APPPATH\Controllers\Home.php(30): CodeIgniter\Autoloader\Autoloader->loadClass('App\\Models\\SwiperModel')
 5 SYSTEMPATH\CodeIgniter.php(933): App\Controllers\Home->category('10')
 6 SYSTEMPATH\CodeIgniter.php(507): CodeIgniter\CodeIgniter->runController(Object(App\Controllers\Home))
 7 SYSTEMPATH\CodeIgniter.php(354): CodeIgniter\CodeIgniter->handleRequest(null, Object(Config\Cache), false)
 8 SYSTEMPATH\Boot.php(334): CodeIgniter\CodeIgniter->run()
 9 SYSTEMPATH\Boot.php(67): CodeIgniter\Boot::runCodeIgniter(Object(CodeIgniter\CodeIgniter))
10 FCPATH\index.php(56): CodeIgniter\Boot::bootWeb(Object(Config\Paths))
WARNING - 2025-04-25 07:06:14 --> [DEPRECATED] Optional parameter $sarray declared before required parameter $id is implicitly treated as a required parameter in APPPATH\Models\SwiperModel.php on line 23.
 1 SYSTEMPATH\Autoloader\Autoloader.php(316): include_once('E:\\web\\XAMPP\\htdocs\\test\\system\\Debug\\Exceptions.php')
 2 SYSTEMPATH\Autoloader\Autoloader.php(295): CodeIgniter\Autoloader\Autoloader->includeFile('E:\\web\\XAMPP\\htdocs\\test\\app\\Models\\SwiperModel.php')
 3 SYSTEMPATH\Autoloader\Autoloader.php(271): CodeIgniter\Autoloader\Autoloader->loadInNamespace('App\\Models\\SwiperModel')
 4 APPPATH\Controllers\Home.php(12): CodeIgniter\Autoloader\Autoloader->loadClass('App\\Models\\SwiperModel')
 5 SYSTEMPATH\CodeIgniter.php(933): App\Controllers\Home->index()
 6 SYSTEMPATH\CodeIgniter.php(507): CodeIgniter\CodeIgniter->runController(Object(App\Controllers\Home))
 7 SYSTEMPATH\CodeIgniter.php(354): CodeIgniter\CodeIgniter->handleRequest(null, Object(Config\Cache), false)
 8 SYSTEMPATH\Boot.php(334): CodeIgniter\CodeIgniter->run()
 9 SYSTEMPATH\Boot.php(67): CodeIgniter\Boot::runCodeIgniter(Object(CodeIgniter\CodeIgniter))
10 FCPATH\index.php(56): CodeIgniter\Boot::bootWeb(Object(Config\Paths))
WARNING - 2025-04-25 07:06:14 --> [DEPRECATED] Optional parameter $sarray declared before required parameter $where2 is implicitly treated as a required parameter in APPPATH\Models\SwiperModel.php on line 32.
 1 SYSTEMPATH\Autoloader\Autoloader.php(316): include_once('E:\\web\\XAMPP\\htdocs\\test\\system\\Debug\\Exceptions.php')
 2 SYSTEMPATH\Autoloader\Autoloader.php(295): CodeIgniter\Autoloader\Autoloader->includeFile('E:\\web\\XAMPP\\htdocs\\test\\app\\Models\\SwiperModel.php')
 3 SYSTEMPATH\Autoloader\Autoloader.php(271): CodeIgniter\Autoloader\Autoloader->loadInNamespace('App\\Models\\SwiperModel')
 4 APPPATH\Controllers\Home.php(12): CodeIgniter\Autoloader\Autoloader->loadClass('App\\Models\\SwiperModel')
 5 SYSTEMPATH\CodeIgniter.php(933): App\Controllers\Home->index()
 6 SYSTEMPATH\CodeIgniter.php(507): CodeIgniter\CodeIgniter->runController(Object(App\Controllers\Home))
 7 SYSTEMPATH\CodeIgniter.php(354): CodeIgniter\CodeIgniter->handleRequest(null, Object(Config\Cache), false)
 8 SYSTEMPATH\Boot.php(334): CodeIgniter\CodeIgniter->run()
 9 SYSTEMPATH\Boot.php(67): CodeIgniter\Boot::runCodeIgniter(Object(CodeIgniter\CodeIgniter))
10 FCPATH\index.php(56): CodeIgniter\Boot::bootWeb(Object(Config\Paths))
WARNING - 2025-04-25 07:06:14 --> [DEPRECATED] Optional parameter $sarray declared before required parameter $id is implicitly treated as a required parameter in APPPATH\Models\NavModel.php on line 17.
 1 SYSTEMPATH\Autoloader\Autoloader.php(316): include_once('E:\\web\\XAMPP\\htdocs\\test\\system\\Debug\\Exceptions.php')
 2 SYSTEMPATH\Autoloader\Autoloader.php(295): CodeIgniter\Autoloader\Autoloader->includeFile('E:\\web\\XAMPP\\htdocs\\test\\app\\Models\\NavModel.php')
 3 SYSTEMPATH\Autoloader\Autoloader.php(271): CodeIgniter\Autoloader\Autoloader->loadInNamespace('App\\Models\\NavModel')
 4 APPPATH\Controllers\Home.php(17): CodeIgniter\Autoloader\Autoloader->loadClass('App\\Models\\NavModel')
 5 SYSTEMPATH\CodeIgniter.php(933): App\Controllers\Home->index()
 6 SYSTEMPATH\CodeIgniter.php(507): CodeIgniter\CodeIgniter->runController(Object(App\Controllers\Home))
 7 SYSTEMPATH\CodeIgniter.php(354): CodeIgniter\CodeIgniter->handleRequest(null, Object(Config\Cache), false)
 8 SYSTEMPATH\Boot.php(334): CodeIgniter\CodeIgniter->run()
 9 SYSTEMPATH\Boot.php(67): CodeIgniter\Boot::runCodeIgniter(Object(CodeIgniter\CodeIgniter))
10 FCPATH\index.php(56): CodeIgniter\Boot::bootWeb(Object(Config\Paths))
WARNING - 2025-04-25 07:06:14 --> [DEPRECATED] Optional parameter $sarray declared before required parameter $id is implicitly treated as a required parameter in APPPATH\Models\NavModel.php on line 25.
 1 SYSTEMPATH\Autoloader\Autoloader.php(316): include_once('E:\\web\\XAMPP\\htdocs\\test\\system\\Debug\\Exceptions.php')
 2 SYSTEMPATH\Autoloader\Autoloader.php(295): CodeIgniter\Autoloader\Autoloader->includeFile('E:\\web\\XAMPP\\htdocs\\test\\app\\Models\\NavModel.php')
 3 SYSTEMPATH\Autoloader\Autoloader.php(271): CodeIgniter\Autoloader\Autoloader->loadInNamespace('App\\Models\\NavModel')
 4 APPPATH\Controllers\Home.php(17): CodeIgniter\Autoloader\Autoloader->loadClass('App\\Models\\NavModel')
 5 SYSTEMPATH\CodeIgniter.php(933): App\Controllers\Home->index()
 6 SYSTEMPATH\CodeIgniter.php(507): CodeIgniter\CodeIgniter->runController(Object(App\Controllers\Home))
 7 SYSTEMPATH\CodeIgniter.php(354): CodeIgniter\CodeIgniter->handleRequest(null, Object(Config\Cache), false)
 8 SYSTEMPATH\Boot.php(334): CodeIgniter\CodeIgniter->run()
 9 SYSTEMPATH\Boot.php(67): CodeIgniter\Boot::runCodeIgniter(Object(CodeIgniter\CodeIgniter))
10 FCPATH\index.php(56): CodeIgniter\Boot::bootWeb(Object(Config\Paths))
WARNING - 2025-04-25 07:08:08 --> [DEPRECATED] Optional parameter $sarray declared before required parameter $id is implicitly treated as a required parameter in APPPATH\Models\SwiperModel.php on line 23.
 1 SYSTEMPATH\Autoloader\Autoloader.php(316): include_once('E:\\web\\XAMPP\\htdocs\\test\\system\\Debug\\Exceptions.php')
 2 SYSTEMPATH\Autoloader\Autoloader.php(295): CodeIgniter\Autoloader\Autoloader->includeFile('E:\\web\\XAMPP\\htdocs\\test\\app\\Models\\SwiperModel.php')
 3 SYSTEMPATH\Autoloader\Autoloader.php(271): CodeIgniter\Autoloader\Autoloader->loadInNamespace('App\\Models\\SwiperModel')
 4 APPPATH\Controllers\Home.php(12): CodeIgniter\Autoloader\Autoloader->loadClass('App\\Models\\SwiperModel')
 5 SYSTEMPATH\CodeIgniter.php(933): App\Controllers\Home->index()
 6 SYSTEMPATH\CodeIgniter.php(507): CodeIgniter\CodeIgniter->runController(Object(App\Controllers\Home))
 7 SYSTEMPATH\CodeIgniter.php(354): CodeIgniter\CodeIgniter->handleRequest(null, Object(Config\Cache), false)
 8 SYSTEMPATH\Boot.php(334): CodeIgniter\CodeIgniter->run()
 9 SYSTEMPATH\Boot.php(67): CodeIgniter\Boot::runCodeIgniter(Object(CodeIgniter\CodeIgniter))
10 FCPATH\index.php(56): CodeIgniter\Boot::bootWeb(Object(Config\Paths))
WARNING - 2025-04-25 07:08:08 --> [DEPRECATED] Optional parameter $sarray declared before required parameter $where2 is implicitly treated as a required parameter in APPPATH\Models\SwiperModel.php on line 32.
 1 SYSTEMPATH\Autoloader\Autoloader.php(316): include_once('E:\\web\\XAMPP\\htdocs\\test\\system\\Debug\\Exceptions.php')
 2 SYSTEMPATH\Autoloader\Autoloader.php(295): CodeIgniter\Autoloader\Autoloader->includeFile('E:\\web\\XAMPP\\htdocs\\test\\app\\Models\\SwiperModel.php')
 3 SYSTEMPATH\Autoloader\Autoloader.php(271): CodeIgniter\Autoloader\Autoloader->loadInNamespace('App\\Models\\SwiperModel')
 4 APPPATH\Controllers\Home.php(12): CodeIgniter\Autoloader\Autoloader->loadClass('App\\Models\\SwiperModel')
 5 SYSTEMPATH\CodeIgniter.php(933): App\Controllers\Home->index()
 6 SYSTEMPATH\CodeIgniter.php(507): CodeIgniter\CodeIgniter->runController(Object(App\Controllers\Home))
 7 SYSTEMPATH\CodeIgniter.php(354): CodeIgniter\CodeIgniter->handleRequest(null, Object(Config\Cache), false)
 8 SYSTEMPATH\Boot.php(334): CodeIgniter\CodeIgniter->run()
 9 SYSTEMPATH\Boot.php(67): CodeIgniter\Boot::runCodeIgniter(Object(CodeIgniter\CodeIgniter))
10 FCPATH\index.php(56): CodeIgniter\Boot::bootWeb(Object(Config\Paths))
WARNING - 2025-04-25 07:08:08 --> [DEPRECATED] Optional parameter $sarray declared before required parameter $id is implicitly treated as a required parameter in APPPATH\Models\NavModel.php on line 17.
 1 SYSTEMPATH\Autoloader\Autoloader.php(316): include_once('E:\\web\\XAMPP\\htdocs\\test\\system\\Debug\\Exceptions.php')
 2 SYSTEMPATH\Autoloader\Autoloader.php(295): CodeIgniter\Autoloader\Autoloader->includeFile('E:\\web\\XAMPP\\htdocs\\test\\app\\Models\\NavModel.php')
 3 SYSTEMPATH\Autoloader\Autoloader.php(271): CodeIgniter\Autoloader\Autoloader->loadInNamespace('App\\Models\\NavModel')
 4 APPPATH\Controllers\Home.php(17): CodeIgniter\Autoloader\Autoloader->loadClass('App\\Models\\NavModel')
 5 SYSTEMPATH\CodeIgniter.php(933): App\Controllers\Home->index()
 6 SYSTEMPATH\CodeIgniter.php(507): CodeIgniter\CodeIgniter->runController(Object(App\Controllers\Home))
 7 SYSTEMPATH\CodeIgniter.php(354): CodeIgniter\CodeIgniter->handleRequest(null, Object(Config\Cache), false)
 8 SYSTEMPATH\Boot.php(334): CodeIgniter\CodeIgniter->run()
 9 SYSTEMPATH\Boot.php(67): CodeIgniter\Boot::runCodeIgniter(Object(CodeIgniter\CodeIgniter))
10 FCPATH\index.php(56): CodeIgniter\Boot::bootWeb(Object(Config\Paths))
WARNING - 2025-04-25 07:08:08 --> [DEPRECATED] Optional parameter $sarray declared before required parameter $id is implicitly treated as a required parameter in APPPATH\Models\NavModel.php on line 25.
 1 SYSTEMPATH\Autoloader\Autoloader.php(316): include_once('E:\\web\\XAMPP\\htdocs\\test\\system\\Debug\\Exceptions.php')
 2 SYSTEMPATH\Autoloader\Autoloader.php(295): CodeIgniter\Autoloader\Autoloader->includeFile('E:\\web\\XAMPP\\htdocs\\test\\app\\Models\\NavModel.php')
 3 SYSTEMPATH\Autoloader\Autoloader.php(271): CodeIgniter\Autoloader\Autoloader->loadInNamespace('App\\Models\\NavModel')
 4 APPPATH\Controllers\Home.php(17): CodeIgniter\Autoloader\Autoloader->loadClass('App\\Models\\NavModel')
 5 SYSTEMPATH\CodeIgniter.php(933): App\Controllers\Home->index()
 6 SYSTEMPATH\CodeIgniter.php(507): CodeIgniter\CodeIgniter->runController(Object(App\Controllers\Home))
 7 SYSTEMPATH\CodeIgniter.php(354): CodeIgniter\CodeIgniter->handleRequest(null, Object(Config\Cache), false)
 8 SYSTEMPATH\Boot.php(334): CodeIgniter\CodeIgniter->run()
 9 SYSTEMPATH\Boot.php(67): CodeIgniter\Boot::runCodeIgniter(Object(CodeIgniter\CodeIgniter))
10 FCPATH\index.php(56): CodeIgniter\Boot::bootWeb(Object(Config\Paths))
WARNING - 2025-04-25 07:08:10 --> [DEPRECATED] Optional parameter $sarray declared before required parameter $id is implicitly treated as a required parameter in APPPATH\Models\SwiperModel.php on line 23.
 1 SYSTEMPATH\Autoloader\Autoloader.php(316): include_once('E:\\web\\XAMPP\\htdocs\\test\\system\\Debug\\Exceptions.php')
 2 SYSTEMPATH\Autoloader\Autoloader.php(295): CodeIgniter\Autoloader\Autoloader->includeFile('E:\\web\\XAMPP\\htdocs\\test\\app\\Models\\SwiperModel.php')
 3 SYSTEMPATH\Autoloader\Autoloader.php(271): CodeIgniter\Autoloader\Autoloader->loadInNamespace('App\\Models\\SwiperModel')
 4 APPPATH\Controllers\Home.php(12): CodeIgniter\Autoloader\Autoloader->loadClass('App\\Models\\SwiperModel')
 5 SYSTEMPATH\CodeIgniter.php(933): App\Controllers\Home->index()
 6 SYSTEMPATH\CodeIgniter.php(507): CodeIgniter\CodeIgniter->runController(Object(App\Controllers\Home))
 7 SYSTEMPATH\CodeIgniter.php(354): CodeIgniter\CodeIgniter->handleRequest(null, Object(Config\Cache), false)
 8 SYSTEMPATH\Boot.php(334): CodeIgniter\CodeIgniter->run()
 9 SYSTEMPATH\Boot.php(67): CodeIgniter\Boot::runCodeIgniter(Object(CodeIgniter\CodeIgniter))
10 FCPATH\index.php(56): CodeIgniter\Boot::bootWeb(Object(Config\Paths))
WARNING - 2025-04-25 07:08:10 --> [DEPRECATED] Optional parameter $sarray declared before required parameter $where2 is implicitly treated as a required parameter in APPPATH\Models\SwiperModel.php on line 32.
 1 SYSTEMPATH\Autoloader\Autoloader.php(316): include_once('E:\\web\\XAMPP\\htdocs\\test\\system\\Debug\\Exceptions.php')
 2 SYSTEMPATH\Autoloader\Autoloader.php(295): CodeIgniter\Autoloader\Autoloader->includeFile('E:\\web\\XAMPP\\htdocs\\test\\app\\Models\\SwiperModel.php')
 3 SYSTEMPATH\Autoloader\Autoloader.php(271): CodeIgniter\Autoloader\Autoloader->loadInNamespace('App\\Models\\SwiperModel')
 4 APPPATH\Controllers\Home.php(12): CodeIgniter\Autoloader\Autoloader->loadClass('App\\Models\\SwiperModel')
 5 SYSTEMPATH\CodeIgniter.php(933): App\Controllers\Home->index()
 6 SYSTEMPATH\CodeIgniter.php(507): CodeIgniter\CodeIgniter->runController(Object(App\Controllers\Home))
 7 SYSTEMPATH\CodeIgniter.php(354): CodeIgniter\CodeIgniter->handleRequest(null, Object(Config\Cache), false)
 8 SYSTEMPATH\Boot.php(334): CodeIgniter\CodeIgniter->run()
 9 SYSTEMPATH\Boot.php(67): CodeIgniter\Boot::runCodeIgniter(Object(CodeIgniter\CodeIgniter))
10 FCPATH\index.php(56): CodeIgniter\Boot::bootWeb(Object(Config\Paths))
WARNING - 2025-04-25 07:08:10 --> [DEPRECATED] Optional parameter $sarray declared before required parameter $id is implicitly treated as a required parameter in APPPATH\Models\NavModel.php on line 17.
 1 SYSTEMPATH\Autoloader\Autoloader.php(316): include_once('E:\\web\\XAMPP\\htdocs\\test\\system\\Debug\\Exceptions.php')
 2 SYSTEMPATH\Autoloader\Autoloader.php(295): CodeIgniter\Autoloader\Autoloader->includeFile('E:\\web\\XAMPP\\htdocs\\test\\app\\Models\\NavModel.php')
 3 SYSTEMPATH\Autoloader\Autoloader.php(271): CodeIgniter\Autoloader\Autoloader->loadInNamespace('App\\Models\\NavModel')
 4 APPPATH\Controllers\Home.php(17): CodeIgniter\Autoloader\Autoloader->loadClass('App\\Models\\NavModel')
 5 SYSTEMPATH\CodeIgniter.php(933): App\Controllers\Home->index()
 6 SYSTEMPATH\CodeIgniter.php(507): CodeIgniter\CodeIgniter->runController(Object(App\Controllers\Home))
 7 SYSTEMPATH\CodeIgniter.php(354): CodeIgniter\CodeIgniter->handleRequest(null, Object(Config\Cache), false)
 8 SYSTEMPATH\Boot.php(334): CodeIgniter\CodeIgniter->run()
 9 SYSTEMPATH\Boot.php(67): CodeIgniter\Boot::runCodeIgniter(Object(CodeIgniter\CodeIgniter))
10 FCPATH\index.php(56): CodeIgniter\Boot::bootWeb(Object(Config\Paths))
WARNING - 2025-04-25 07:08:10 --> [DEPRECATED] Optional parameter $sarray declared before required parameter $id is implicitly treated as a required parameter in APPPATH\Models\NavModel.php on line 25.
 1 SYSTEMPATH\Autoloader\Autoloader.php(316): include_once('E:\\web\\XAMPP\\htdocs\\test\\system\\Debug\\Exceptions.php')
 2 SYSTEMPATH\Autoloader\Autoloader.php(295): CodeIgniter\Autoloader\Autoloader->includeFile('E:\\web\\XAMPP\\htdocs\\test\\app\\Models\\NavModel.php')
 3 SYSTEMPATH\Autoloader\Autoloader.php(271): CodeIgniter\Autoloader\Autoloader->loadInNamespace('App\\Models\\NavModel')
 4 APPPATH\Controllers\Home.php(17): CodeIgniter\Autoloader\Autoloader->loadClass('App\\Models\\NavModel')
 5 SYSTEMPATH\CodeIgniter.php(933): App\Controllers\Home->index()
 6 SYSTEMPATH\CodeIgniter.php(507): CodeIgniter\CodeIgniter->runController(Object(App\Controllers\Home))
 7 SYSTEMPATH\CodeIgniter.php(354): CodeIgniter\CodeIgniter->handleRequest(null, Object(Config\Cache), false)
 8 SYSTEMPATH\Boot.php(334): CodeIgniter\CodeIgniter->run()
 9 SYSTEMPATH\Boot.php(67): CodeIgniter\Boot::runCodeIgniter(Object(CodeIgniter\CodeIgniter))
10 FCPATH\index.php(56): CodeIgniter\Boot::bootWeb(Object(Config\Paths))
WARNING - 2025-04-25 07:08:12 --> [DEPRECATED] Optional parameter $sarray declared before required parameter $id is implicitly treated as a required parameter in APPPATH\Models\NavModel.php on line 17.
 1 SYSTEMPATH\Autoloader\Autoloader.php(316): include_once('E:\\web\\XAMPP\\htdocs\\test\\system\\Debug\\Exceptions.php')
 2 SYSTEMPATH\Autoloader\Autoloader.php(295): CodeIgniter\Autoloader\Autoloader->includeFile('E:\\web\\XAMPP\\htdocs\\test\\app\\Models\\NavModel.php')
 3 SYSTEMPATH\Autoloader\Autoloader.php(271): CodeIgniter\Autoloader\Autoloader->loadInNamespace('App\\Models\\NavModel')
 4 APPPATH\Controllers\Home.php(29): CodeIgniter\Autoloader\Autoloader->loadClass('App\\Models\\NavModel')
 5 SYSTEMPATH\CodeIgniter.php(933): App\Controllers\Home->category('3')
 6 SYSTEMPATH\CodeIgniter.php(507): CodeIgniter\CodeIgniter->runController(Object(App\Controllers\Home))
 7 SYSTEMPATH\CodeIgniter.php(354): CodeIgniter\CodeIgniter->handleRequest(null, Object(Config\Cache), false)
 8 SYSTEMPATH\Boot.php(334): CodeIgniter\CodeIgniter->run()
 9 SYSTEMPATH\Boot.php(67): CodeIgniter\Boot::runCodeIgniter(Object(CodeIgniter\CodeIgniter))
10 FCPATH\index.php(56): CodeIgniter\Boot::bootWeb(Object(Config\Paths))
WARNING - 2025-04-25 07:08:12 --> [DEPRECATED] Optional parameter $sarray declared before required parameter $id is implicitly treated as a required parameter in APPPATH\Models\NavModel.php on line 25.
 1 SYSTEMPATH\Autoloader\Autoloader.php(316): include_once('E:\\web\\XAMPP\\htdocs\\test\\system\\Debug\\Exceptions.php')
 2 SYSTEMPATH\Autoloader\Autoloader.php(295): CodeIgniter\Autoloader\Autoloader->includeFile('E:\\web\\XAMPP\\htdocs\\test\\app\\Models\\NavModel.php')
 3 SYSTEMPATH\Autoloader\Autoloader.php(271): CodeIgniter\Autoloader\Autoloader->loadInNamespace('App\\Models\\NavModel')
 4 APPPATH\Controllers\Home.php(29): CodeIgniter\Autoloader\Autoloader->loadClass('App\\Models\\NavModel')
 5 SYSTEMPATH\CodeIgniter.php(933): App\Controllers\Home->category('3')
 6 SYSTEMPATH\CodeIgniter.php(507): CodeIgniter\CodeIgniter->runController(Object(App\Controllers\Home))
 7 SYSTEMPATH\CodeIgniter.php(354): CodeIgniter\CodeIgniter->handleRequest(null, Object(Config\Cache), false)
 8 SYSTEMPATH\Boot.php(334): CodeIgniter\CodeIgniter->run()
 9 SYSTEMPATH\Boot.php(67): CodeIgniter\Boot::runCodeIgniter(Object(CodeIgniter\CodeIgniter))
10 FCPATH\index.php(56): CodeIgniter\Boot::bootWeb(Object(Config\Paths))
WARNING - 2025-04-25 07:08:12 --> [DEPRECATED] Optional parameter $sarray declared before required parameter $id is implicitly treated as a required parameter in APPPATH\Models\SwiperModel.php on line 23.
 1 SYSTEMPATH\Autoloader\Autoloader.php(316): include_once('E:\\web\\XAMPP\\htdocs\\test\\system\\Debug\\Exceptions.php')
 2 SYSTEMPATH\Autoloader\Autoloader.php(295): CodeIgniter\Autoloader\Autoloader->includeFile('E:\\web\\XAMPP\\htdocs\\test\\app\\Models\\SwiperModel.php')
 3 SYSTEMPATH\Autoloader\Autoloader.php(271): CodeIgniter\Autoloader\Autoloader->loadInNamespace('App\\Models\\SwiperModel')
 4 APPPATH\Controllers\Home.php(30): CodeIgniter\Autoloader\Autoloader->loadClass('App\\Models\\SwiperModel')
 5 SYSTEMPATH\CodeIgniter.php(933): App\Controllers\Home->category('3')
 6 SYSTEMPATH\CodeIgniter.php(507): CodeIgniter\CodeIgniter->runController(Object(App\Controllers\Home))
 7 SYSTEMPATH\CodeIgniter.php(354): CodeIgniter\CodeIgniter->handleRequest(null, Object(Config\Cache), false)
 8 SYSTEMPATH\Boot.php(334): CodeIgniter\CodeIgniter->run()
 9 SYSTEMPATH\Boot.php(67): CodeIgniter\Boot::runCodeIgniter(Object(CodeIgniter\CodeIgniter))
10 FCPATH\index.php(56): CodeIgniter\Boot::bootWeb(Object(Config\Paths))
WARNING - 2025-04-25 07:08:12 --> [DEPRECATED] Optional parameter $sarray declared before required parameter $where2 is implicitly treated as a required parameter in APPPATH\Models\SwiperModel.php on line 32.
 1 SYSTEMPATH\Autoloader\Autoloader.php(316): include_once('E:\\web\\XAMPP\\htdocs\\test\\system\\Debug\\Exceptions.php')
 2 SYSTEMPATH\Autoloader\Autoloader.php(295): CodeIgniter\Autoloader\Autoloader->includeFile('E:\\web\\XAMPP\\htdocs\\test\\app\\Models\\SwiperModel.php')
 3 SYSTEMPATH\Autoloader\Autoloader.php(271): CodeIgniter\Autoloader\Autoloader->loadInNamespace('App\\Models\\SwiperModel')
 4 APPPATH\Controllers\Home.php(30): CodeIgniter\Autoloader\Autoloader->loadClass('App\\Models\\SwiperModel')
 5 SYSTEMPATH\CodeIgniter.php(933): App\Controllers\Home->category('3')
 6 SYSTEMPATH\CodeIgniter.php(507): CodeIgniter\CodeIgniter->runController(Object(App\Controllers\Home))
 7 SYSTEMPATH\CodeIgniter.php(354): CodeIgniter\CodeIgniter->handleRequest(null, Object(Config\Cache), false)
 8 SYSTEMPATH\Boot.php(334): CodeIgniter\CodeIgniter->run()
 9 SYSTEMPATH\Boot.php(67): CodeIgniter\Boot::runCodeIgniter(Object(CodeIgniter\CodeIgniter))
10 FCPATH\index.php(56): CodeIgniter\Boot::bootWeb(Object(Config\Paths))
WARNING - 2025-04-25 07:08:14 --> [DEPRECATED] Optional parameter $sarray declared before required parameter $id is implicitly treated as a required parameter in APPPATH\Models\NavModel.php on line 17.
 1 SYSTEMPATH\Autoloader\Autoloader.php(316): include_once('E:\\web\\XAMPP\\htdocs\\test\\system\\Debug\\Exceptions.php')
 2 SYSTEMPATH\Autoloader\Autoloader.php(295): CodeIgniter\Autoloader\Autoloader->includeFile('E:\\web\\XAMPP\\htdocs\\test\\app\\Models\\NavModel.php')
 3 SYSTEMPATH\Autoloader\Autoloader.php(271): CodeIgniter\Autoloader\Autoloader->loadInNamespace('App\\Models\\NavModel')
 4 APPPATH\Controllers\Home.php(29): CodeIgniter\Autoloader\Autoloader->loadClass('App\\Models\\NavModel')
 5 SYSTEMPATH\CodeIgniter.php(933): App\Controllers\Home->category('3')
 6 SYSTEMPATH\CodeIgniter.php(507): CodeIgniter\CodeIgniter->runController(Object(App\Controllers\Home))
 7 SYSTEMPATH\CodeIgniter.php(354): CodeIgniter\CodeIgniter->handleRequest(null, Object(Config\Cache), false)
 8 SYSTEMPATH\Boot.php(334): CodeIgniter\CodeIgniter->run()
 9 SYSTEMPATH\Boot.php(67): CodeIgniter\Boot::runCodeIgniter(Object(CodeIgniter\CodeIgniter))
10 FCPATH\index.php(56): CodeIgniter\Boot::bootWeb(Object(Config\Paths))
WARNING - 2025-04-25 07:08:14 --> [DEPRECATED] Optional parameter $sarray declared before required parameter $id is implicitly treated as a required parameter in APPPATH\Models\NavModel.php on line 25.
 1 SYSTEMPATH\Autoloader\Autoloader.php(316): include_once('E:\\web\\XAMPP\\htdocs\\test\\system\\Debug\\Exceptions.php')
 2 SYSTEMPATH\Autoloader\Autoloader.php(295): CodeIgniter\Autoloader\Autoloader->includeFile('E:\\web\\XAMPP\\htdocs\\test\\app\\Models\\NavModel.php')
 3 SYSTEMPATH\Autoloader\Autoloader.php(271): CodeIgniter\Autoloader\Autoloader->loadInNamespace('App\\Models\\NavModel')
 4 APPPATH\Controllers\Home.php(29): CodeIgniter\Autoloader\Autoloader->loadClass('App\\Models\\NavModel')
 5 SYSTEMPATH\CodeIgniter.php(933): App\Controllers\Home->category('3')
 6 SYSTEMPATH\CodeIgniter.php(507): CodeIgniter\CodeIgniter->runController(Object(App\Controllers\Home))
 7 SYSTEMPATH\CodeIgniter.php(354): CodeIgniter\CodeIgniter->handleRequest(null, Object(Config\Cache), false)
 8 SYSTEMPATH\Boot.php(334): CodeIgniter\CodeIgniter->run()
 9 SYSTEMPATH\Boot.php(67): CodeIgniter\Boot::runCodeIgniter(Object(CodeIgniter\CodeIgniter))
10 FCPATH\index.php(56): CodeIgniter\Boot::bootWeb(Object(Config\Paths))
WARNING - 2025-04-25 07:08:14 --> [DEPRECATED] Optional parameter $sarray declared before required parameter $id is implicitly treated as a required parameter in APPPATH\Models\SwiperModel.php on line 23.
 1 SYSTEMPATH\Autoloader\Autoloader.php(316): include_once('E:\\web\\XAMPP\\htdocs\\test\\system\\Debug\\Exceptions.php')
 2 SYSTEMPATH\Autoloader\Autoloader.php(295): CodeIgniter\Autoloader\Autoloader->includeFile('E:\\web\\XAMPP\\htdocs\\test\\app\\Models\\SwiperModel.php')
 3 SYSTEMPATH\Autoloader\Autoloader.php(271): CodeIgniter\Autoloader\Autoloader->loadInNamespace('App\\Models\\SwiperModel')
 4 APPPATH\Controllers\Home.php(30): CodeIgniter\Autoloader\Autoloader->loadClass('App\\Models\\SwiperModel')
 5 SYSTEMPATH\CodeIgniter.php(933): App\Controllers\Home->category('3')
 6 SYSTEMPATH\CodeIgniter.php(507): CodeIgniter\CodeIgniter->runController(Object(App\Controllers\Home))
 7 SYSTEMPATH\CodeIgniter.php(354): CodeIgniter\CodeIgniter->handleRequest(null, Object(Config\Cache), false)
 8 SYSTEMPATH\Boot.php(334): CodeIgniter\CodeIgniter->run()
 9 SYSTEMPATH\Boot.php(67): CodeIgniter\Boot::runCodeIgniter(Object(CodeIgniter\CodeIgniter))
10 FCPATH\index.php(56): CodeIgniter\Boot::bootWeb(Object(Config\Paths))
WARNING - 2025-04-25 07:08:14 --> [DEPRECATED] Optional parameter $sarray declared before required parameter $where2 is implicitly treated as a required parameter in APPPATH\Models\SwiperModel.php on line 32.
 1 SYSTEMPATH\Autoloader\Autoloader.php(316): include_once('E:\\web\\XAMPP\\htdocs\\test\\system\\Debug\\Exceptions.php')
 2 SYSTEMPATH\Autoloader\Autoloader.php(295): CodeIgniter\Autoloader\Autoloader->includeFile('E:\\web\\XAMPP\\htdocs\\test\\app\\Models\\SwiperModel.php')
 3 SYSTEMPATH\Autoloader\Autoloader.php(271): CodeIgniter\Autoloader\Autoloader->loadInNamespace('App\\Models\\SwiperModel')
 4 APPPATH\Controllers\Home.php(30): CodeIgniter\Autoloader\Autoloader->loadClass('App\\Models\\SwiperModel')
 5 SYSTEMPATH\CodeIgniter.php(933): App\Controllers\Home->category('3')
 6 SYSTEMPATH\CodeIgniter.php(507): CodeIgniter\CodeIgniter->runController(Object(App\Controllers\Home))
 7 SYSTEMPATH\CodeIgniter.php(354): CodeIgniter\CodeIgniter->handleRequest(null, Object(Config\Cache), false)
 8 SYSTEMPATH\Boot.php(334): CodeIgniter\CodeIgniter->run()
 9 SYSTEMPATH\Boot.php(67): CodeIgniter\Boot::runCodeIgniter(Object(CodeIgniter\CodeIgniter))
10 FCPATH\index.php(56): CodeIgniter\Boot::bootWeb(Object(Config\Paths))
WARNING - 2025-04-25 07:08:15 --> [DEPRECATED] Optional parameter $sarray declared before required parameter $id is implicitly treated as a required parameter in APPPATH\Models\NavModel.php on line 17.
 1 SYSTEMPATH\Autoloader\Autoloader.php(316): include_once('E:\\web\\XAMPP\\htdocs\\test\\system\\Debug\\Exceptions.php')
 2 SYSTEMPATH\Autoloader\Autoloader.php(295): CodeIgniter\Autoloader\Autoloader->includeFile('E:\\web\\XAMPP\\htdocs\\test\\app\\Models\\NavModel.php')
 3 SYSTEMPATH\Autoloader\Autoloader.php(271): CodeIgniter\Autoloader\Autoloader->loadInNamespace('App\\Models\\NavModel')
 4 APPPATH\Controllers\Home.php(29): CodeIgniter\Autoloader\Autoloader->loadClass('App\\Models\\NavModel')
 5 SYSTEMPATH\CodeIgniter.php(933): App\Controllers\Home->category('3')
 6 SYSTEMPATH\CodeIgniter.php(507): CodeIgniter\CodeIgniter->runController(Object(App\Controllers\Home))
 7 SYSTEMPATH\CodeIgniter.php(354): CodeIgniter\CodeIgniter->handleRequest(null, Object(Config\Cache), false)
 8 SYSTEMPATH\Boot.php(334): CodeIgniter\CodeIgniter->run()
 9 SYSTEMPATH\Boot.php(67): CodeIgniter\Boot::runCodeIgniter(Object(CodeIgniter\CodeIgniter))
10 FCPATH\index.php(56): CodeIgniter\Boot::bootWeb(Object(Config\Paths))
WARNING - 2025-04-25 07:08:15 --> [DEPRECATED] Optional parameter $sarray declared before required parameter $id is implicitly treated as a required parameter in APPPATH\Models\NavModel.php on line 25.
 1 SYSTEMPATH\Autoloader\Autoloader.php(316): include_once('E:\\web\\XAMPP\\htdocs\\test\\system\\Debug\\Exceptions.php')
 2 SYSTEMPATH\Autoloader\Autoloader.php(295): CodeIgniter\Autoloader\Autoloader->includeFile('E:\\web\\XAMPP\\htdocs\\test\\app\\Models\\NavModel.php')
 3 SYSTEMPATH\Autoloader\Autoloader.php(271): CodeIgniter\Autoloader\Autoloader->loadInNamespace('App\\Models\\NavModel')
 4 APPPATH\Controllers\Home.php(29): CodeIgniter\Autoloader\Autoloader->loadClass('App\\Models\\NavModel')
 5 SYSTEMPATH\CodeIgniter.php(933): App\Controllers\Home->category('3')
 6 SYSTEMPATH\CodeIgniter.php(507): CodeIgniter\CodeIgniter->runController(Object(App\Controllers\Home))
 7 SYSTEMPATH\CodeIgniter.php(354): CodeIgniter\CodeIgniter->handleRequest(null, Object(Config\Cache), false)
 8 SYSTEMPATH\Boot.php(334): CodeIgniter\CodeIgniter->run()
 9 SYSTEMPATH\Boot.php(67): CodeIgniter\Boot::runCodeIgniter(Object(CodeIgniter\CodeIgniter))
10 FCPATH\index.php(56): CodeIgniter\Boot::bootWeb(Object(Config\Paths))
WARNING - 2025-04-25 07:08:15 --> [DEPRECATED] Optional parameter $sarray declared before required parameter $id is implicitly treated as a required parameter in APPPATH\Models\SwiperModel.php on line 23.
 1 SYSTEMPATH\Autoloader\Autoloader.php(316): include_once('E:\\web\\XAMPP\\htdocs\\test\\system\\Debug\\Exceptions.php')
 2 SYSTEMPATH\Autoloader\Autoloader.php(295): CodeIgniter\Autoloader\Autoloader->includeFile('E:\\web\\XAMPP\\htdocs\\test\\app\\Models\\SwiperModel.php')
 3 SYSTEMPATH\Autoloader\Autoloader.php(271): CodeIgniter\Autoloader\Autoloader->loadInNamespace('App\\Models\\SwiperModel')
 4 APPPATH\Controllers\Home.php(30): CodeIgniter\Autoloader\Autoloader->loadClass('App\\Models\\SwiperModel')
 5 SYSTEMPATH\CodeIgniter.php(933): App\Controllers\Home->category('3')
 6 SYSTEMPATH\CodeIgniter.php(507): CodeIgniter\CodeIgniter->runController(Object(App\Controllers\Home))
 7 SYSTEMPATH\CodeIgniter.php(354): CodeIgniter\CodeIgniter->handleRequest(null, Object(Config\Cache), false)
 8 SYSTEMPATH\Boot.php(334): CodeIgniter\CodeIgniter->run()
 9 SYSTEMPATH\Boot.php(67): CodeIgniter\Boot::runCodeIgniter(Object(CodeIgniter\CodeIgniter))
10 FCPATH\index.php(56): CodeIgniter\Boot::bootWeb(Object(Config\Paths))
WARNING - 2025-04-25 07:08:15 --> [DEPRECATED] Optional parameter $sarray declared before required parameter $where2 is implicitly treated as a required parameter in APPPATH\Models\SwiperModel.php on line 32.
 1 SYSTEMPATH\Autoloader\Autoloader.php(316): include_once('E:\\web\\XAMPP\\htdocs\\test\\system\\Debug\\Exceptions.php')
 2 SYSTEMPATH\Autoloader\Autoloader.php(295): CodeIgniter\Autoloader\Autoloader->includeFile('E:\\web\\XAMPP\\htdocs\\test\\app\\Models\\SwiperModel.php')
 3 SYSTEMPATH\Autoloader\Autoloader.php(271): CodeIgniter\Autoloader\Autoloader->loadInNamespace('App\\Models\\SwiperModel')
 4 APPPATH\Controllers\Home.php(30): CodeIgniter\Autoloader\Autoloader->loadClass('App\\Models\\SwiperModel')
 5 SYSTEMPATH\CodeIgniter.php(933): App\Controllers\Home->category('3')
 6 SYSTEMPATH\CodeIgniter.php(507): CodeIgniter\CodeIgniter->runController(Object(App\Controllers\Home))
 7 SYSTEMPATH\CodeIgniter.php(354): CodeIgniter\CodeIgniter->handleRequest(null, Object(Config\Cache), false)
 8 SYSTEMPATH\Boot.php(334): CodeIgniter\CodeIgniter->run()
 9 SYSTEMPATH\Boot.php(67): CodeIgniter\Boot::runCodeIgniter(Object(CodeIgniter\CodeIgniter))
10 FCPATH\index.php(56): CodeIgniter\Boot::bootWeb(Object(Config\Paths))
WARNING - 2025-04-25 07:08:16 --> [DEPRECATED] Optional parameter $sarray declared before required parameter $id is implicitly treated as a required parameter in APPPATH\Models\NavModel.php on line 17.
 1 SYSTEMPATH\Autoloader\Autoloader.php(316): include_once('E:\\web\\XAMPP\\htdocs\\test\\system\\Debug\\Exceptions.php')
 2 SYSTEMPATH\Autoloader\Autoloader.php(295): CodeIgniter\Autoloader\Autoloader->includeFile('E:\\web\\XAMPP\\htdocs\\test\\app\\Models\\NavModel.php')
 3 SYSTEMPATH\Autoloader\Autoloader.php(271): CodeIgniter\Autoloader\Autoloader->loadInNamespace('App\\Models\\NavModel')
 4 APPPATH\Controllers\Home.php(29): CodeIgniter\Autoloader\Autoloader->loadClass('App\\Models\\NavModel')
 5 SYSTEMPATH\CodeIgniter.php(933): App\Controllers\Home->category('3')
 6 SYSTEMPATH\CodeIgniter.php(507): CodeIgniter\CodeIgniter->runController(Object(App\Controllers\Home))
 7 SYSTEMPATH\CodeIgniter.php(354): CodeIgniter\CodeIgniter->handleRequest(null, Object(Config\Cache), false)
 8 SYSTEMPATH\Boot.php(334): CodeIgniter\CodeIgniter->run()
 9 SYSTEMPATH\Boot.php(67): CodeIgniter\Boot::runCodeIgniter(Object(CodeIgniter\CodeIgniter))
10 FCPATH\index.php(56): CodeIgniter\Boot::bootWeb(Object(Config\Paths))
WARNING - 2025-04-25 07:08:16 --> [DEPRECATED] Optional parameter $sarray declared before required parameter $id is implicitly treated as a required parameter in APPPATH\Models\NavModel.php on line 25.
 1 SYSTEMPATH\Autoloader\Autoloader.php(316): include_once('E:\\web\\XAMPP\\htdocs\\test\\system\\Debug\\Exceptions.php')
 2 SYSTEMPATH\Autoloader\Autoloader.php(295): CodeIgniter\Autoloader\Autoloader->includeFile('E:\\web\\XAMPP\\htdocs\\test\\app\\Models\\NavModel.php')
 3 SYSTEMPATH\Autoloader\Autoloader.php(271): CodeIgniter\Autoloader\Autoloader->loadInNamespace('App\\Models\\NavModel')
 4 APPPATH\Controllers\Home.php(29): CodeIgniter\Autoloader\Autoloader->loadClass('App\\Models\\NavModel')
 5 SYSTEMPATH\CodeIgniter.php(933): App\Controllers\Home->category('3')
 6 SYSTEMPATH\CodeIgniter.php(507): CodeIgniter\CodeIgniter->runController(Object(App\Controllers\Home))
 7 SYSTEMPATH\CodeIgniter.php(354): CodeIgniter\CodeIgniter->handleRequest(null, Object(Config\Cache), false)
 8 SYSTEMPATH\Boot.php(334): CodeIgniter\CodeIgniter->run()
 9 SYSTEMPATH\Boot.php(67): CodeIgniter\Boot::runCodeIgniter(Object(CodeIgniter\CodeIgniter))
10 FCPATH\index.php(56): CodeIgniter\Boot::bootWeb(Object(Config\Paths))
WARNING - 2025-04-25 07:08:17 --> [DEPRECATED] Optional parameter $sarray declared before required parameter $id is implicitly treated as a required parameter in APPPATH\Models\SwiperModel.php on line 23.
 1 SYSTEMPATH\Autoloader\Autoloader.php(316): include_once('E:\\web\\XAMPP\\htdocs\\test\\system\\Debug\\Exceptions.php')
 2 SYSTEMPATH\Autoloader\Autoloader.php(295): CodeIgniter\Autoloader\Autoloader->includeFile('E:\\web\\XAMPP\\htdocs\\test\\app\\Models\\SwiperModel.php')
 3 SYSTEMPATH\Autoloader\Autoloader.php(271): CodeIgniter\Autoloader\Autoloader->loadInNamespace('App\\Models\\SwiperModel')
 4 APPPATH\Controllers\Home.php(30): CodeIgniter\Autoloader\Autoloader->loadClass('App\\Models\\SwiperModel')
 5 SYSTEMPATH\CodeIgniter.php(933): App\Controllers\Home->category('3')
 6 SYSTEMPATH\CodeIgniter.php(507): CodeIgniter\CodeIgniter->runController(Object(App\Controllers\Home))
 7 SYSTEMPATH\CodeIgniter.php(354): CodeIgniter\CodeIgniter->handleRequest(null, Object(Config\Cache), false)
 8 SYSTEMPATH\Boot.php(334): CodeIgniter\CodeIgniter->run()
 9 SYSTEMPATH\Boot.php(67): CodeIgniter\Boot::runCodeIgniter(Object(CodeIgniter\CodeIgniter))
10 FCPATH\index.php(56): CodeIgniter\Boot::bootWeb(Object(Config\Paths))
WARNING - 2025-04-25 07:08:17 --> [DEPRECATED] Optional parameter $sarray declared before required parameter $where2 is implicitly treated as a required parameter in APPPATH\Models\SwiperModel.php on line 32.
 1 SYSTEMPATH\Autoloader\Autoloader.php(316): include_once('E:\\web\\XAMPP\\htdocs\\test\\system\\Debug\\Exceptions.php')
 2 SYSTEMPATH\Autoloader\Autoloader.php(295): CodeIgniter\Autoloader\Autoloader->includeFile('E:\\web\\XAMPP\\htdocs\\test\\app\\Models\\SwiperModel.php')
 3 SYSTEMPATH\Autoloader\Autoloader.php(271): CodeIgniter\Autoloader\Autoloader->loadInNamespace('App\\Models\\SwiperModel')
 4 APPPATH\Controllers\Home.php(30): CodeIgniter\Autoloader\Autoloader->loadClass('App\\Models\\SwiperModel')
 5 SYSTEMPATH\CodeIgniter.php(933): App\Controllers\Home->category('3')
 6 SYSTEMPATH\CodeIgniter.php(507): CodeIgniter\CodeIgniter->runController(Object(App\Controllers\Home))
 7 SYSTEMPATH\CodeIgniter.php(354): CodeIgniter\CodeIgniter->handleRequest(null, Object(Config\Cache), false)
 8 SYSTEMPATH\Boot.php(334): CodeIgniter\CodeIgniter->run()
 9 SYSTEMPATH\Boot.php(67): CodeIgniter\Boot::runCodeIgniter(Object(CodeIgniter\CodeIgniter))
10 FCPATH\index.php(56): CodeIgniter\Boot::bootWeb(Object(Config\Paths))
WARNING - 2025-04-25 07:08:17 --> [DEPRECATED] Optional parameter $sarray declared before required parameter $id is implicitly treated as a required parameter in APPPATH\Models\NavModel.php on line 17.
 1 SYSTEMPATH\Autoloader\Autoloader.php(316): include_once('E:\\web\\XAMPP\\htdocs\\test\\system\\Debug\\Exceptions.php')
 2 SYSTEMPATH\Autoloader\Autoloader.php(295): CodeIgniter\Autoloader\Autoloader->includeFile('E:\\web\\XAMPP\\htdocs\\test\\app\\Models\\NavModel.php')
 3 SYSTEMPATH\Autoloader\Autoloader.php(271): CodeIgniter\Autoloader\Autoloader->loadInNamespace('App\\Models\\NavModel')
 4 APPPATH\Controllers\Home.php(29): CodeIgniter\Autoloader\Autoloader->loadClass('App\\Models\\NavModel')
 5 SYSTEMPATH\CodeIgniter.php(933): App\Controllers\Home->category('3')
 6 SYSTEMPATH\CodeIgniter.php(507): CodeIgniter\CodeIgniter->runController(Object(App\Controllers\Home))
 7 SYSTEMPATH\CodeIgniter.php(354): CodeIgniter\CodeIgniter->handleRequest(null, Object(Config\Cache), false)
 8 SYSTEMPATH\Boot.php(334): CodeIgniter\CodeIgniter->run()
 9 SYSTEMPATH\Boot.php(67): CodeIgniter\Boot::runCodeIgniter(Object(CodeIgniter\CodeIgniter))
10 FCPATH\index.php(56): CodeIgniter\Boot::bootWeb(Object(Config\Paths))
WARNING - 2025-04-25 07:08:17 --> [DEPRECATED] Optional parameter $sarray declared before required parameter $id is implicitly treated as a required parameter in APPPATH\Models\NavModel.php on line 25.
 1 SYSTEMPATH\Autoloader\Autoloader.php(316): include_once('E:\\web\\XAMPP\\htdocs\\test\\system\\Debug\\Exceptions.php')
 2 SYSTEMPATH\Autoloader\Autoloader.php(295): CodeIgniter\Autoloader\Autoloader->includeFile('E:\\web\\XAMPP\\htdocs\\test\\app\\Models\\NavModel.php')
 3 SYSTEMPATH\Autoloader\Autoloader.php(271): CodeIgniter\Autoloader\Autoloader->loadInNamespace('App\\Models\\NavModel')
 4 APPPATH\Controllers\Home.php(29): CodeIgniter\Autoloader\Autoloader->loadClass('App\\Models\\NavModel')
 5 SYSTEMPATH\CodeIgniter.php(933): App\Controllers\Home->category('3')
 6 SYSTEMPATH\CodeIgniter.php(507): CodeIgniter\CodeIgniter->runController(Object(App\Controllers\Home))
 7 SYSTEMPATH\CodeIgniter.php(354): CodeIgniter\CodeIgniter->handleRequest(null, Object(Config\Cache), false)
 8 SYSTEMPATH\Boot.php(334): CodeIgniter\CodeIgniter->run()
 9 SYSTEMPATH\Boot.php(67): CodeIgniter\Boot::runCodeIgniter(Object(CodeIgniter\CodeIgniter))
10 FCPATH\index.php(56): CodeIgniter\Boot::bootWeb(Object(Config\Paths))
WARNING - 2025-04-25 07:08:17 --> [DEPRECATED] Optional parameter $sarray declared before required parameter $id is implicitly treated as a required parameter in APPPATH\Models\SwiperModel.php on line 23.
 1 SYSTEMPATH\Autoloader\Autoloader.php(316): include_once('E:\\web\\XAMPP\\htdocs\\test\\system\\Debug\\Exceptions.php')
 2 SYSTEMPATH\Autoloader\Autoloader.php(295): CodeIgniter\Autoloader\Autoloader->includeFile('E:\\web\\XAMPP\\htdocs\\test\\app\\Models\\SwiperModel.php')
 3 SYSTEMPATH\Autoloader\Autoloader.php(271): CodeIgniter\Autoloader\Autoloader->loadInNamespace('App\\Models\\SwiperModel')
 4 APPPATH\Controllers\Home.php(30): CodeIgniter\Autoloader\Autoloader->loadClass('App\\Models\\SwiperModel')
 5 SYSTEMPATH\CodeIgniter.php(933): App\Controllers\Home->category('3')
 6 SYSTEMPATH\CodeIgniter.php(507): CodeIgniter\CodeIgniter->runController(Object(App\Controllers\Home))
 7 SYSTEMPATH\CodeIgniter.php(354): CodeIgniter\CodeIgniter->handleRequest(null, Object(Config\Cache), false)
 8 SYSTEMPATH\Boot.php(334): CodeIgniter\CodeIgniter->run()
 9 SYSTEMPATH\Boot.php(67): CodeIgniter\Boot::runCodeIgniter(Object(CodeIgniter\CodeIgniter))
10 FCPATH\index.php(56): CodeIgniter\Boot::bootWeb(Object(Config\Paths))
WARNING - 2025-04-25 07:08:17 --> [DEPRECATED] Optional parameter $sarray declared before required parameter $where2 is implicitly treated as a required parameter in APPPATH\Models\SwiperModel.php on line 32.
 1 SYSTEMPATH\Autoloader\Autoloader.php(316): include_once('E:\\web\\XAMPP\\htdocs\\test\\system\\Debug\\Exceptions.php')
 2 SYSTEMPATH\Autoloader\Autoloader.php(295): CodeIgniter\Autoloader\Autoloader->includeFile('E:\\web\\XAMPP\\htdocs\\test\\app\\Models\\SwiperModel.php')
 3 SYSTEMPATH\Autoloader\Autoloader.php(271): CodeIgniter\Autoloader\Autoloader->loadInNamespace('App\\Models\\SwiperModel')
 4 APPPATH\Controllers\Home.php(30): CodeIgniter\Autoloader\Autoloader->loadClass('App\\Models\\SwiperModel')
 5 SYSTEMPATH\CodeIgniter.php(933): App\Controllers\Home->category('3')
 6 SYSTEMPATH\CodeIgniter.php(507): CodeIgniter\CodeIgniter->runController(Object(App\Controllers\Home))
 7 SYSTEMPATH\CodeIgniter.php(354): CodeIgniter\CodeIgniter->handleRequest(null, Object(Config\Cache), false)
 8 SYSTEMPATH\Boot.php(334): CodeIgniter\CodeIgniter->run()
 9 SYSTEMPATH\Boot.php(67): CodeIgniter\Boot::runCodeIgniter(Object(CodeIgniter\CodeIgniter))
10 FCPATH\index.php(56): CodeIgniter\Boot::bootWeb(Object(Config\Paths))
WARNING - 2025-04-25 07:08:18 --> [DEPRECATED] Optional parameter $sarray declared before required parameter $id is implicitly treated as a required parameter in APPPATH\Models\NavModel.php on line 17.
 1 SYSTEMPATH\Autoloader\Autoloader.php(316): include_once('E:\\web\\XAMPP\\htdocs\\test\\system\\Debug\\Exceptions.php')
 2 SYSTEMPATH\Autoloader\Autoloader.php(295): CodeIgniter\Autoloader\Autoloader->includeFile('E:\\web\\XAMPP\\htdocs\\test\\app\\Models\\NavModel.php')
 3 SYSTEMPATH\Autoloader\Autoloader.php(271): CodeIgniter\Autoloader\Autoloader->loadInNamespace('App\\Models\\NavModel')
 4 APPPATH\Controllers\Home.php(29): CodeIgniter\Autoloader\Autoloader->loadClass('App\\Models\\NavModel')
 5 SYSTEMPATH\CodeIgniter.php(933): App\Controllers\Home->category('3')
 6 SYSTEMPATH\CodeIgniter.php(507): CodeIgniter\CodeIgniter->runController(Object(App\Controllers\Home))
 7 SYSTEMPATH\CodeIgniter.php(354): CodeIgniter\CodeIgniter->handleRequest(null, Object(Config\Cache), false)
 8 SYSTEMPATH\Boot.php(334): CodeIgniter\CodeIgniter->run()
 9 SYSTEMPATH\Boot.php(67): CodeIgniter\Boot::runCodeIgniter(Object(CodeIgniter\CodeIgniter))
10 FCPATH\index.php(56): CodeIgniter\Boot::bootWeb(Object(Config\Paths))
WARNING - 2025-04-25 07:08:18 --> [DEPRECATED] Optional parameter $sarray declared before required parameter $id is implicitly treated as a required parameter in APPPATH\Models\NavModel.php on line 25.
 1 SYSTEMPATH\Autoloader\Autoloader.php(316): include_once('E:\\web\\XAMPP\\htdocs\\test\\system\\Debug\\Exceptions.php')
 2 SYSTEMPATH\Autoloader\Autoloader.php(295): CodeIgniter\Autoloader\Autoloader->includeFile('E:\\web\\XAMPP\\htdocs\\test\\app\\Models\\NavModel.php')
 3 SYSTEMPATH\Autoloader\Autoloader.php(271): CodeIgniter\Autoloader\Autoloader->loadInNamespace('App\\Models\\NavModel')
 4 APPPATH\Controllers\Home.php(29): CodeIgniter\Autoloader\Autoloader->loadClass('App\\Models\\NavModel')
 5 SYSTEMPATH\CodeIgniter.php(933): App\Controllers\Home->category('3')
 6 SYSTEMPATH\CodeIgniter.php(507): CodeIgniter\CodeIgniter->runController(Object(App\Controllers\Home))
 7 SYSTEMPATH\CodeIgniter.php(354): CodeIgniter\CodeIgniter->handleRequest(null, Object(Config\Cache), false)
 8 SYSTEMPATH\Boot.php(334): CodeIgniter\CodeIgniter->run()
 9 SYSTEMPATH\Boot.php(67): CodeIgniter\Boot::runCodeIgniter(Object(CodeIgniter\CodeIgniter))
10 FCPATH\index.php(56): CodeIgniter\Boot::bootWeb(Object(Config\Paths))
WARNING - 2025-04-25 07:08:18 --> [DEPRECATED] Optional parameter $sarray declared before required parameter $id is implicitly treated as a required parameter in APPPATH\Models\SwiperModel.php on line 23.
 1 SYSTEMPATH\Autoloader\Autoloader.php(316): include_once('E:\\web\\XAMPP\\htdocs\\test\\system\\Debug\\Exceptions.php')
 2 SYSTEMPATH\Autoloader\Autoloader.php(295): CodeIgniter\Autoloader\Autoloader->includeFile('E:\\web\\XAMPP\\htdocs\\test\\app\\Models\\SwiperModel.php')
 3 SYSTEMPATH\Autoloader\Autoloader.php(271): CodeIgniter\Autoloader\Autoloader->loadInNamespace('App\\Models\\SwiperModel')
 4 APPPATH\Controllers\Home.php(30): CodeIgniter\Autoloader\Autoloader->loadClass('App\\Models\\SwiperModel')
 5 SYSTEMPATH\CodeIgniter.php(933): App\Controllers\Home->category('3')
 6 SYSTEMPATH\CodeIgniter.php(507): CodeIgniter\CodeIgniter->runController(Object(App\Controllers\Home))
 7 SYSTEMPATH\CodeIgniter.php(354): CodeIgniter\CodeIgniter->handleRequest(null, Object(Config\Cache), false)
 8 SYSTEMPATH\Boot.php(334): CodeIgniter\CodeIgniter->run()
 9 SYSTEMPATH\Boot.php(67): CodeIgniter\Boot::runCodeIgniter(Object(CodeIgniter\CodeIgniter))
10 FCPATH\index.php(56): CodeIgniter\Boot::bootWeb(Object(Config\Paths))
WARNING - 2025-04-25 07:08:18 --> [DEPRECATED] Optional parameter $sarray declared before required parameter $where2 is implicitly treated as a required parameter in APPPATH\Models\SwiperModel.php on line 32.
 1 SYSTEMPATH\Autoloader\Autoloader.php(316): include_once('E:\\web\\XAMPP\\htdocs\\test\\system\\Debug\\Exceptions.php')
 2 SYSTEMPATH\Autoloader\Autoloader.php(295): CodeIgniter\Autoloader\Autoloader->includeFile('E:\\web\\XAMPP\\htdocs\\test\\app\\Models\\SwiperModel.php')
 3 SYSTEMPATH\Autoloader\Autoloader.php(271): CodeIgniter\Autoloader\Autoloader->loadInNamespace('App\\Models\\SwiperModel')
 4 APPPATH\Controllers\Home.php(30): CodeIgniter\Autoloader\Autoloader->loadClass('App\\Models\\SwiperModel')
 5 SYSTEMPATH\CodeIgniter.php(933): App\Controllers\Home->category('3')
 6 SYSTEMPATH\CodeIgniter.php(507): CodeIgniter\CodeIgniter->runController(Object(App\Controllers\Home))
 7 SYSTEMPATH\CodeIgniter.php(354): CodeIgniter\CodeIgniter->handleRequest(null, Object(Config\Cache), false)
 8 SYSTEMPATH\Boot.php(334): CodeIgniter\CodeIgniter->run()
 9 SYSTEMPATH\Boot.php(67): CodeIgniter\Boot::runCodeIgniter(Object(CodeIgniter\CodeIgniter))
10 FCPATH\index.php(56): CodeIgniter\Boot::bootWeb(Object(Config\Paths))
WARNING - 2025-04-25 07:08:19 --> [DEPRECATED] Optional parameter $sarray declared before required parameter $id is implicitly treated as a required parameter in APPPATH\Models\NavModel.php on line 17.
 1 SYSTEMPATH\Autoloader\Autoloader.php(316): include_once('E:\\web\\XAMPP\\htdocs\\test\\system\\Debug\\Exceptions.php')
 2 SYSTEMPATH\Autoloader\Autoloader.php(295): CodeIgniter\Autoloader\Autoloader->includeFile('E:\\web\\XAMPP\\htdocs\\test\\app\\Models\\NavModel.php')
 3 SYSTEMPATH\Autoloader\Autoloader.php(271): CodeIgniter\Autoloader\Autoloader->loadInNamespace('App\\Models\\NavModel')
 4 APPPATH\Controllers\Home.php(29): CodeIgniter\Autoloader\Autoloader->loadClass('App\\Models\\NavModel')
 5 SYSTEMPATH\CodeIgniter.php(933): App\Controllers\Home->category('13')
 6 SYSTEMPATH\CodeIgniter.php(507): CodeIgniter\CodeIgniter->runController(Object(App\Controllers\Home))
 7 SYSTEMPATH\CodeIgniter.php(354): CodeIgniter\CodeIgniter->handleRequest(null, Object(Config\Cache), false)
 8 SYSTEMPATH\Boot.php(334): CodeIgniter\CodeIgniter->run()
 9 SYSTEMPATH\Boot.php(67): CodeIgniter\Boot::runCodeIgniter(Object(CodeIgniter\CodeIgniter))
10 FCPATH\index.php(56): CodeIgniter\Boot::bootWeb(Object(Config\Paths))
WARNING - 2025-04-25 07:08:19 --> [DEPRECATED] Optional parameter $sarray declared before required parameter $id is implicitly treated as a required parameter in APPPATH\Models\NavModel.php on line 25.
 1 SYSTEMPATH\Autoloader\Autoloader.php(316): include_once('E:\\web\\XAMPP\\htdocs\\test\\system\\Debug\\Exceptions.php')
 2 SYSTEMPATH\Autoloader\Autoloader.php(295): CodeIgniter\Autoloader\Autoloader->includeFile('E:\\web\\XAMPP\\htdocs\\test\\app\\Models\\NavModel.php')
 3 SYSTEMPATH\Autoloader\Autoloader.php(271): CodeIgniter\Autoloader\Autoloader->loadInNamespace('App\\Models\\NavModel')
 4 APPPATH\Controllers\Home.php(29): CodeIgniter\Autoloader\Autoloader->loadClass('App\\Models\\NavModel')
 5 SYSTEMPATH\CodeIgniter.php(933): App\Controllers\Home->category('13')
 6 SYSTEMPATH\CodeIgniter.php(507): CodeIgniter\CodeIgniter->runController(Object(App\Controllers\Home))
 7 SYSTEMPATH\CodeIgniter.php(354): CodeIgniter\CodeIgniter->handleRequest(null, Object(Config\Cache), false)
 8 SYSTEMPATH\Boot.php(334): CodeIgniter\CodeIgniter->run()
 9 SYSTEMPATH\Boot.php(67): CodeIgniter\Boot::runCodeIgniter(Object(CodeIgniter\CodeIgniter))
10 FCPATH\index.php(56): CodeIgniter\Boot::bootWeb(Object(Config\Paths))
WARNING - 2025-04-25 07:08:19 --> [DEPRECATED] Optional parameter $sarray declared before required parameter $id is implicitly treated as a required parameter in APPPATH\Models\SwiperModel.php on line 23.
 1 SYSTEMPATH\Autoloader\Autoloader.php(316): include_once('E:\\web\\XAMPP\\htdocs\\test\\system\\Debug\\Exceptions.php')
 2 SYSTEMPATH\Autoloader\Autoloader.php(295): CodeIgniter\Autoloader\Autoloader->includeFile('E:\\web\\XAMPP\\htdocs\\test\\app\\Models\\SwiperModel.php')
 3 SYSTEMPATH\Autoloader\Autoloader.php(271): CodeIgniter\Autoloader\Autoloader->loadInNamespace('App\\Models\\SwiperModel')
 4 APPPATH\Controllers\Home.php(30): CodeIgniter\Autoloader\Autoloader->loadClass('App\\Models\\SwiperModel')
 5 SYSTEMPATH\CodeIgniter.php(933): App\Controllers\Home->category('13')
 6 SYSTEMPATH\CodeIgniter.php(507): CodeIgniter\CodeIgniter->runController(Object(App\Controllers\Home))
 7 SYSTEMPATH\CodeIgniter.php(354): CodeIgniter\CodeIgniter->handleRequest(null, Object(Config\Cache), false)
 8 SYSTEMPATH\Boot.php(334): CodeIgniter\CodeIgniter->run()
 9 SYSTEMPATH\Boot.php(67): CodeIgniter\Boot::runCodeIgniter(Object(CodeIgniter\CodeIgniter))
10 FCPATH\index.php(56): CodeIgniter\Boot::bootWeb(Object(Config\Paths))
WARNING - 2025-04-25 07:08:19 --> [DEPRECATED] Optional parameter $sarray declared before required parameter $where2 is implicitly treated as a required parameter in APPPATH\Models\SwiperModel.php on line 32.
 1 SYSTEMPATH\Autoloader\Autoloader.php(316): include_once('E:\\web\\XAMPP\\htdocs\\test\\system\\Debug\\Exceptions.php')
 2 SYSTEMPATH\Autoloader\Autoloader.php(295): CodeIgniter\Autoloader\Autoloader->includeFile('E:\\web\\XAMPP\\htdocs\\test\\app\\Models\\SwiperModel.php')
 3 SYSTEMPATH\Autoloader\Autoloader.php(271): CodeIgniter\Autoloader\Autoloader->loadInNamespace('App\\Models\\SwiperModel')
 4 APPPATH\Controllers\Home.php(30): CodeIgniter\Autoloader\Autoloader->loadClass('App\\Models\\SwiperModel')
 5 SYSTEMPATH\CodeIgniter.php(933): App\Controllers\Home->category('13')
 6 SYSTEMPATH\CodeIgniter.php(507): CodeIgniter\CodeIgniter->runController(Object(App\Controllers\Home))
 7 SYSTEMPATH\CodeIgniter.php(354): CodeIgniter\CodeIgniter->handleRequest(null, Object(Config\Cache), false)
 8 SYSTEMPATH\Boot.php(334): CodeIgniter\CodeIgniter->run()
 9 SYSTEMPATH\Boot.php(67): CodeIgniter\Boot::runCodeIgniter(Object(CodeIgniter\CodeIgniter))
10 FCPATH\index.php(56): CodeIgniter\Boot::bootWeb(Object(Config\Paths))
WARNING - 2025-04-25 07:08:20 --> [DEPRECATED] Optional parameter $sarray declared before required parameter $id is implicitly treated as a required parameter in APPPATH\Models\NavModel.php on line 17.
 1 SYSTEMPATH\Autoloader\Autoloader.php(316): include_once('E:\\web\\XAMPP\\htdocs\\test\\system\\Debug\\Exceptions.php')
 2 SYSTEMPATH\Autoloader\Autoloader.php(295): CodeIgniter\Autoloader\Autoloader->includeFile('E:\\web\\XAMPP\\htdocs\\test\\app\\Models\\NavModel.php')
 3 SYSTEMPATH\Autoloader\Autoloader.php(271): CodeIgniter\Autoloader\Autoloader->loadInNamespace('App\\Models\\NavModel')
 4 APPPATH\Controllers\Home.php(29): CodeIgniter\Autoloader\Autoloader->loadClass('App\\Models\\NavModel')
 5 SYSTEMPATH\CodeIgniter.php(933): App\Controllers\Home->category('14')
 6 SYSTEMPATH\CodeIgniter.php(507): CodeIgniter\CodeIgniter->runController(Object(App\Controllers\Home))
 7 SYSTEMPATH\CodeIgniter.php(354): CodeIgniter\CodeIgniter->handleRequest(null, Object(Config\Cache), false)
 8 SYSTEMPATH\Boot.php(334): CodeIgniter\CodeIgniter->run()
 9 SYSTEMPATH\Boot.php(67): CodeIgniter\Boot::runCodeIgniter(Object(CodeIgniter\CodeIgniter))
10 FCPATH\index.php(56): CodeIgniter\Boot::bootWeb(Object(Config\Paths))
WARNING - 2025-04-25 07:08:20 --> [DEPRECATED] Optional parameter $sarray declared before required parameter $id is implicitly treated as a required parameter in APPPATH\Models\NavModel.php on line 25.
 1 SYSTEMPATH\Autoloader\Autoloader.php(316): include_once('E:\\web\\XAMPP\\htdocs\\test\\system\\Debug\\Exceptions.php')
 2 SYSTEMPATH\Autoloader\Autoloader.php(295): CodeIgniter\Autoloader\Autoloader->includeFile('E:\\web\\XAMPP\\htdocs\\test\\app\\Models\\NavModel.php')
 3 SYSTEMPATH\Autoloader\Autoloader.php(271): CodeIgniter\Autoloader\Autoloader->loadInNamespace('App\\Models\\NavModel')
 4 APPPATH\Controllers\Home.php(29): CodeIgniter\Autoloader\Autoloader->loadClass('App\\Models\\NavModel')
 5 SYSTEMPATH\CodeIgniter.php(933): App\Controllers\Home->category('14')
 6 SYSTEMPATH\CodeIgniter.php(507): CodeIgniter\CodeIgniter->runController(Object(App\Controllers\Home))
 7 SYSTEMPATH\CodeIgniter.php(354): CodeIgniter\CodeIgniter->handleRequest(null, Object(Config\Cache), false)
 8 SYSTEMPATH\Boot.php(334): CodeIgniter\CodeIgniter->run()
 9 SYSTEMPATH\Boot.php(67): CodeIgniter\Boot::runCodeIgniter(Object(CodeIgniter\CodeIgniter))
10 FCPATH\index.php(56): CodeIgniter\Boot::bootWeb(Object(Config\Paths))
WARNING - 2025-04-25 07:08:20 --> [DEPRECATED] Optional parameter $sarray declared before required parameter $id is implicitly treated as a required parameter in APPPATH\Models\SwiperModel.php on line 23.
 1 SYSTEMPATH\Autoloader\Autoloader.php(316): include_once('E:\\web\\XAMPP\\htdocs\\test\\system\\Debug\\Exceptions.php')
 2 SYSTEMPATH\Autoloader\Autoloader.php(295): CodeIgniter\Autoloader\Autoloader->includeFile('E:\\web\\XAMPP\\htdocs\\test\\app\\Models\\SwiperModel.php')
 3 SYSTEMPATH\Autoloader\Autoloader.php(271): CodeIgniter\Autoloader\Autoloader->loadInNamespace('App\\Models\\SwiperModel')
 4 APPPATH\Controllers\Home.php(30): CodeIgniter\Autoloader\Autoloader->loadClass('App\\Models\\SwiperModel')
 5 SYSTEMPATH\CodeIgniter.php(933): App\Controllers\Home->category('14')
 6 SYSTEMPATH\CodeIgniter.php(507): CodeIgniter\CodeIgniter->runController(Object(App\Controllers\Home))
 7 SYSTEMPATH\CodeIgniter.php(354): CodeIgniter\CodeIgniter->handleRequest(null, Object(Config\Cache), false)
 8 SYSTEMPATH\Boot.php(334): CodeIgniter\CodeIgniter->run()
 9 SYSTEMPATH\Boot.php(67): CodeIgniter\Boot::runCodeIgniter(Object(CodeIgniter\CodeIgniter))
10 FCPATH\index.php(56): CodeIgniter\Boot::bootWeb(Object(Config\Paths))
WARNING - 2025-04-25 07:08:20 --> [DEPRECATED] Optional parameter $sarray declared before required parameter $where2 is implicitly treated as a required parameter in APPPATH\Models\SwiperModel.php on line 32.
 1 SYSTEMPATH\Autoloader\Autoloader.php(316): include_once('E:\\web\\XAMPP\\htdocs\\test\\system\\Debug\\Exceptions.php')
 2 SYSTEMPATH\Autoloader\Autoloader.php(295): CodeIgniter\Autoloader\Autoloader->includeFile('E:\\web\\XAMPP\\htdocs\\test\\app\\Models\\SwiperModel.php')
 3 SYSTEMPATH\Autoloader\Autoloader.php(271): CodeIgniter\Autoloader\Autoloader->loadInNamespace('App\\Models\\SwiperModel')
 4 APPPATH\Controllers\Home.php(30): CodeIgniter\Autoloader\Autoloader->loadClass('App\\Models\\SwiperModel')
 5 SYSTEMPATH\CodeIgniter.php(933): App\Controllers\Home->category('14')
 6 SYSTEMPATH\CodeIgniter.php(507): CodeIgniter\CodeIgniter->runController(Object(App\Controllers\Home))
 7 SYSTEMPATH\CodeIgniter.php(354): CodeIgniter\CodeIgniter->handleRequest(null, Object(Config\Cache), false)
 8 SYSTEMPATH\Boot.php(334): CodeIgniter\CodeIgniter->run()
 9 SYSTEMPATH\Boot.php(67): CodeIgniter\Boot::runCodeIgniter(Object(CodeIgniter\CodeIgniter))
10 FCPATH\index.php(56): CodeIgniter\Boot::bootWeb(Object(Config\Paths))
WARNING - 2025-04-25 07:08:22 --> [DEPRECATED] Optional parameter $sarray declared before required parameter $id is implicitly treated as a required parameter in APPPATH\Models\NavModel.php on line 17.
 1 SYSTEMPATH\Autoloader\Autoloader.php(316): include_once('E:\\web\\XAMPP\\htdocs\\test\\system\\Debug\\Exceptions.php')
 2 SYSTEMPATH\Autoloader\Autoloader.php(295): CodeIgniter\Autoloader\Autoloader->includeFile('E:\\web\\XAMPP\\htdocs\\test\\app\\Models\\NavModel.php')
 3 SYSTEMPATH\Autoloader\Autoloader.php(271): CodeIgniter\Autoloader\Autoloader->loadInNamespace('App\\Models\\NavModel')
 4 APPPATH\Controllers\Home.php(29): CodeIgniter\Autoloader\Autoloader->loadClass('App\\Models\\NavModel')
 5 SYSTEMPATH\CodeIgniter.php(933): App\Controllers\Home->category('14')
 6 SYSTEMPATH\CodeIgniter.php(507): CodeIgniter\CodeIgniter->runController(Object(App\Controllers\Home))
 7 SYSTEMPATH\CodeIgniter.php(354): CodeIgniter\CodeIgniter->handleRequest(null, Object(Config\Cache), false)
 8 SYSTEMPATH\Boot.php(334): CodeIgniter\CodeIgniter->run()
 9 SYSTEMPATH\Boot.php(67): CodeIgniter\Boot::runCodeIgniter(Object(CodeIgniter\CodeIgniter))
10 FCPATH\index.php(56): CodeIgniter\Boot::bootWeb(Object(Config\Paths))
WARNING - 2025-04-25 07:08:22 --> [DEPRECATED] Optional parameter $sarray declared before required parameter $id is implicitly treated as a required parameter in APPPATH\Models\NavModel.php on line 25.
 1 SYSTEMPATH\Autoloader\Autoloader.php(316): include_once('E:\\web\\XAMPP\\htdocs\\test\\system\\Debug\\Exceptions.php')
 2 SYSTEMPATH\Autoloader\Autoloader.php(295): CodeIgniter\Autoloader\Autoloader->includeFile('E:\\web\\XAMPP\\htdocs\\test\\app\\Models\\NavModel.php')
 3 SYSTEMPATH\Autoloader\Autoloader.php(271): CodeIgniter\Autoloader\Autoloader->loadInNamespace('App\\Models\\NavModel')
 4 APPPATH\Controllers\Home.php(29): CodeIgniter\Autoloader\Autoloader->loadClass('App\\Models\\NavModel')
 5 SYSTEMPATH\CodeIgniter.php(933): App\Controllers\Home->category('14')
 6 SYSTEMPATH\CodeIgniter.php(507): CodeIgniter\CodeIgniter->runController(Object(App\Controllers\Home))
 7 SYSTEMPATH\CodeIgniter.php(354): CodeIgniter\CodeIgniter->handleRequest(null, Object(Config\Cache), false)
 8 SYSTEMPATH\Boot.php(334): CodeIgniter\CodeIgniter->run()
 9 SYSTEMPATH\Boot.php(67): CodeIgniter\Boot::runCodeIgniter(Object(CodeIgniter\CodeIgniter))
10 FCPATH\index.php(56): CodeIgniter\Boot::bootWeb(Object(Config\Paths))
WARNING - 2025-04-25 07:08:22 --> [DEPRECATED] Optional parameter $sarray declared before required parameter $id is implicitly treated as a required parameter in APPPATH\Models\SwiperModel.php on line 23.
 1 SYSTEMPATH\Autoloader\Autoloader.php(316): include_once('E:\\web\\XAMPP\\htdocs\\test\\system\\Debug\\Exceptions.php')
 2 SYSTEMPATH\Autoloader\Autoloader.php(295): CodeIgniter\Autoloader\Autoloader->includeFile('E:\\web\\XAMPP\\htdocs\\test\\app\\Models\\SwiperModel.php')
 3 SYSTEMPATH\Autoloader\Autoloader.php(271): CodeIgniter\Autoloader\Autoloader->loadInNamespace('App\\Models\\SwiperModel')
 4 APPPATH\Controllers\Home.php(30): CodeIgniter\Autoloader\Autoloader->loadClass('App\\Models\\SwiperModel')
 5 SYSTEMPATH\CodeIgniter.php(933): App\Controllers\Home->category('14')
 6 SYSTEMPATH\CodeIgniter.php(507): CodeIgniter\CodeIgniter->runController(Object(App\Controllers\Home))
 7 SYSTEMPATH\CodeIgniter.php(354): CodeIgniter\CodeIgniter->handleRequest(null, Object(Config\Cache), false)
 8 SYSTEMPATH\Boot.php(334): CodeIgniter\CodeIgniter->run()
 9 SYSTEMPATH\Boot.php(67): CodeIgniter\Boot::runCodeIgniter(Object(CodeIgniter\CodeIgniter))
10 FCPATH\index.php(56): CodeIgniter\Boot::bootWeb(Object(Config\Paths))
WARNING - 2025-04-25 07:08:22 --> [DEPRECATED] Optional parameter $sarray declared before required parameter $where2 is implicitly treated as a required parameter in APPPATH\Models\SwiperModel.php on line 32.
 1 SYSTEMPATH\Autoloader\Autoloader.php(316): include_once('E:\\web\\XAMPP\\htdocs\\test\\system\\Debug\\Exceptions.php')
 2 SYSTEMPATH\Autoloader\Autoloader.php(295): CodeIgniter\Autoloader\Autoloader->includeFile('E:\\web\\XAMPP\\htdocs\\test\\app\\Models\\SwiperModel.php')
 3 SYSTEMPATH\Autoloader\Autoloader.php(271): CodeIgniter\Autoloader\Autoloader->loadInNamespace('App\\Models\\SwiperModel')
 4 APPPATH\Controllers\Home.php(30): CodeIgniter\Autoloader\Autoloader->loadClass('App\\Models\\SwiperModel')
 5 SYSTEMPATH\CodeIgniter.php(933): App\Controllers\Home->category('14')
 6 SYSTEMPATH\CodeIgniter.php(507): CodeIgniter\CodeIgniter->runController(Object(App\Controllers\Home))
 7 SYSTEMPATH\CodeIgniter.php(354): CodeIgniter\CodeIgniter->handleRequest(null, Object(Config\Cache), false)
 8 SYSTEMPATH\Boot.php(334): CodeIgniter\CodeIgniter->run()
 9 SYSTEMPATH\Boot.php(67): CodeIgniter\Boot::runCodeIgniter(Object(CodeIgniter\CodeIgniter))
10 FCPATH\index.php(56): CodeIgniter\Boot::bootWeb(Object(Config\Paths))
WARNING - 2025-04-25 07:08:24 --> [DEPRECATED] Optional parameter $sarray declared before required parameter $id is implicitly treated as a required parameter in APPPATH\Models\NavModel.php on line 17.
 1 SYSTEMPATH\Autoloader\Autoloader.php(316): include_once('E:\\web\\XAMPP\\htdocs\\test\\system\\Debug\\Exceptions.php')
 2 SYSTEMPATH\Autoloader\Autoloader.php(295): CodeIgniter\Autoloader\Autoloader->includeFile('E:\\web\\XAMPP\\htdocs\\test\\app\\Models\\NavModel.php')
 3 SYSTEMPATH\Autoloader\Autoloader.php(271): CodeIgniter\Autoloader\Autoloader->loadInNamespace('App\\Models\\NavModel')
 4 APPPATH\Controllers\Home.php(29): CodeIgniter\Autoloader\Autoloader->loadClass('App\\Models\\NavModel')
 5 SYSTEMPATH\CodeIgniter.php(933): App\Controllers\Home->category('14')
 6 SYSTEMPATH\CodeIgniter.php(507): CodeIgniter\CodeIgniter->runController(Object(App\Controllers\Home))
 7 SYSTEMPATH\CodeIgniter.php(354): CodeIgniter\CodeIgniter->handleRequest(null, Object(Config\Cache), false)
 8 SYSTEMPATH\Boot.php(334): CodeIgniter\CodeIgniter->run()
 9 SYSTEMPATH\Boot.php(67): CodeIgniter\Boot::runCodeIgniter(Object(CodeIgniter\CodeIgniter))
10 FCPATH\index.php(56): CodeIgniter\Boot::bootWeb(Object(Config\Paths))
WARNING - 2025-04-25 07:08:24 --> [DEPRECATED] Optional parameter $sarray declared before required parameter $id is implicitly treated as a required parameter in APPPATH\Models\NavModel.php on line 25.
 1 SYSTEMPATH\Autoloader\Autoloader.php(316): include_once('E:\\web\\XAMPP\\htdocs\\test\\system\\Debug\\Exceptions.php')
 2 SYSTEMPATH\Autoloader\Autoloader.php(295): CodeIgniter\Autoloader\Autoloader->includeFile('E:\\web\\XAMPP\\htdocs\\test\\app\\Models\\NavModel.php')
 3 SYSTEMPATH\Autoloader\Autoloader.php(271): CodeIgniter\Autoloader\Autoloader->loadInNamespace('App\\Models\\NavModel')
 4 APPPATH\Controllers\Home.php(29): CodeIgniter\Autoloader\Autoloader->loadClass('App\\Models\\NavModel')
 5 SYSTEMPATH\CodeIgniter.php(933): App\Controllers\Home->category('14')
 6 SYSTEMPATH\CodeIgniter.php(507): CodeIgniter\CodeIgniter->runController(Object(App\Controllers\Home))
 7 SYSTEMPATH\CodeIgniter.php(354): CodeIgniter\CodeIgniter->handleRequest(null, Object(Config\Cache), false)
 8 SYSTEMPATH\Boot.php(334): CodeIgniter\CodeIgniter->run()
 9 SYSTEMPATH\Boot.php(67): CodeIgniter\Boot::runCodeIgniter(Object(CodeIgniter\CodeIgniter))
10 FCPATH\index.php(56): CodeIgniter\Boot::bootWeb(Object(Config\Paths))
WARNING - 2025-04-25 07:08:24 --> [DEPRECATED] Optional parameter $sarray declared before required parameter $id is implicitly treated as a required parameter in APPPATH\Models\SwiperModel.php on line 23.
 1 SYSTEMPATH\Autoloader\Autoloader.php(316): include_once('E:\\web\\XAMPP\\htdocs\\test\\system\\Debug\\Exceptions.php')
 2 SYSTEMPATH\Autoloader\Autoloader.php(295): CodeIgniter\Autoloader\Autoloader->includeFile('E:\\web\\XAMPP\\htdocs\\test\\app\\Models\\SwiperModel.php')
 3 SYSTEMPATH\Autoloader\Autoloader.php(271): CodeIgniter\Autoloader\Autoloader->loadInNamespace('App\\Models\\SwiperModel')
 4 APPPATH\Controllers\Home.php(30): CodeIgniter\Autoloader\Autoloader->loadClass('App\\Models\\SwiperModel')
 5 SYSTEMPATH\CodeIgniter.php(933): App\Controllers\Home->category('14')
 6 SYSTEMPATH\CodeIgniter.php(507): CodeIgniter\CodeIgniter->runController(Object(App\Controllers\Home))
 7 SYSTEMPATH\CodeIgniter.php(354): CodeIgniter\CodeIgniter->handleRequest(null, Object(Config\Cache), false)
 8 SYSTEMPATH\Boot.php(334): CodeIgniter\CodeIgniter->run()
 9 SYSTEMPATH\Boot.php(67): CodeIgniter\Boot::runCodeIgniter(Object(CodeIgniter\CodeIgniter))
10 FCPATH\index.php(56): CodeIgniter\Boot::bootWeb(Object(Config\Paths))
WARNING - 2025-04-25 07:08:24 --> [DEPRECATED] Optional parameter $sarray declared before required parameter $where2 is implicitly treated as a required parameter in APPPATH\Models\SwiperModel.php on line 32.
 1 SYSTEMPATH\Autoloader\Autoloader.php(316): include_once('E:\\web\\XAMPP\\htdocs\\test\\system\\Debug\\Exceptions.php')
 2 SYSTEMPATH\Autoloader\Autoloader.php(295): CodeIgniter\Autoloader\Autoloader->includeFile('E:\\web\\XAMPP\\htdocs\\test\\app\\Models\\SwiperModel.php')
 3 SYSTEMPATH\Autoloader\Autoloader.php(271): CodeIgniter\Autoloader\Autoloader->loadInNamespace('App\\Models\\SwiperModel')
 4 APPPATH\Controllers\Home.php(30): CodeIgniter\Autoloader\Autoloader->loadClass('App\\Models\\SwiperModel')
 5 SYSTEMPATH\CodeIgniter.php(933): App\Controllers\Home->category('14')
 6 SYSTEMPATH\CodeIgniter.php(507): CodeIgniter\CodeIgniter->runController(Object(App\Controllers\Home))
 7 SYSTEMPATH\CodeIgniter.php(354): CodeIgniter\CodeIgniter->handleRequest(null, Object(Config\Cache), false)
 8 SYSTEMPATH\Boot.php(334): CodeIgniter\CodeIgniter->run()
 9 SYSTEMPATH\Boot.php(67): CodeIgniter\Boot::runCodeIgniter(Object(CodeIgniter\CodeIgniter))
10 FCPATH\index.php(56): CodeIgniter\Boot::bootWeb(Object(Config\Paths))
WARNING - 2025-04-25 07:08:26 --> [DEPRECATED] Optional parameter $sarray declared before required parameter $id is implicitly treated as a required parameter in APPPATH\Models\NavModel.php on line 17.
 1 SYSTEMPATH\Autoloader\Autoloader.php(316): include_once('E:\\web\\XAMPP\\htdocs\\test\\system\\Debug\\Exceptions.php')
 2 SYSTEMPATH\Autoloader\Autoloader.php(295): CodeIgniter\Autoloader\Autoloader->includeFile('E:\\web\\XAMPP\\htdocs\\test\\app\\Models\\NavModel.php')
 3 SYSTEMPATH\Autoloader\Autoloader.php(271): CodeIgniter\Autoloader\Autoloader->loadInNamespace('App\\Models\\NavModel')
 4 APPPATH\Controllers\Home.php(29): CodeIgniter\Autoloader\Autoloader->loadClass('App\\Models\\NavModel')
 5 SYSTEMPATH\CodeIgniter.php(933): App\Controllers\Home->category('4')
 6 SYSTEMPATH\CodeIgniter.php(507): CodeIgniter\CodeIgniter->runController(Object(App\Controllers\Home))
 7 SYSTEMPATH\CodeIgniter.php(354): CodeIgniter\CodeIgniter->handleRequest(null, Object(Config\Cache), false)
 8 SYSTEMPATH\Boot.php(334): CodeIgniter\CodeIgniter->run()
 9 SYSTEMPATH\Boot.php(67): CodeIgniter\Boot::runCodeIgniter(Object(CodeIgniter\CodeIgniter))
10 FCPATH\index.php(56): CodeIgniter\Boot::bootWeb(Object(Config\Paths))
WARNING - 2025-04-25 07:08:26 --> [DEPRECATED] Optional parameter $sarray declared before required parameter $id is implicitly treated as a required parameter in APPPATH\Models\NavModel.php on line 25.
 1 SYSTEMPATH\Autoloader\Autoloader.php(316): include_once('E:\\web\\XAMPP\\htdocs\\test\\system\\Debug\\Exceptions.php')
 2 SYSTEMPATH\Autoloader\Autoloader.php(295): CodeIgniter\Autoloader\Autoloader->includeFile('E:\\web\\XAMPP\\htdocs\\test\\app\\Models\\NavModel.php')
 3 SYSTEMPATH\Autoloader\Autoloader.php(271): CodeIgniter\Autoloader\Autoloader->loadInNamespace('App\\Models\\NavModel')
 4 APPPATH\Controllers\Home.php(29): CodeIgniter\Autoloader\Autoloader->loadClass('App\\Models\\NavModel')
 5 SYSTEMPATH\CodeIgniter.php(933): App\Controllers\Home->category('4')
 6 SYSTEMPATH\CodeIgniter.php(507): CodeIgniter\CodeIgniter->runController(Object(App\Controllers\Home))
 7 SYSTEMPATH\CodeIgniter.php(354): CodeIgniter\CodeIgniter->handleRequest(null, Object(Config\Cache), false)
 8 SYSTEMPATH\Boot.php(334): CodeIgniter\CodeIgniter->run()
 9 SYSTEMPATH\Boot.php(67): CodeIgniter\Boot::runCodeIgniter(Object(CodeIgniter\CodeIgniter))
10 FCPATH\index.php(56): CodeIgniter\Boot::bootWeb(Object(Config\Paths))
WARNING - 2025-04-25 07:08:26 --> [DEPRECATED] Optional parameter $sarray declared before required parameter $id is implicitly treated as a required parameter in APPPATH\Models\SwiperModel.php on line 23.
 1 SYSTEMPATH\Autoloader\Autoloader.php(316): include_once('E:\\web\\XAMPP\\htdocs\\test\\system\\Debug\\Exceptions.php')
 2 SYSTEMPATH\Autoloader\Autoloader.php(295): CodeIgniter\Autoloader\Autoloader->includeFile('E:\\web\\XAMPP\\htdocs\\test\\app\\Models\\SwiperModel.php')
 3 SYSTEMPATH\Autoloader\Autoloader.php(271): CodeIgniter\Autoloader\Autoloader->loadInNamespace('App\\Models\\SwiperModel')
 4 APPPATH\Controllers\Home.php(30): CodeIgniter\Autoloader\Autoloader->loadClass('App\\Models\\SwiperModel')
 5 SYSTEMPATH\CodeIgniter.php(933): App\Controllers\Home->category('4')
 6 SYSTEMPATH\CodeIgniter.php(507): CodeIgniter\CodeIgniter->runController(Object(App\Controllers\Home))
 7 SYSTEMPATH\CodeIgniter.php(354): CodeIgniter\CodeIgniter->handleRequest(null, Object(Config\Cache), false)
 8 SYSTEMPATH\Boot.php(334): CodeIgniter\CodeIgniter->run()
 9 SYSTEMPATH\Boot.php(67): CodeIgniter\Boot::runCodeIgniter(Object(CodeIgniter\CodeIgniter))
10 FCPATH\index.php(56): CodeIgniter\Boot::bootWeb(Object(Config\Paths))
WARNING - 2025-04-25 07:08:26 --> [DEPRECATED] Optional parameter $sarray declared before required parameter $where2 is implicitly treated as a required parameter in APPPATH\Models\SwiperModel.php on line 32.
 1 SYSTEMPATH\Autoloader\Autoloader.php(316): include_once('E:\\web\\XAMPP\\htdocs\\test\\system\\Debug\\Exceptions.php')
 2 SYSTEMPATH\Autoloader\Autoloader.php(295): CodeIgniter\Autoloader\Autoloader->includeFile('E:\\web\\XAMPP\\htdocs\\test\\app\\Models\\SwiperModel.php')
 3 SYSTEMPATH\Autoloader\Autoloader.php(271): CodeIgniter\Autoloader\Autoloader->loadInNamespace('App\\Models\\SwiperModel')
 4 APPPATH\Controllers\Home.php(30): CodeIgniter\Autoloader\Autoloader->loadClass('App\\Models\\SwiperModel')
 5 SYSTEMPATH\CodeIgniter.php(933): App\Controllers\Home->category('4')
 6 SYSTEMPATH\CodeIgniter.php(507): CodeIgniter\CodeIgniter->runController(Object(App\Controllers\Home))
 7 SYSTEMPATH\CodeIgniter.php(354): CodeIgniter\CodeIgniter->handleRequest(null, Object(Config\Cache), false)
 8 SYSTEMPATH\Boot.php(334): CodeIgniter\CodeIgniter->run()
 9 SYSTEMPATH\Boot.php(67): CodeIgniter\Boot::runCodeIgniter(Object(CodeIgniter\CodeIgniter))
10 FCPATH\index.php(56): CodeIgniter\Boot::bootWeb(Object(Config\Paths))
WARNING - 2025-04-25 07:08:27 --> [DEPRECATED] Optional parameter $sarray declared before required parameter $id is implicitly treated as a required parameter in APPPATH\Models\NavModel.php on line 17.
 1 SYSTEMPATH\Autoloader\Autoloader.php(316): include_once('E:\\web\\XAMPP\\htdocs\\test\\system\\Debug\\Exceptions.php')
 2 SYSTEMPATH\Autoloader\Autoloader.php(295): CodeIgniter\Autoloader\Autoloader->includeFile('E:\\web\\XAMPP\\htdocs\\test\\app\\Models\\NavModel.php')
 3 SYSTEMPATH\Autoloader\Autoloader.php(271): CodeIgniter\Autoloader\Autoloader->loadInNamespace('App\\Models\\NavModel')
 4 APPPATH\Controllers\Home.php(70): CodeIgniter\Autoloader\Autoloader->loadClass('App\\Models\\NavModel')
 5 SYSTEMPATH\CodeIgniter.php(933): App\Controllers\Home->article('38')
 6 SYSTEMPATH\CodeIgniter.php(507): CodeIgniter\CodeIgniter->runController(Object(App\Controllers\Home))
 7 SYSTEMPATH\CodeIgniter.php(354): CodeIgniter\CodeIgniter->handleRequest(null, Object(Config\Cache), false)
 8 SYSTEMPATH\Boot.php(334): CodeIgniter\CodeIgniter->run()
 9 SYSTEMPATH\Boot.php(67): CodeIgniter\Boot::runCodeIgniter(Object(CodeIgniter\CodeIgniter))
10 FCPATH\index.php(56): CodeIgniter\Boot::bootWeb(Object(Config\Paths))
WARNING - 2025-04-25 07:08:27 --> [DEPRECATED] Optional parameter $sarray declared before required parameter $id is implicitly treated as a required parameter in APPPATH\Models\NavModel.php on line 25.
 1 SYSTEMPATH\Autoloader\Autoloader.php(316): include_once('E:\\web\\XAMPP\\htdocs\\test\\system\\Debug\\Exceptions.php')
 2 SYSTEMPATH\Autoloader\Autoloader.php(295): CodeIgniter\Autoloader\Autoloader->includeFile('E:\\web\\XAMPP\\htdocs\\test\\app\\Models\\NavModel.php')
 3 SYSTEMPATH\Autoloader\Autoloader.php(271): CodeIgniter\Autoloader\Autoloader->loadInNamespace('App\\Models\\NavModel')
 4 APPPATH\Controllers\Home.php(70): CodeIgniter\Autoloader\Autoloader->loadClass('App\\Models\\NavModel')
 5 SYSTEMPATH\CodeIgniter.php(933): App\Controllers\Home->article('38')
 6 SYSTEMPATH\CodeIgniter.php(507): CodeIgniter\CodeIgniter->runController(Object(App\Controllers\Home))
 7 SYSTEMPATH\CodeIgniter.php(354): CodeIgniter\CodeIgniter->handleRequest(null, Object(Config\Cache), false)
 8 SYSTEMPATH\Boot.php(334): CodeIgniter\CodeIgniter->run()
 9 SYSTEMPATH\Boot.php(67): CodeIgniter\Boot::runCodeIgniter(Object(CodeIgniter\CodeIgniter))
10 FCPATH\index.php(56): CodeIgniter\Boot::bootWeb(Object(Config\Paths))
WARNING - 2025-04-25 07:08:27 --> [DEPRECATED] Optional parameter $sarray declared before required parameter $id is implicitly treated as a required parameter in APPPATH\Models\SwiperModel.php on line 23.
 1 SYSTEMPATH\Autoloader\Autoloader.php(316): include_once('E:\\web\\XAMPP\\htdocs\\test\\system\\Debug\\Exceptions.php')
 2 SYSTEMPATH\Autoloader\Autoloader.php(295): CodeIgniter\Autoloader\Autoloader->includeFile('E:\\web\\XAMPP\\htdocs\\test\\app\\Models\\SwiperModel.php')
 3 SYSTEMPATH\Autoloader\Autoloader.php(271): CodeIgniter\Autoloader\Autoloader->loadInNamespace('App\\Models\\SwiperModel')
 4 APPPATH\Controllers\Home.php(71): CodeIgniter\Autoloader\Autoloader->loadClass('App\\Models\\SwiperModel')
 5 SYSTEMPATH\CodeIgniter.php(933): App\Controllers\Home->article('38')
 6 SYSTEMPATH\CodeIgniter.php(507): CodeIgniter\CodeIgniter->runController(Object(App\Controllers\Home))
 7 SYSTEMPATH\CodeIgniter.php(354): CodeIgniter\CodeIgniter->handleRequest(null, Object(Config\Cache), false)
 8 SYSTEMPATH\Boot.php(334): CodeIgniter\CodeIgniter->run()
 9 SYSTEMPATH\Boot.php(67): CodeIgniter\Boot::runCodeIgniter(Object(CodeIgniter\CodeIgniter))
10 FCPATH\index.php(56): CodeIgniter\Boot::bootWeb(Object(Config\Paths))
WARNING - 2025-04-25 07:08:27 --> [DEPRECATED] Optional parameter $sarray declared before required parameter $where2 is implicitly treated as a required parameter in APPPATH\Models\SwiperModel.php on line 32.
 1 SYSTEMPATH\Autoloader\Autoloader.php(316): include_once('E:\\web\\XAMPP\\htdocs\\test\\system\\Debug\\Exceptions.php')
 2 SYSTEMPATH\Autoloader\Autoloader.php(295): CodeIgniter\Autoloader\Autoloader->includeFile('E:\\web\\XAMPP\\htdocs\\test\\app\\Models\\SwiperModel.php')
 3 SYSTEMPATH\Autoloader\Autoloader.php(271): CodeIgniter\Autoloader\Autoloader->loadInNamespace('App\\Models\\SwiperModel')
 4 APPPATH\Controllers\Home.php(71): CodeIgniter\Autoloader\Autoloader->loadClass('App\\Models\\SwiperModel')
 5 SYSTEMPATH\CodeIgniter.php(933): App\Controllers\Home->article('38')
 6 SYSTEMPATH\CodeIgniter.php(507): CodeIgniter\CodeIgniter->runController(Object(App\Controllers\Home))
 7 SYSTEMPATH\CodeIgniter.php(354): CodeIgniter\CodeIgniter->handleRequest(null, Object(Config\Cache), false)
 8 SYSTEMPATH\Boot.php(334): CodeIgniter\CodeIgniter->run()
 9 SYSTEMPATH\Boot.php(67): CodeIgniter\Boot::runCodeIgniter(Object(CodeIgniter\CodeIgniter))
10 FCPATH\index.php(56): CodeIgniter\Boot::bootWeb(Object(Config\Paths))
WARNING - 2025-04-25 07:08:28 --> [DEPRECATED] Optional parameter $sarray declared before required parameter $id is implicitly treated as a required parameter in APPPATH\Models\NavModel.php on line 17.
 1 SYSTEMPATH\Autoloader\Autoloader.php(316): include_once('E:\\web\\XAMPP\\htdocs\\test\\system\\Debug\\Exceptions.php')
 2 SYSTEMPATH\Autoloader\Autoloader.php(295): CodeIgniter\Autoloader\Autoloader->includeFile('E:\\web\\XAMPP\\htdocs\\test\\app\\Models\\NavModel.php')
 3 SYSTEMPATH\Autoloader\Autoloader.php(271): CodeIgniter\Autoloader\Autoloader->loadInNamespace('App\\Models\\NavModel')
 4 APPPATH\Controllers\Home.php(70): CodeIgniter\Autoloader\Autoloader->loadClass('App\\Models\\NavModel')
 5 SYSTEMPATH\CodeIgniter.php(933): App\Controllers\Home->article('38')
 6 SYSTEMPATH\CodeIgniter.php(507): CodeIgniter\CodeIgniter->runController(Object(App\Controllers\Home))
 7 SYSTEMPATH\CodeIgniter.php(354): CodeIgniter\CodeIgniter->handleRequest(null, Object(Config\Cache), false)
 8 SYSTEMPATH\Boot.php(334): CodeIgniter\CodeIgniter->run()
 9 SYSTEMPATH\Boot.php(67): CodeIgniter\Boot::runCodeIgniter(Object(CodeIgniter\CodeIgniter))
10 FCPATH\index.php(56): CodeIgniter\Boot::bootWeb(Object(Config\Paths))
WARNING - 2025-04-25 07:08:28 --> [DEPRECATED] Optional parameter $sarray declared before required parameter $id is implicitly treated as a required parameter in APPPATH\Models\NavModel.php on line 25.
 1 SYSTEMPATH\Autoloader\Autoloader.php(316): include_once('E:\\web\\XAMPP\\htdocs\\test\\system\\Debug\\Exceptions.php')
 2 SYSTEMPATH\Autoloader\Autoloader.php(295): CodeIgniter\Autoloader\Autoloader->includeFile('E:\\web\\XAMPP\\htdocs\\test\\app\\Models\\NavModel.php')
 3 SYSTEMPATH\Autoloader\Autoloader.php(271): CodeIgniter\Autoloader\Autoloader->loadInNamespace('App\\Models\\NavModel')
 4 APPPATH\Controllers\Home.php(70): CodeIgniter\Autoloader\Autoloader->loadClass('App\\Models\\NavModel')
 5 SYSTEMPATH\CodeIgniter.php(933): App\Controllers\Home->article('38')
 6 SYSTEMPATH\CodeIgniter.php(507): CodeIgniter\CodeIgniter->runController(Object(App\Controllers\Home))
 7 SYSTEMPATH\CodeIgniter.php(354): CodeIgniter\CodeIgniter->handleRequest(null, Object(Config\Cache), false)
 8 SYSTEMPATH\Boot.php(334): CodeIgniter\CodeIgniter->run()
 9 SYSTEMPATH\Boot.php(67): CodeIgniter\Boot::runCodeIgniter(Object(CodeIgniter\CodeIgniter))
10 FCPATH\index.php(56): CodeIgniter\Boot::bootWeb(Object(Config\Paths))
WARNING - 2025-04-25 07:08:28 --> [DEPRECATED] Optional parameter $sarray declared before required parameter $id is implicitly treated as a required parameter in APPPATH\Models\SwiperModel.php on line 23.
 1 SYSTEMPATH\Autoloader\Autoloader.php(316): include_once('E:\\web\\XAMPP\\htdocs\\test\\system\\Debug\\Exceptions.php')
 2 SYSTEMPATH\Autoloader\Autoloader.php(295): CodeIgniter\Autoloader\Autoloader->includeFile('E:\\web\\XAMPP\\htdocs\\test\\app\\Models\\SwiperModel.php')
 3 SYSTEMPATH\Autoloader\Autoloader.php(271): CodeIgniter\Autoloader\Autoloader->loadInNamespace('App\\Models\\SwiperModel')
 4 APPPATH\Controllers\Home.php(71): CodeIgniter\Autoloader\Autoloader->loadClass('App\\Models\\SwiperModel')
 5 SYSTEMPATH\CodeIgniter.php(933): App\Controllers\Home->article('38')
 6 SYSTEMPATH\CodeIgniter.php(507): CodeIgniter\CodeIgniter->runController(Object(App\Controllers\Home))
 7 SYSTEMPATH\CodeIgniter.php(354): CodeIgniter\CodeIgniter->handleRequest(null, Object(Config\Cache), false)
 8 SYSTEMPATH\Boot.php(334): CodeIgniter\CodeIgniter->run()
 9 SYSTEMPATH\Boot.php(67): CodeIgniter\Boot::runCodeIgniter(Object(CodeIgniter\CodeIgniter))
10 FCPATH\index.php(56): CodeIgniter\Boot::bootWeb(Object(Config\Paths))
WARNING - 2025-04-25 07:08:28 --> [DEPRECATED] Optional parameter $sarray declared before required parameter $where2 is implicitly treated as a required parameter in APPPATH\Models\SwiperModel.php on line 32.
 1 SYSTEMPATH\Autoloader\Autoloader.php(316): include_once('E:\\web\\XAMPP\\htdocs\\test\\system\\Debug\\Exceptions.php')
 2 SYSTEMPATH\Autoloader\Autoloader.php(295): CodeIgniter\Autoloader\Autoloader->includeFile('E:\\web\\XAMPP\\htdocs\\test\\app\\Models\\SwiperModel.php')
 3 SYSTEMPATH\Autoloader\Autoloader.php(271): CodeIgniter\Autoloader\Autoloader->loadInNamespace('App\\Models\\SwiperModel')
 4 APPPATH\Controllers\Home.php(71): CodeIgniter\Autoloader\Autoloader->loadClass('App\\Models\\SwiperModel')
 5 SYSTEMPATH\CodeIgniter.php(933): App\Controllers\Home->article('38')
 6 SYSTEMPATH\CodeIgniter.php(507): CodeIgniter\CodeIgniter->runController(Object(App\Controllers\Home))
 7 SYSTEMPATH\CodeIgniter.php(354): CodeIgniter\CodeIgniter->handleRequest(null, Object(Config\Cache), false)
 8 SYSTEMPATH\Boot.php(334): CodeIgniter\CodeIgniter->run()
 9 SYSTEMPATH\Boot.php(67): CodeIgniter\Boot::runCodeIgniter(Object(CodeIgniter\CodeIgniter))
10 FCPATH\index.php(56): CodeIgniter\Boot::bootWeb(Object(Config\Paths))
WARNING - 2025-04-25 07:08:29 --> [DEPRECATED] Optional parameter $sarray declared before required parameter $id is implicitly treated as a required parameter in APPPATH\Models\NavModel.php on line 17.
 1 SYSTEMPATH\Autoloader\Autoloader.php(316): include_once('E:\\web\\XAMPP\\htdocs\\test\\system\\Debug\\Exceptions.php')
 2 SYSTEMPATH\Autoloader\Autoloader.php(295): CodeIgniter\Autoloader\Autoloader->includeFile('E:\\web\\XAMPP\\htdocs\\test\\app\\Models\\NavModel.php')
 3 SYSTEMPATH\Autoloader\Autoloader.php(271): CodeIgniter\Autoloader\Autoloader->loadInNamespace('App\\Models\\NavModel')
 4 APPPATH\Controllers\Home.php(70): CodeIgniter\Autoloader\Autoloader->loadClass('App\\Models\\NavModel')
 5 SYSTEMPATH\CodeIgniter.php(933): App\Controllers\Home->article('38')
 6 SYSTEMPATH\CodeIgniter.php(507): CodeIgniter\CodeIgniter->runController(Object(App\Controllers\Home))
 7 SYSTEMPATH\CodeIgniter.php(354): CodeIgniter\CodeIgniter->handleRequest(null, Object(Config\Cache), false)
 8 SYSTEMPATH\Boot.php(334): CodeIgniter\CodeIgniter->run()
 9 SYSTEMPATH\Boot.php(67): CodeIgniter\Boot::runCodeIgniter(Object(CodeIgniter\CodeIgniter))
10 FCPATH\index.php(56): CodeIgniter\Boot::bootWeb(Object(Config\Paths))
WARNING - 2025-04-25 07:08:29 --> [DEPRECATED] Optional parameter $sarray declared before required parameter $id is implicitly treated as a required parameter in APPPATH\Models\NavModel.php on line 25.
 1 SYSTEMPATH\Autoloader\Autoloader.php(316): include_once('E:\\web\\XAMPP\\htdocs\\test\\system\\Debug\\Exceptions.php')
 2 SYSTEMPATH\Autoloader\Autoloader.php(295): CodeIgniter\Autoloader\Autoloader->includeFile('E:\\web\\XAMPP\\htdocs\\test\\app\\Models\\NavModel.php')
 3 SYSTEMPATH\Autoloader\Autoloader.php(271): CodeIgniter\Autoloader\Autoloader->loadInNamespace('App\\Models\\NavModel')
 4 APPPATH\Controllers\Home.php(70): CodeIgniter\Autoloader\Autoloader->loadClass('App\\Models\\NavModel')
 5 SYSTEMPATH\CodeIgniter.php(933): App\Controllers\Home->article('38')
 6 SYSTEMPATH\CodeIgniter.php(507): CodeIgniter\CodeIgniter->runController(Object(App\Controllers\Home))
 7 SYSTEMPATH\CodeIgniter.php(354): CodeIgniter\CodeIgniter->handleRequest(null, Object(Config\Cache), false)
 8 SYSTEMPATH\Boot.php(334): CodeIgniter\CodeIgniter->run()
 9 SYSTEMPATH\Boot.php(67): CodeIgniter\Boot::runCodeIgniter(Object(CodeIgniter\CodeIgniter))
10 FCPATH\index.php(56): CodeIgniter\Boot::bootWeb(Object(Config\Paths))
WARNING - 2025-04-25 07:08:29 --> [DEPRECATED] Optional parameter $sarray declared before required parameter $id is implicitly treated as a required parameter in APPPATH\Models\SwiperModel.php on line 23.
 1 SYSTEMPATH\Autoloader\Autoloader.php(316): include_once('E:\\web\\XAMPP\\htdocs\\test\\system\\Debug\\Exceptions.php')
 2 SYSTEMPATH\Autoloader\Autoloader.php(295): CodeIgniter\Autoloader\Autoloader->includeFile('E:\\web\\XAMPP\\htdocs\\test\\app\\Models\\SwiperModel.php')
 3 SYSTEMPATH\Autoloader\Autoloader.php(271): CodeIgniter\Autoloader\Autoloader->loadInNamespace('App\\Models\\SwiperModel')
 4 APPPATH\Controllers\Home.php(71): CodeIgniter\Autoloader\Autoloader->loadClass('App\\Models\\SwiperModel')
 5 SYSTEMPATH\CodeIgniter.php(933): App\Controllers\Home->article('38')
 6 SYSTEMPATH\CodeIgniter.php(507): CodeIgniter\CodeIgniter->runController(Object(App\Controllers\Home))
 7 SYSTEMPATH\CodeIgniter.php(354): CodeIgniter\CodeIgniter->handleRequest(null, Object(Config\Cache), false)
 8 SYSTEMPATH\Boot.php(334): CodeIgniter\CodeIgniter->run()
 9 SYSTEMPATH\Boot.php(67): CodeIgniter\Boot::runCodeIgniter(Object(CodeIgniter\CodeIgniter))
10 FCPATH\index.php(56): CodeIgniter\Boot::bootWeb(Object(Config\Paths))
WARNING - 2025-04-25 07:08:29 --> [DEPRECATED] Optional parameter $sarray declared before required parameter $where2 is implicitly treated as a required parameter in APPPATH\Models\SwiperModel.php on line 32.
 1 SYSTEMPATH\Autoloader\Autoloader.php(316): include_once('E:\\web\\XAMPP\\htdocs\\test\\system\\Debug\\Exceptions.php')
 2 SYSTEMPATH\Autoloader\Autoloader.php(295): CodeIgniter\Autoloader\Autoloader->includeFile('E:\\web\\XAMPP\\htdocs\\test\\app\\Models\\SwiperModel.php')
 3 SYSTEMPATH\Autoloader\Autoloader.php(271): CodeIgniter\Autoloader\Autoloader->loadInNamespace('App\\Models\\SwiperModel')
 4 APPPATH\Controllers\Home.php(71): CodeIgniter\Autoloader\Autoloader->loadClass('App\\Models\\SwiperModel')
 5 SYSTEMPATH\CodeIgniter.php(933): App\Controllers\Home->article('38')
 6 SYSTEMPATH\CodeIgniter.php(507): CodeIgniter\CodeIgniter->runController(Object(App\Controllers\Home))
 7 SYSTEMPATH\CodeIgniter.php(354): CodeIgniter\CodeIgniter->handleRequest(null, Object(Config\Cache), false)
 8 SYSTEMPATH\Boot.php(334): CodeIgniter\CodeIgniter->run()
 9 SYSTEMPATH\Boot.php(67): CodeIgniter\Boot::runCodeIgniter(Object(CodeIgniter\CodeIgniter))
10 FCPATH\index.php(56): CodeIgniter\Boot::bootWeb(Object(Config\Paths))
WARNING - 2025-04-25 07:08:30 --> [DEPRECATED] Optional parameter $sarray declared before required parameter $id is implicitly treated as a required parameter in APPPATH\Models\NavModel.php on line 17.
 1 SYSTEMPATH\Autoloader\Autoloader.php(316): include_once('E:\\web\\XAMPP\\htdocs\\test\\system\\Debug\\Exceptions.php')
 2 SYSTEMPATH\Autoloader\Autoloader.php(295): CodeIgniter\Autoloader\Autoloader->includeFile('E:\\web\\XAMPP\\htdocs\\test\\app\\Models\\NavModel.php')
 3 SYSTEMPATH\Autoloader\Autoloader.php(271): CodeIgniter\Autoloader\Autoloader->loadInNamespace('App\\Models\\NavModel')
 4 APPPATH\Controllers\Home.php(70): CodeIgniter\Autoloader\Autoloader->loadClass('App\\Models\\NavModel')
 5 SYSTEMPATH\CodeIgniter.php(933): App\Controllers\Home->article('38')
 6 SYSTEMPATH\CodeIgniter.php(507): CodeIgniter\CodeIgniter->runController(Object(App\Controllers\Home))
 7 SYSTEMPATH\CodeIgniter.php(354): CodeIgniter\CodeIgniter->handleRequest(null, Object(Config\Cache), false)
 8 SYSTEMPATH\Boot.php(334): CodeIgniter\CodeIgniter->run()
 9 SYSTEMPATH\Boot.php(67): CodeIgniter\Boot::runCodeIgniter(Object(CodeIgniter\CodeIgniter))
10 FCPATH\index.php(56): CodeIgniter\Boot::bootWeb(Object(Config\Paths))
WARNING - 2025-04-25 07:08:30 --> [DEPRECATED] Optional parameter $sarray declared before required parameter $id is implicitly treated as a required parameter in APPPATH\Models\NavModel.php on line 25.
 1 SYSTEMPATH\Autoloader\Autoloader.php(316): include_once('E:\\web\\XAMPP\\htdocs\\test\\system\\Debug\\Exceptions.php')
 2 SYSTEMPATH\Autoloader\Autoloader.php(295): CodeIgniter\Autoloader\Autoloader->includeFile('E:\\web\\XAMPP\\htdocs\\test\\app\\Models\\NavModel.php')
 3 SYSTEMPATH\Autoloader\Autoloader.php(271): CodeIgniter\Autoloader\Autoloader->loadInNamespace('App\\Models\\NavModel')
 4 APPPATH\Controllers\Home.php(70): CodeIgniter\Autoloader\Autoloader->loadClass('App\\Models\\NavModel')
 5 SYSTEMPATH\CodeIgniter.php(933): App\Controllers\Home->article('38')
 6 SYSTEMPATH\CodeIgniter.php(507): CodeIgniter\CodeIgniter->runController(Object(App\Controllers\Home))
 7 SYSTEMPATH\CodeIgniter.php(354): CodeIgniter\CodeIgniter->handleRequest(null, Object(Config\Cache), false)
 8 SYSTEMPATH\Boot.php(334): CodeIgniter\CodeIgniter->run()
 9 SYSTEMPATH\Boot.php(67): CodeIgniter\Boot::runCodeIgniter(Object(CodeIgniter\CodeIgniter))
10 FCPATH\index.php(56): CodeIgniter\Boot::bootWeb(Object(Config\Paths))
WARNING - 2025-04-25 07:08:30 --> [DEPRECATED] Optional parameter $sarray declared before required parameter $id is implicitly treated as a required parameter in APPPATH\Models\SwiperModel.php on line 23.
 1 SYSTEMPATH\Autoloader\Autoloader.php(316): include_once('E:\\web\\XAMPP\\htdocs\\test\\system\\Debug\\Exceptions.php')
 2 SYSTEMPATH\Autoloader\Autoloader.php(295): CodeIgniter\Autoloader\Autoloader->includeFile('E:\\web\\XAMPP\\htdocs\\test\\app\\Models\\SwiperModel.php')
 3 SYSTEMPATH\Autoloader\Autoloader.php(271): CodeIgniter\Autoloader\Autoloader->loadInNamespace('App\\Models\\SwiperModel')
 4 APPPATH\Controllers\Home.php(71): CodeIgniter\Autoloader\Autoloader->loadClass('App\\Models\\SwiperModel')
 5 SYSTEMPATH\CodeIgniter.php(933): App\Controllers\Home->article('38')
 6 SYSTEMPATH\CodeIgniter.php(507): CodeIgniter\CodeIgniter->runController(Object(App\Controllers\Home))
 7 SYSTEMPATH\CodeIgniter.php(354): CodeIgniter\CodeIgniter->handleRequest(null, Object(Config\Cache), false)
 8 SYSTEMPATH\Boot.php(334): CodeIgniter\CodeIgniter->run()
 9 SYSTEMPATH\Boot.php(67): CodeIgniter\Boot::runCodeIgniter(Object(CodeIgniter\CodeIgniter))
10 FCPATH\index.php(56): CodeIgniter\Boot::bootWeb(Object(Config\Paths))
WARNING - 2025-04-25 07:08:30 --> [DEPRECATED] Optional parameter $sarray declared before required parameter $where2 is implicitly treated as a required parameter in APPPATH\Models\SwiperModel.php on line 32.
 1 SYSTEMPATH\Autoloader\Autoloader.php(316): include_once('E:\\web\\XAMPP\\htdocs\\test\\system\\Debug\\Exceptions.php')
 2 SYSTEMPATH\Autoloader\Autoloader.php(295): CodeIgniter\Autoloader\Autoloader->includeFile('E:\\web\\XAMPP\\htdocs\\test\\app\\Models\\SwiperModel.php')
 3 SYSTEMPATH\Autoloader\Autoloader.php(271): CodeIgniter\Autoloader\Autoloader->loadInNamespace('App\\Models\\SwiperModel')
 4 APPPATH\Controllers\Home.php(71): CodeIgniter\Autoloader\Autoloader->loadClass('App\\Models\\SwiperModel')
 5 SYSTEMPATH\CodeIgniter.php(933): App\Controllers\Home->article('38')
 6 SYSTEMPATH\CodeIgniter.php(507): CodeIgniter\CodeIgniter->runController(Object(App\Controllers\Home))
 7 SYSTEMPATH\CodeIgniter.php(354): CodeIgniter\CodeIgniter->handleRequest(null, Object(Config\Cache), false)
 8 SYSTEMPATH\Boot.php(334): CodeIgniter\CodeIgniter->run()
 9 SYSTEMPATH\Boot.php(67): CodeIgniter\Boot::runCodeIgniter(Object(CodeIgniter\CodeIgniter))
10 FCPATH\index.php(56): CodeIgniter\Boot::bootWeb(Object(Config\Paths))
WARNING - 2025-04-25 07:08:31 --> [DEPRECATED] Optional parameter $sarray declared before required parameter $id is implicitly treated as a required parameter in APPPATH\Models\NavModel.php on line 17.
 1 SYSTEMPATH\Autoloader\Autoloader.php(316): include_once('E:\\web\\XAMPP\\htdocs\\test\\system\\Debug\\Exceptions.php')
 2 SYSTEMPATH\Autoloader\Autoloader.php(295): CodeIgniter\Autoloader\Autoloader->includeFile('E:\\web\\XAMPP\\htdocs\\test\\app\\Models\\NavModel.php')
 3 SYSTEMPATH\Autoloader\Autoloader.php(271): CodeIgniter\Autoloader\Autoloader->loadInNamespace('App\\Models\\NavModel')
 4 APPPATH\Controllers\Home.php(29): CodeIgniter\Autoloader\Autoloader->loadClass('App\\Models\\NavModel')
 5 SYSTEMPATH\CodeIgniter.php(933): App\Controllers\Home->category('14')
 6 SYSTEMPATH\CodeIgniter.php(507): CodeIgniter\CodeIgniter->runController(Object(App\Controllers\Home))
 7 SYSTEMPATH\CodeIgniter.php(354): CodeIgniter\CodeIgniter->handleRequest(null, Object(Config\Cache), false)
 8 SYSTEMPATH\Boot.php(334): CodeIgniter\CodeIgniter->run()
 9 SYSTEMPATH\Boot.php(67): CodeIgniter\Boot::runCodeIgniter(Object(CodeIgniter\CodeIgniter))
10 FCPATH\index.php(56): CodeIgniter\Boot::bootWeb(Object(Config\Paths))
WARNING - 2025-04-25 07:08:31 --> [DEPRECATED] Optional parameter $sarray declared before required parameter $id is implicitly treated as a required parameter in APPPATH\Models\NavModel.php on line 25.
 1 SYSTEMPATH\Autoloader\Autoloader.php(316): include_once('E:\\web\\XAMPP\\htdocs\\test\\system\\Debug\\Exceptions.php')
 2 SYSTEMPATH\Autoloader\Autoloader.php(295): CodeIgniter\Autoloader\Autoloader->includeFile('E:\\web\\XAMPP\\htdocs\\test\\app\\Models\\NavModel.php')
 3 SYSTEMPATH\Autoloader\Autoloader.php(271): CodeIgniter\Autoloader\Autoloader->loadInNamespace('App\\Models\\NavModel')
 4 APPPATH\Controllers\Home.php(29): CodeIgniter\Autoloader\Autoloader->loadClass('App\\Models\\NavModel')
 5 SYSTEMPATH\CodeIgniter.php(933): App\Controllers\Home->category('14')
 6 SYSTEMPATH\CodeIgniter.php(507): CodeIgniter\CodeIgniter->runController(Object(App\Controllers\Home))
 7 SYSTEMPATH\CodeIgniter.php(354): CodeIgniter\CodeIgniter->handleRequest(null, Object(Config\Cache), false)
 8 SYSTEMPATH\Boot.php(334): CodeIgniter\CodeIgniter->run()
 9 SYSTEMPATH\Boot.php(67): CodeIgniter\Boot::runCodeIgniter(Object(CodeIgniter\CodeIgniter))
10 FCPATH\index.php(56): CodeIgniter\Boot::bootWeb(Object(Config\Paths))
WARNING - 2025-04-25 07:08:31 --> [DEPRECATED] Optional parameter $sarray declared before required parameter $id is implicitly treated as a required parameter in APPPATH\Models\SwiperModel.php on line 23.
 1 SYSTEMPATH\Autoloader\Autoloader.php(316): include_once('E:\\web\\XAMPP\\htdocs\\test\\system\\Debug\\Exceptions.php')
 2 SYSTEMPATH\Autoloader\Autoloader.php(295): CodeIgniter\Autoloader\Autoloader->includeFile('E:\\web\\XAMPP\\htdocs\\test\\app\\Models\\SwiperModel.php')
 3 SYSTEMPATH\Autoloader\Autoloader.php(271): CodeIgniter\Autoloader\Autoloader->loadInNamespace('App\\Models\\SwiperModel')
 4 APPPATH\Controllers\Home.php(30): CodeIgniter\Autoloader\Autoloader->loadClass('App\\Models\\SwiperModel')
 5 SYSTEMPATH\CodeIgniter.php(933): App\Controllers\Home->category('14')
 6 SYSTEMPATH\CodeIgniter.php(507): CodeIgniter\CodeIgniter->runController(Object(App\Controllers\Home))
 7 SYSTEMPATH\CodeIgniter.php(354): CodeIgniter\CodeIgniter->handleRequest(null, Object(Config\Cache), false)
 8 SYSTEMPATH\Boot.php(334): CodeIgniter\CodeIgniter->run()
 9 SYSTEMPATH\Boot.php(67): CodeIgniter\Boot::runCodeIgniter(Object(CodeIgniter\CodeIgniter))
10 FCPATH\index.php(56): CodeIgniter\Boot::bootWeb(Object(Config\Paths))
WARNING - 2025-04-25 07:08:31 --> [DEPRECATED] Optional parameter $sarray declared before required parameter $where2 is implicitly treated as a required parameter in APPPATH\Models\SwiperModel.php on line 32.
 1 SYSTEMPATH\Autoloader\Autoloader.php(316): include_once('E:\\web\\XAMPP\\htdocs\\test\\system\\Debug\\Exceptions.php')
 2 SYSTEMPATH\Autoloader\Autoloader.php(295): CodeIgniter\Autoloader\Autoloader->includeFile('E:\\web\\XAMPP\\htdocs\\test\\app\\Models\\SwiperModel.php')
 3 SYSTEMPATH\Autoloader\Autoloader.php(271): CodeIgniter\Autoloader\Autoloader->loadInNamespace('App\\Models\\SwiperModel')
 4 APPPATH\Controllers\Home.php(30): CodeIgniter\Autoloader\Autoloader->loadClass('App\\Models\\SwiperModel')
 5 SYSTEMPATH\CodeIgniter.php(933): App\Controllers\Home->category('14')
 6 SYSTEMPATH\CodeIgniter.php(507): CodeIgniter\CodeIgniter->runController(Object(App\Controllers\Home))
 7 SYSTEMPATH\CodeIgniter.php(354): CodeIgniter\CodeIgniter->handleRequest(null, Object(Config\Cache), false)
 8 SYSTEMPATH\Boot.php(334): CodeIgniter\CodeIgniter->run()
 9 SYSTEMPATH\Boot.php(67): CodeIgniter\Boot::runCodeIgniter(Object(CodeIgniter\CodeIgniter))
10 FCPATH\index.php(56): CodeIgniter\Boot::bootWeb(Object(Config\Paths))
WARNING - 2025-04-25 07:11:06 --> [DEPRECATED] Optional parameter $sarray declared before required parameter $id is implicitly treated as a required parameter in APPPATH\Models\SwiperModel.php on line 23.
 1 SYSTEMPATH\Autoloader\Autoloader.php(316): include_once('E:\\web\\XAMPP\\htdocs\\test\\system\\Debug\\Exceptions.php')
 2 SYSTEMPATH\Autoloader\Autoloader.php(295): CodeIgniter\Autoloader\Autoloader->includeFile('E:\\web\\XAMPP\\htdocs\\test\\app\\Models\\SwiperModel.php')
 3 SYSTEMPATH\Autoloader\Autoloader.php(271): CodeIgniter\Autoloader\Autoloader->loadInNamespace('App\\Models\\SwiperModel')
 4 APPPATH\Controllers\Home.php(12): CodeIgniter\Autoloader\Autoloader->loadClass('App\\Models\\SwiperModel')
 5 SYSTEMPATH\CodeIgniter.php(933): App\Controllers\Home->index()
 6 SYSTEMPATH\CodeIgniter.php(507): CodeIgniter\CodeIgniter->runController(Object(App\Controllers\Home))
 7 SYSTEMPATH\CodeIgniter.php(354): CodeIgniter\CodeIgniter->handleRequest(null, Object(Config\Cache), false)
 8 SYSTEMPATH\Boot.php(334): CodeIgniter\CodeIgniter->run()
 9 SYSTEMPATH\Boot.php(67): CodeIgniter\Boot::runCodeIgniter(Object(CodeIgniter\CodeIgniter))
10 FCPATH\index.php(56): CodeIgniter\Boot::bootWeb(Object(Config\Paths))
WARNING - 2025-04-25 07:11:06 --> [DEPRECATED] Optional parameter $sarray declared before required parameter $where2 is implicitly treated as a required parameter in APPPATH\Models\SwiperModel.php on line 32.
 1 SYSTEMPATH\Autoloader\Autoloader.php(316): include_once('E:\\web\\XAMPP\\htdocs\\test\\system\\Debug\\Exceptions.php')
 2 SYSTEMPATH\Autoloader\Autoloader.php(295): CodeIgniter\Autoloader\Autoloader->includeFile('E:\\web\\XAMPP\\htdocs\\test\\app\\Models\\SwiperModel.php')
 3 SYSTEMPATH\Autoloader\Autoloader.php(271): CodeIgniter\Autoloader\Autoloader->loadInNamespace('App\\Models\\SwiperModel')
 4 APPPATH\Controllers\Home.php(12): CodeIgniter\Autoloader\Autoloader->loadClass('App\\Models\\SwiperModel')
 5 SYSTEMPATH\CodeIgniter.php(933): App\Controllers\Home->index()
 6 SYSTEMPATH\CodeIgniter.php(507): CodeIgniter\CodeIgniter->runController(Object(App\Controllers\Home))
 7 SYSTEMPATH\CodeIgniter.php(354): CodeIgniter\CodeIgniter->handleRequest(null, Object(Config\Cache), false)
 8 SYSTEMPATH\Boot.php(334): CodeIgniter\CodeIgniter->run()
 9 SYSTEMPATH\Boot.php(67): CodeIgniter\Boot::runCodeIgniter(Object(CodeIgniter\CodeIgniter))
10 FCPATH\index.php(56): CodeIgniter\Boot::bootWeb(Object(Config\Paths))
WARNING - 2025-04-25 07:11:06 --> [DEPRECATED] Optional parameter $sarray declared before required parameter $id is implicitly treated as a required parameter in APPPATH\Models\NavModel.php on line 17.
 1 SYSTEMPATH\Autoloader\Autoloader.php(316): include_once('E:\\web\\XAMPP\\htdocs\\test\\system\\Debug\\Exceptions.php')
 2 SYSTEMPATH\Autoloader\Autoloader.php(295): CodeIgniter\Autoloader\Autoloader->includeFile('E:\\web\\XAMPP\\htdocs\\test\\app\\Models\\NavModel.php')
 3 SYSTEMPATH\Autoloader\Autoloader.php(271): CodeIgniter\Autoloader\Autoloader->loadInNamespace('App\\Models\\NavModel')
 4 APPPATH\Controllers\Home.php(17): CodeIgniter\Autoloader\Autoloader->loadClass('App\\Models\\NavModel')
 5 SYSTEMPATH\CodeIgniter.php(933): App\Controllers\Home->index()
 6 SYSTEMPATH\CodeIgniter.php(507): CodeIgniter\CodeIgniter->runController(Object(App\Controllers\Home))
 7 SYSTEMPATH\CodeIgniter.php(354): CodeIgniter\CodeIgniter->handleRequest(null, Object(Config\Cache), false)
 8 SYSTEMPATH\Boot.php(334): CodeIgniter\CodeIgniter->run()
 9 SYSTEMPATH\Boot.php(67): CodeIgniter\Boot::runCodeIgniter(Object(CodeIgniter\CodeIgniter))
10 FCPATH\index.php(56): CodeIgniter\Boot::bootWeb(Object(Config\Paths))
WARNING - 2025-04-25 07:11:06 --> [DEPRECATED] Optional parameter $sarray declared before required parameter $id is implicitly treated as a required parameter in APPPATH\Models\NavModel.php on line 25.
 1 SYSTEMPATH\Autoloader\Autoloader.php(316): include_once('E:\\web\\XAMPP\\htdocs\\test\\system\\Debug\\Exceptions.php')
 2 SYSTEMPATH\Autoloader\Autoloader.php(295): CodeIgniter\Autoloader\Autoloader->includeFile('E:\\web\\XAMPP\\htdocs\\test\\app\\Models\\NavModel.php')
 3 SYSTEMPATH\Autoloader\Autoloader.php(271): CodeIgniter\Autoloader\Autoloader->loadInNamespace('App\\Models\\NavModel')
 4 APPPATH\Controllers\Home.php(17): CodeIgniter\Autoloader\Autoloader->loadClass('App\\Models\\NavModel')
 5 SYSTEMPATH\CodeIgniter.php(933): App\Controllers\Home->index()
 6 SYSTEMPATH\CodeIgniter.php(507): CodeIgniter\CodeIgniter->runController(Object(App\Controllers\Home))
 7 SYSTEMPATH\CodeIgniter.php(354): CodeIgniter\CodeIgniter->handleRequest(null, Object(Config\Cache), false)
 8 SYSTEMPATH\Boot.php(334): CodeIgniter\CodeIgniter->run()
 9 SYSTEMPATH\Boot.php(67): CodeIgniter\Boot::runCodeIgniter(Object(CodeIgniter\CodeIgniter))
10 FCPATH\index.php(56): CodeIgniter\Boot::bootWeb(Object(Config\Paths))
WARNING - 2025-04-25 07:11:13 --> [DEPRECATED] Optional parameter $sarray declared before required parameter $id is implicitly treated as a required parameter in APPPATH\Models\SwiperModel.php on line 23.
 1 SYSTEMPATH\Autoloader\Autoloader.php(316): include_once('E:\\web\\XAMPP\\htdocs\\test\\system\\Debug\\Exceptions.php')
 2 SYSTEMPATH\Autoloader\Autoloader.php(295): CodeIgniter\Autoloader\Autoloader->includeFile('E:\\web\\XAMPP\\htdocs\\test\\app\\Models\\SwiperModel.php')
 3 SYSTEMPATH\Autoloader\Autoloader.php(271): CodeIgniter\Autoloader\Autoloader->loadInNamespace('App\\Models\\SwiperModel')
 4 APPPATH\Controllers\Home.php(12): CodeIgniter\Autoloader\Autoloader->loadClass('App\\Models\\SwiperModel')
 5 SYSTEMPATH\CodeIgniter.php(933): App\Controllers\Home->index()
 6 SYSTEMPATH\CodeIgniter.php(507): CodeIgniter\CodeIgniter->runController(Object(App\Controllers\Home))
 7 SYSTEMPATH\CodeIgniter.php(354): CodeIgniter\CodeIgniter->handleRequest(null, Object(Config\Cache), false)
 8 SYSTEMPATH\Boot.php(334): CodeIgniter\CodeIgniter->run()
 9 SYSTEMPATH\Boot.php(67): CodeIgniter\Boot::runCodeIgniter(Object(CodeIgniter\CodeIgniter))
10 FCPATH\index.php(56): CodeIgniter\Boot::bootWeb(Object(Config\Paths))
WARNING - 2025-04-25 07:11:13 --> [DEPRECATED] Optional parameter $sarray declared before required parameter $where2 is implicitly treated as a required parameter in APPPATH\Models\SwiperModel.php on line 32.
 1 SYSTEMPATH\Autoloader\Autoloader.php(316): include_once('E:\\web\\XAMPP\\htdocs\\test\\system\\Debug\\Exceptions.php')
 2 SYSTEMPATH\Autoloader\Autoloader.php(295): CodeIgniter\Autoloader\Autoloader->includeFile('E:\\web\\XAMPP\\htdocs\\test\\app\\Models\\SwiperModel.php')
 3 SYSTEMPATH\Autoloader\Autoloader.php(271): CodeIgniter\Autoloader\Autoloader->loadInNamespace('App\\Models\\SwiperModel')
 4 APPPATH\Controllers\Home.php(12): CodeIgniter\Autoloader\Autoloader->loadClass('App\\Models\\SwiperModel')
 5 SYSTEMPATH\CodeIgniter.php(933): App\Controllers\Home->index()
 6 SYSTEMPATH\CodeIgniter.php(507): CodeIgniter\CodeIgniter->runController(Object(App\Controllers\Home))
 7 SYSTEMPATH\CodeIgniter.php(354): CodeIgniter\CodeIgniter->handleRequest(null, Object(Config\Cache), false)
 8 SYSTEMPATH\Boot.php(334): CodeIgniter\CodeIgniter->run()
 9 SYSTEMPATH\Boot.php(67): CodeIgniter\Boot::runCodeIgniter(Object(CodeIgniter\CodeIgniter))
10 FCPATH\index.php(56): CodeIgniter\Boot::bootWeb(Object(Config\Paths))
WARNING - 2025-04-25 07:11:13 --> [DEPRECATED] Optional parameter $sarray declared before required parameter $id is implicitly treated as a required parameter in APPPATH\Models\NavModel.php on line 17.
 1 SYSTEMPATH\Autoloader\Autoloader.php(316): include_once('E:\\web\\XAMPP\\htdocs\\test\\system\\Debug\\Exceptions.php')
 2 SYSTEMPATH\Autoloader\Autoloader.php(295): CodeIgniter\Autoloader\Autoloader->includeFile('E:\\web\\XAMPP\\htdocs\\test\\app\\Models\\NavModel.php')
 3 SYSTEMPATH\Autoloader\Autoloader.php(271): CodeIgniter\Autoloader\Autoloader->loadInNamespace('App\\Models\\NavModel')
 4 APPPATH\Controllers\Home.php(17): CodeIgniter\Autoloader\Autoloader->loadClass('App\\Models\\NavModel')
 5 SYSTEMPATH\CodeIgniter.php(933): App\Controllers\Home->index()
 6 SYSTEMPATH\CodeIgniter.php(507): CodeIgniter\CodeIgniter->runController(Object(App\Controllers\Home))
 7 SYSTEMPATH\CodeIgniter.php(354): CodeIgniter\CodeIgniter->handleRequest(null, Object(Config\Cache), false)
 8 SYSTEMPATH\Boot.php(334): CodeIgniter\CodeIgniter->run()
 9 SYSTEMPATH\Boot.php(67): CodeIgniter\Boot::runCodeIgniter(Object(CodeIgniter\CodeIgniter))
10 FCPATH\index.php(56): CodeIgniter\Boot::bootWeb(Object(Config\Paths))
WARNING - 2025-04-25 07:11:13 --> [DEPRECATED] Optional parameter $sarray declared before required parameter $id is implicitly treated as a required parameter in APPPATH\Models\NavModel.php on line 25.
 1 SYSTEMPATH\Autoloader\Autoloader.php(316): include_once('E:\\web\\XAMPP\\htdocs\\test\\system\\Debug\\Exceptions.php')
 2 SYSTEMPATH\Autoloader\Autoloader.php(295): CodeIgniter\Autoloader\Autoloader->includeFile('E:\\web\\XAMPP\\htdocs\\test\\app\\Models\\NavModel.php')
 3 SYSTEMPATH\Autoloader\Autoloader.php(271): CodeIgniter\Autoloader\Autoloader->loadInNamespace('App\\Models\\NavModel')
 4 APPPATH\Controllers\Home.php(17): CodeIgniter\Autoloader\Autoloader->loadClass('App\\Models\\NavModel')
 5 SYSTEMPATH\CodeIgniter.php(933): App\Controllers\Home->index()
 6 SYSTEMPATH\CodeIgniter.php(507): CodeIgniter\CodeIgniter->runController(Object(App\Controllers\Home))
 7 SYSTEMPATH\CodeIgniter.php(354): CodeIgniter\CodeIgniter->handleRequest(null, Object(Config\Cache), false)
 8 SYSTEMPATH\Boot.php(334): CodeIgniter\CodeIgniter->run()
 9 SYSTEMPATH\Boot.php(67): CodeIgniter\Boot::runCodeIgniter(Object(CodeIgniter\CodeIgniter))
10 FCPATH\index.php(56): CodeIgniter\Boot::bootWeb(Object(Config\Paths))
WARNING - 2025-04-25 07:11:15 --> [DEPRECATED] Optional parameter $sarray declared before required parameter $id is implicitly treated as a required parameter in APPPATH\Models\SwiperModel.php on line 23.
 1 SYSTEMPATH\Autoloader\Autoloader.php(316): include_once('E:\\web\\XAMPP\\htdocs\\test\\system\\Debug\\Exceptions.php')
 2 SYSTEMPATH\Autoloader\Autoloader.php(295): CodeIgniter\Autoloader\Autoloader->includeFile('E:\\web\\XAMPP\\htdocs\\test\\app\\Models\\SwiperModel.php')
 3 SYSTEMPATH\Autoloader\Autoloader.php(271): CodeIgniter\Autoloader\Autoloader->loadInNamespace('App\\Models\\SwiperModel')
 4 APPPATH\Controllers\Home.php(12): CodeIgniter\Autoloader\Autoloader->loadClass('App\\Models\\SwiperModel')
 5 SYSTEMPATH\CodeIgniter.php(933): App\Controllers\Home->index()
 6 SYSTEMPATH\CodeIgniter.php(507): CodeIgniter\CodeIgniter->runController(Object(App\Controllers\Home))
 7 SYSTEMPATH\CodeIgniter.php(354): CodeIgniter\CodeIgniter->handleRequest(null, Object(Config\Cache), false)
 8 SYSTEMPATH\Boot.php(334): CodeIgniter\CodeIgniter->run()
 9 SYSTEMPATH\Boot.php(67): CodeIgniter\Boot::runCodeIgniter(Object(CodeIgniter\CodeIgniter))
10 FCPATH\index.php(56): CodeIgniter\Boot::bootWeb(Object(Config\Paths))
WARNING - 2025-04-25 07:11:15 --> [DEPRECATED] Optional parameter $sarray declared before required parameter $where2 is implicitly treated as a required parameter in APPPATH\Models\SwiperModel.php on line 32.
 1 SYSTEMPATH\Autoloader\Autoloader.php(316): include_once('E:\\web\\XAMPP\\htdocs\\test\\system\\Debug\\Exceptions.php')
 2 SYSTEMPATH\Autoloader\Autoloader.php(295): CodeIgniter\Autoloader\Autoloader->includeFile('E:\\web\\XAMPP\\htdocs\\test\\app\\Models\\SwiperModel.php')
 3 SYSTEMPATH\Autoloader\Autoloader.php(271): CodeIgniter\Autoloader\Autoloader->loadInNamespace('App\\Models\\SwiperModel')
 4 APPPATH\Controllers\Home.php(12): CodeIgniter\Autoloader\Autoloader->loadClass('App\\Models\\SwiperModel')
 5 SYSTEMPATH\CodeIgniter.php(933): App\Controllers\Home->index()
 6 SYSTEMPATH\CodeIgniter.php(507): CodeIgniter\CodeIgniter->runController(Object(App\Controllers\Home))
 7 SYSTEMPATH\CodeIgniter.php(354): CodeIgniter\CodeIgniter->handleRequest(null, Object(Config\Cache), false)
 8 SYSTEMPATH\Boot.php(334): CodeIgniter\CodeIgniter->run()
 9 SYSTEMPATH\Boot.php(67): CodeIgniter\Boot::runCodeIgniter(Object(CodeIgniter\CodeIgniter))
10 FCPATH\index.php(56): CodeIgniter\Boot::bootWeb(Object(Config\Paths))
WARNING - 2025-04-25 07:11:15 --> [DEPRECATED] Optional parameter $sarray declared before required parameter $id is implicitly treated as a required parameter in APPPATH\Models\NavModel.php on line 17.
 1 SYSTEMPATH\Autoloader\Autoloader.php(316): include_once('E:\\web\\XAMPP\\htdocs\\test\\system\\Debug\\Exceptions.php')
 2 SYSTEMPATH\Autoloader\Autoloader.php(295): CodeIgniter\Autoloader\Autoloader->includeFile('E:\\web\\XAMPP\\htdocs\\test\\app\\Models\\NavModel.php')
 3 SYSTEMPATH\Autoloader\Autoloader.php(271): CodeIgniter\Autoloader\Autoloader->loadInNamespace('App\\Models\\NavModel')
 4 APPPATH\Controllers\Home.php(17): CodeIgniter\Autoloader\Autoloader->loadClass('App\\Models\\NavModel')
 5 SYSTEMPATH\CodeIgniter.php(933): App\Controllers\Home->index()
 6 SYSTEMPATH\CodeIgniter.php(507): CodeIgniter\CodeIgniter->runController(Object(App\Controllers\Home))
 7 SYSTEMPATH\CodeIgniter.php(354): CodeIgniter\CodeIgniter->handleRequest(null, Object(Config\Cache), false)
 8 SYSTEMPATH\Boot.php(334): CodeIgniter\CodeIgniter->run()
 9 SYSTEMPATH\Boot.php(67): CodeIgniter\Boot::runCodeIgniter(Object(CodeIgniter\CodeIgniter))
10 FCPATH\index.php(56): CodeIgniter\Boot::bootWeb(Object(Config\Paths))
WARNING - 2025-04-25 07:11:15 --> [DEPRECATED] Optional parameter $sarray declared before required parameter $id is implicitly treated as a required parameter in APPPATH\Models\NavModel.php on line 25.
 1 SYSTEMPATH\Autoloader\Autoloader.php(316): include_once('E:\\web\\XAMPP\\htdocs\\test\\system\\Debug\\Exceptions.php')
 2 SYSTEMPATH\Autoloader\Autoloader.php(295): CodeIgniter\Autoloader\Autoloader->includeFile('E:\\web\\XAMPP\\htdocs\\test\\app\\Models\\NavModel.php')
 3 SYSTEMPATH\Autoloader\Autoloader.php(271): CodeIgniter\Autoloader\Autoloader->loadInNamespace('App\\Models\\NavModel')
 4 APPPATH\Controllers\Home.php(17): CodeIgniter\Autoloader\Autoloader->loadClass('App\\Models\\NavModel')
 5 SYSTEMPATH\CodeIgniter.php(933): App\Controllers\Home->index()
 6 SYSTEMPATH\CodeIgniter.php(507): CodeIgniter\CodeIgniter->runController(Object(App\Controllers\Home))
 7 SYSTEMPATH\CodeIgniter.php(354): CodeIgniter\CodeIgniter->handleRequest(null, Object(Config\Cache), false)
 8 SYSTEMPATH\Boot.php(334): CodeIgniter\CodeIgniter->run()
 9 SYSTEMPATH\Boot.php(67): CodeIgniter\Boot::runCodeIgniter(Object(CodeIgniter\CodeIgniter))
10 FCPATH\index.php(56): CodeIgniter\Boot::bootWeb(Object(Config\Paths))
WARNING - 2025-04-25 07:11:17 --> [DEPRECATED] Optional parameter $sarray declared before required parameter $id is implicitly treated as a required parameter in APPPATH\Models\SwiperModel.php on line 23.
 1 SYSTEMPATH\Autoloader\Autoloader.php(316): include_once('E:\\web\\XAMPP\\htdocs\\test\\system\\Debug\\Exceptions.php')
 2 SYSTEMPATH\Autoloader\Autoloader.php(295): CodeIgniter\Autoloader\Autoloader->includeFile('E:\\web\\XAMPP\\htdocs\\test\\app\\Models\\SwiperModel.php')
 3 SYSTEMPATH\Autoloader\Autoloader.php(271): CodeIgniter\Autoloader\Autoloader->loadInNamespace('App\\Models\\SwiperModel')
 4 APPPATH\Controllers\Home.php(12): CodeIgniter\Autoloader\Autoloader->loadClass('App\\Models\\SwiperModel')
 5 SYSTEMPATH\CodeIgniter.php(933): App\Controllers\Home->index()
 6 SYSTEMPATH\CodeIgniter.php(507): CodeIgniter\CodeIgniter->runController(Object(App\Controllers\Home))
 7 SYSTEMPATH\CodeIgniter.php(354): CodeIgniter\CodeIgniter->handleRequest(null, Object(Config\Cache), false)
 8 SYSTEMPATH\Boot.php(334): CodeIgniter\CodeIgniter->run()
 9 SYSTEMPATH\Boot.php(67): CodeIgniter\Boot::runCodeIgniter(Object(CodeIgniter\CodeIgniter))
10 FCPATH\index.php(56): CodeIgniter\Boot::bootWeb(Object(Config\Paths))
WARNING - 2025-04-25 07:11:17 --> [DEPRECATED] Optional parameter $sarray declared before required parameter $where2 is implicitly treated as a required parameter in APPPATH\Models\SwiperModel.php on line 32.
 1 SYSTEMPATH\Autoloader\Autoloader.php(316): include_once('E:\\web\\XAMPP\\htdocs\\test\\system\\Debug\\Exceptions.php')
 2 SYSTEMPATH\Autoloader\Autoloader.php(295): CodeIgniter\Autoloader\Autoloader->includeFile('E:\\web\\XAMPP\\htdocs\\test\\app\\Models\\SwiperModel.php')
 3 SYSTEMPATH\Autoloader\Autoloader.php(271): CodeIgniter\Autoloader\Autoloader->loadInNamespace('App\\Models\\SwiperModel')
 4 APPPATH\Controllers\Home.php(12): CodeIgniter\Autoloader\Autoloader->loadClass('App\\Models\\SwiperModel')
 5 SYSTEMPATH\CodeIgniter.php(933): App\Controllers\Home->index()
 6 SYSTEMPATH\CodeIgniter.php(507): CodeIgniter\CodeIgniter->runController(Object(App\Controllers\Home))
 7 SYSTEMPATH\CodeIgniter.php(354): CodeIgniter\CodeIgniter->handleRequest(null, Object(Config\Cache), false)
 8 SYSTEMPATH\Boot.php(334): CodeIgniter\CodeIgniter->run()
 9 SYSTEMPATH\Boot.php(67): CodeIgniter\Boot::runCodeIgniter(Object(CodeIgniter\CodeIgniter))
10 FCPATH\index.php(56): CodeIgniter\Boot::bootWeb(Object(Config\Paths))
WARNING - 2025-04-25 07:11:17 --> [DEPRECATED] Optional parameter $sarray declared before required parameter $id is implicitly treated as a required parameter in APPPATH\Models\NavModel.php on line 17.
 1 SYSTEMPATH\Autoloader\Autoloader.php(316): include_once('E:\\web\\XAMPP\\htdocs\\test\\system\\Debug\\Exceptions.php')
 2 SYSTEMPATH\Autoloader\Autoloader.php(295): CodeIgniter\Autoloader\Autoloader->includeFile('E:\\web\\XAMPP\\htdocs\\test\\app\\Models\\NavModel.php')
 3 SYSTEMPATH\Autoloader\Autoloader.php(271): CodeIgniter\Autoloader\Autoloader->loadInNamespace('App\\Models\\NavModel')
 4 APPPATH\Controllers\Home.php(17): CodeIgniter\Autoloader\Autoloader->loadClass('App\\Models\\NavModel')
 5 SYSTEMPATH\CodeIgniter.php(933): App\Controllers\Home->index()
 6 SYSTEMPATH\CodeIgniter.php(507): CodeIgniter\CodeIgniter->runController(Object(App\Controllers\Home))
 7 SYSTEMPATH\CodeIgniter.php(354): CodeIgniter\CodeIgniter->handleRequest(null, Object(Config\Cache), false)
 8 SYSTEMPATH\Boot.php(334): CodeIgniter\CodeIgniter->run()
 9 SYSTEMPATH\Boot.php(67): CodeIgniter\Boot::runCodeIgniter(Object(CodeIgniter\CodeIgniter))
10 FCPATH\index.php(56): CodeIgniter\Boot::bootWeb(Object(Config\Paths))
WARNING - 2025-04-25 07:11:17 --> [DEPRECATED] Optional parameter $sarray declared before required parameter $id is implicitly treated as a required parameter in APPPATH\Models\NavModel.php on line 25.
 1 SYSTEMPATH\Autoloader\Autoloader.php(316): include_once('E:\\web\\XAMPP\\htdocs\\test\\system\\Debug\\Exceptions.php')
 2 SYSTEMPATH\Autoloader\Autoloader.php(295): CodeIgniter\Autoloader\Autoloader->includeFile('E:\\web\\XAMPP\\htdocs\\test\\app\\Models\\NavModel.php')
 3 SYSTEMPATH\Autoloader\Autoloader.php(271): CodeIgniter\Autoloader\Autoloader->loadInNamespace('App\\Models\\NavModel')
 4 APPPATH\Controllers\Home.php(17): CodeIgniter\Autoloader\Autoloader->loadClass('App\\Models\\NavModel')
 5 SYSTEMPATH\CodeIgniter.php(933): App\Controllers\Home->index()
 6 SYSTEMPATH\CodeIgniter.php(507): CodeIgniter\CodeIgniter->runController(Object(App\Controllers\Home))
 7 SYSTEMPATH\CodeIgniter.php(354): CodeIgniter\CodeIgniter->handleRequest(null, Object(Config\Cache), false)
 8 SYSTEMPATH\Boot.php(334): CodeIgniter\CodeIgniter->run()
 9 SYSTEMPATH\Boot.php(67): CodeIgniter\Boot::runCodeIgniter(Object(CodeIgniter\CodeIgniter))
10 FCPATH\index.php(56): CodeIgniter\Boot::bootWeb(Object(Config\Paths))
WARNING - 2025-04-25 07:11:24 --> [DEPRECATED] Optional parameter $sarray declared before required parameter $id is implicitly treated as a required parameter in APPPATH\Models\SwiperModel.php on line 23.
 1 SYSTEMPATH\Autoloader\Autoloader.php(316): include_once('E:\\web\\XAMPP\\htdocs\\test\\system\\Debug\\Exceptions.php')
 2 SYSTEMPATH\Autoloader\Autoloader.php(295): CodeIgniter\Autoloader\Autoloader->includeFile('E:\\web\\XAMPP\\htdocs\\test\\app\\Models\\SwiperModel.php')
 3 SYSTEMPATH\Autoloader\Autoloader.php(271): CodeIgniter\Autoloader\Autoloader->loadInNamespace('App\\Models\\SwiperModel')
 4 APPPATH\Controllers\Home.php(12): CodeIgniter\Autoloader\Autoloader->loadClass('App\\Models\\SwiperModel')
 5 SYSTEMPATH\CodeIgniter.php(933): App\Controllers\Home->index()
 6 SYSTEMPATH\CodeIgniter.php(507): CodeIgniter\CodeIgniter->runController(Object(App\Controllers\Home))
 7 SYSTEMPATH\CodeIgniter.php(354): CodeIgniter\CodeIgniter->handleRequest(null, Object(Config\Cache), false)
 8 SYSTEMPATH\Boot.php(334): CodeIgniter\CodeIgniter->run()
 9 SYSTEMPATH\Boot.php(67): CodeIgniter\Boot::runCodeIgniter(Object(CodeIgniter\CodeIgniter))
10 FCPATH\index.php(56): CodeIgniter\Boot::bootWeb(Object(Config\Paths))
WARNING - 2025-04-25 07:11:24 --> [DEPRECATED] Optional parameter $sarray declared before required parameter $where2 is implicitly treated as a required parameter in APPPATH\Models\SwiperModel.php on line 32.
 1 SYSTEMPATH\Autoloader\Autoloader.php(316): include_once('E:\\web\\XAMPP\\htdocs\\test\\system\\Debug\\Exceptions.php')
 2 SYSTEMPATH\Autoloader\Autoloader.php(295): CodeIgniter\Autoloader\Autoloader->includeFile('E:\\web\\XAMPP\\htdocs\\test\\app\\Models\\SwiperModel.php')
 3 SYSTEMPATH\Autoloader\Autoloader.php(271): CodeIgniter\Autoloader\Autoloader->loadInNamespace('App\\Models\\SwiperModel')
 4 APPPATH\Controllers\Home.php(12): CodeIgniter\Autoloader\Autoloader->loadClass('App\\Models\\SwiperModel')
 5 SYSTEMPATH\CodeIgniter.php(933): App\Controllers\Home->index()
 6 SYSTEMPATH\CodeIgniter.php(507): CodeIgniter\CodeIgniter->runController(Object(App\Controllers\Home))
 7 SYSTEMPATH\CodeIgniter.php(354): CodeIgniter\CodeIgniter->handleRequest(null, Object(Config\Cache), false)
 8 SYSTEMPATH\Boot.php(334): CodeIgniter\CodeIgniter->run()
 9 SYSTEMPATH\Boot.php(67): CodeIgniter\Boot::runCodeIgniter(Object(CodeIgniter\CodeIgniter))
10 FCPATH\index.php(56): CodeIgniter\Boot::bootWeb(Object(Config\Paths))
WARNING - 2025-04-25 07:11:24 --> [DEPRECATED] Optional parameter $sarray declared before required parameter $id is implicitly treated as a required parameter in APPPATH\Models\NavModel.php on line 17.
 1 SYSTEMPATH\Autoloader\Autoloader.php(316): include_once('E:\\web\\XAMPP\\htdocs\\test\\system\\Debug\\Exceptions.php')
 2 SYSTEMPATH\Autoloader\Autoloader.php(295): CodeIgniter\Autoloader\Autoloader->includeFile('E:\\web\\XAMPP\\htdocs\\test\\app\\Models\\NavModel.php')
 3 SYSTEMPATH\Autoloader\Autoloader.php(271): CodeIgniter\Autoloader\Autoloader->loadInNamespace('App\\Models\\NavModel')
 4 APPPATH\Controllers\Home.php(17): CodeIgniter\Autoloader\Autoloader->loadClass('App\\Models\\NavModel')
 5 SYSTEMPATH\CodeIgniter.php(933): App\Controllers\Home->index()
 6 SYSTEMPATH\CodeIgniter.php(507): CodeIgniter\CodeIgniter->runController(Object(App\Controllers\Home))
 7 SYSTEMPATH\CodeIgniter.php(354): CodeIgniter\CodeIgniter->handleRequest(null, Object(Config\Cache), false)
 8 SYSTEMPATH\Boot.php(334): CodeIgniter\CodeIgniter->run()
 9 SYSTEMPATH\Boot.php(67): CodeIgniter\Boot::runCodeIgniter(Object(CodeIgniter\CodeIgniter))
10 FCPATH\index.php(56): CodeIgniter\Boot::bootWeb(Object(Config\Paths))
WARNING - 2025-04-25 07:11:24 --> [DEPRECATED] Optional parameter $sarray declared before required parameter $id is implicitly treated as a required parameter in APPPATH\Models\NavModel.php on line 25.
 1 SYSTEMPATH\Autoloader\Autoloader.php(316): include_once('E:\\web\\XAMPP\\htdocs\\test\\system\\Debug\\Exceptions.php')
 2 SYSTEMPATH\Autoloader\Autoloader.php(295): CodeIgniter\Autoloader\Autoloader->includeFile('E:\\web\\XAMPP\\htdocs\\test\\app\\Models\\NavModel.php')
 3 SYSTEMPATH\Autoloader\Autoloader.php(271): CodeIgniter\Autoloader\Autoloader->loadInNamespace('App\\Models\\NavModel')
 4 APPPATH\Controllers\Home.php(17): CodeIgniter\Autoloader\Autoloader->loadClass('App\\Models\\NavModel')
 5 SYSTEMPATH\CodeIgniter.php(933): App\Controllers\Home->index()
 6 SYSTEMPATH\CodeIgniter.php(507): CodeIgniter\CodeIgniter->runController(Object(App\Controllers\Home))
 7 SYSTEMPATH\CodeIgniter.php(354): CodeIgniter\CodeIgniter->handleRequest(null, Object(Config\Cache), false)
 8 SYSTEMPATH\Boot.php(334): CodeIgniter\CodeIgniter->run()
 9 SYSTEMPATH\Boot.php(67): CodeIgniter\Boot::runCodeIgniter(Object(CodeIgniter\CodeIgniter))
10 FCPATH\index.php(56): CodeIgniter\Boot::bootWeb(Object(Config\Paths))
WARNING - 2025-04-25 07:11:51 --> [DEPRECATED] Optional parameter $sarray declared before required parameter $id is implicitly treated as a required parameter in APPPATH\Models\SwiperModel.php on line 23.
 1 SYSTEMPATH\Autoloader\Autoloader.php(316): include_once('E:\\web\\XAMPP\\htdocs\\test\\system\\Debug\\Exceptions.php')
 2 SYSTEMPATH\Autoloader\Autoloader.php(295): CodeIgniter\Autoloader\Autoloader->includeFile('E:\\web\\XAMPP\\htdocs\\test\\app\\Models\\SwiperModel.php')
 3 SYSTEMPATH\Autoloader\Autoloader.php(271): CodeIgniter\Autoloader\Autoloader->loadInNamespace('App\\Models\\SwiperModel')
 4 APPPATH\Controllers\Home.php(12): CodeIgniter\Autoloader\Autoloader->loadClass('App\\Models\\SwiperModel')
 5 SYSTEMPATH\CodeIgniter.php(933): App\Controllers\Home->index()
 6 SYSTEMPATH\CodeIgniter.php(507): CodeIgniter\CodeIgniter->runController(Object(App\Controllers\Home))
 7 SYSTEMPATH\CodeIgniter.php(354): CodeIgniter\CodeIgniter->handleRequest(null, Object(Config\Cache), false)
 8 SYSTEMPATH\Boot.php(334): CodeIgniter\CodeIgniter->run()
 9 SYSTEMPATH\Boot.php(67): CodeIgniter\Boot::runCodeIgniter(Object(CodeIgniter\CodeIgniter))
10 FCPATH\index.php(56): CodeIgniter\Boot::bootWeb(Object(Config\Paths))
WARNING - 2025-04-25 07:11:51 --> [DEPRECATED] Optional parameter $sarray declared before required parameter $where2 is implicitly treated as a required parameter in APPPATH\Models\SwiperModel.php on line 32.
 1 SYSTEMPATH\Autoloader\Autoloader.php(316): include_once('E:\\web\\XAMPP\\htdocs\\test\\system\\Debug\\Exceptions.php')
 2 SYSTEMPATH\Autoloader\Autoloader.php(295): CodeIgniter\Autoloader\Autoloader->includeFile('E:\\web\\XAMPP\\htdocs\\test\\app\\Models\\SwiperModel.php')
 3 SYSTEMPATH\Autoloader\Autoloader.php(271): CodeIgniter\Autoloader\Autoloader->loadInNamespace('App\\Models\\SwiperModel')
 4 APPPATH\Controllers\Home.php(12): CodeIgniter\Autoloader\Autoloader->loadClass('App\\Models\\SwiperModel')
 5 SYSTEMPATH\CodeIgniter.php(933): App\Controllers\Home->index()
 6 SYSTEMPATH\CodeIgniter.php(507): CodeIgniter\CodeIgniter->runController(Object(App\Controllers\Home))
 7 SYSTEMPATH\CodeIgniter.php(354): CodeIgniter\CodeIgniter->handleRequest(null, Object(Config\Cache), false)
 8 SYSTEMPATH\Boot.php(334): CodeIgniter\CodeIgniter->run()
 9 SYSTEMPATH\Boot.php(67): CodeIgniter\Boot::runCodeIgniter(Object(CodeIgniter\CodeIgniter))
10 FCPATH\index.php(56): CodeIgniter\Boot::bootWeb(Object(Config\Paths))
WARNING - 2025-04-25 07:11:51 --> [DEPRECATED] Optional parameter $sarray declared before required parameter $id is implicitly treated as a required parameter in APPPATH\Models\NavModel.php on line 17.
 1 SYSTEMPATH\Autoloader\Autoloader.php(316): include_once('E:\\web\\XAMPP\\htdocs\\test\\system\\Debug\\Exceptions.php')
 2 SYSTEMPATH\Autoloader\Autoloader.php(295): CodeIgniter\Autoloader\Autoloader->includeFile('E:\\web\\XAMPP\\htdocs\\test\\app\\Models\\NavModel.php')
 3 SYSTEMPATH\Autoloader\Autoloader.php(271): CodeIgniter\Autoloader\Autoloader->loadInNamespace('App\\Models\\NavModel')
 4 APPPATH\Controllers\Home.php(17): CodeIgniter\Autoloader\Autoloader->loadClass('App\\Models\\NavModel')
 5 SYSTEMPATH\CodeIgniter.php(933): App\Controllers\Home->index()
 6 SYSTEMPATH\CodeIgniter.php(507): CodeIgniter\CodeIgniter->runController(Object(App\Controllers\Home))
 7 SYSTEMPATH\CodeIgniter.php(354): CodeIgniter\CodeIgniter->handleRequest(null, Object(Config\Cache), false)
 8 SYSTEMPATH\Boot.php(334): CodeIgniter\CodeIgniter->run()
 9 SYSTEMPATH\Boot.php(67): CodeIgniter\Boot::runCodeIgniter(Object(CodeIgniter\CodeIgniter))
10 FCPATH\index.php(56): CodeIgniter\Boot::bootWeb(Object(Config\Paths))
WARNING - 2025-04-25 07:11:51 --> [DEPRECATED] Optional parameter $sarray declared before required parameter $id is implicitly treated as a required parameter in APPPATH\Models\NavModel.php on line 25.
 1 SYSTEMPATH\Autoloader\Autoloader.php(316): include_once('E:\\web\\XAMPP\\htdocs\\test\\system\\Debug\\Exceptions.php')
 2 SYSTEMPATH\Autoloader\Autoloader.php(295): CodeIgniter\Autoloader\Autoloader->includeFile('E:\\web\\XAMPP\\htdocs\\test\\app\\Models\\NavModel.php')
 3 SYSTEMPATH\Autoloader\Autoloader.php(271): CodeIgniter\Autoloader\Autoloader->loadInNamespace('App\\Models\\NavModel')
 4 APPPATH\Controllers\Home.php(17): CodeIgniter\Autoloader\Autoloader->loadClass('App\\Models\\NavModel')
 5 SYSTEMPATH\CodeIgniter.php(933): App\Controllers\Home->index()
 6 SYSTEMPATH\CodeIgniter.php(507): CodeIgniter\CodeIgniter->runController(Object(App\Controllers\Home))
 7 SYSTEMPATH\CodeIgniter.php(354): CodeIgniter\CodeIgniter->handleRequest(null, Object(Config\Cache), false)
 8 SYSTEMPATH\Boot.php(334): CodeIgniter\CodeIgniter->run()
 9 SYSTEMPATH\Boot.php(67): CodeIgniter\Boot::runCodeIgniter(Object(CodeIgniter\CodeIgniter))
10 FCPATH\index.php(56): CodeIgniter\Boot::bootWeb(Object(Config\Paths))
WARNING - 2025-04-25 07:11:54 --> [DEPRECATED] Optional parameter $sarray declared before required parameter $id is implicitly treated as a required parameter in APPPATH\Models\SwiperModel.php on line 23.
 1 SYSTEMPATH\Autoloader\Autoloader.php(316): include_once('E:\\web\\XAMPP\\htdocs\\test\\system\\Debug\\Exceptions.php')
 2 SYSTEMPATH\Autoloader\Autoloader.php(295): CodeIgniter\Autoloader\Autoloader->includeFile('E:\\web\\XAMPP\\htdocs\\test\\app\\Models\\SwiperModel.php')
 3 SYSTEMPATH\Autoloader\Autoloader.php(271): CodeIgniter\Autoloader\Autoloader->loadInNamespace('App\\Models\\SwiperModel')
 4 APPPATH\Controllers\Home.php(12): CodeIgniter\Autoloader\Autoloader->loadClass('App\\Models\\SwiperModel')
 5 SYSTEMPATH\CodeIgniter.php(933): App\Controllers\Home->index()
 6 SYSTEMPATH\CodeIgniter.php(507): CodeIgniter\CodeIgniter->runController(Object(App\Controllers\Home))
 7 SYSTEMPATH\CodeIgniter.php(354): CodeIgniter\CodeIgniter->handleRequest(null, Object(Config\Cache), false)
 8 SYSTEMPATH\Boot.php(334): CodeIgniter\CodeIgniter->run()
 9 SYSTEMPATH\Boot.php(67): CodeIgniter\Boot::runCodeIgniter(Object(CodeIgniter\CodeIgniter))
10 FCPATH\index.php(56): CodeIgniter\Boot::bootWeb(Object(Config\Paths))
WARNING - 2025-04-25 07:11:54 --> [DEPRECATED] Optional parameter $sarray declared before required parameter $where2 is implicitly treated as a required parameter in APPPATH\Models\SwiperModel.php on line 32.
 1 SYSTEMPATH\Autoloader\Autoloader.php(316): include_once('E:\\web\\XAMPP\\htdocs\\test\\system\\Debug\\Exceptions.php')
 2 SYSTEMPATH\Autoloader\Autoloader.php(295): CodeIgniter\Autoloader\Autoloader->includeFile('E:\\web\\XAMPP\\htdocs\\test\\app\\Models\\SwiperModel.php')
 3 SYSTEMPATH\Autoloader\Autoloader.php(271): CodeIgniter\Autoloader\Autoloader->loadInNamespace('App\\Models\\SwiperModel')
 4 APPPATH\Controllers\Home.php(12): CodeIgniter\Autoloader\Autoloader->loadClass('App\\Models\\SwiperModel')
 5 SYSTEMPATH\CodeIgniter.php(933): App\Controllers\Home->index()
 6 SYSTEMPATH\CodeIgniter.php(507): CodeIgniter\CodeIgniter->runController(Object(App\Controllers\Home))
 7 SYSTEMPATH\CodeIgniter.php(354): CodeIgniter\CodeIgniter->handleRequest(null, Object(Config\Cache), false)
 8 SYSTEMPATH\Boot.php(334): CodeIgniter\CodeIgniter->run()
 9 SYSTEMPATH\Boot.php(67): CodeIgniter\Boot::runCodeIgniter(Object(CodeIgniter\CodeIgniter))
10 FCPATH\index.php(56): CodeIgniter\Boot::bootWeb(Object(Config\Paths))
WARNING - 2025-04-25 07:11:54 --> [DEPRECATED] Optional parameter $sarray declared before required parameter $id is implicitly treated as a required parameter in APPPATH\Models\NavModel.php on line 17.
 1 SYSTEMPATH\Autoloader\Autoloader.php(316): include_once('E:\\web\\XAMPP\\htdocs\\test\\system\\Debug\\Exceptions.php')
 2 SYSTEMPATH\Autoloader\Autoloader.php(295): CodeIgniter\Autoloader\Autoloader->includeFile('E:\\web\\XAMPP\\htdocs\\test\\app\\Models\\NavModel.php')
 3 SYSTEMPATH\Autoloader\Autoloader.php(271): CodeIgniter\Autoloader\Autoloader->loadInNamespace('App\\Models\\NavModel')
 4 APPPATH\Controllers\Home.php(17): CodeIgniter\Autoloader\Autoloader->loadClass('App\\Models\\NavModel')
 5 SYSTEMPATH\CodeIgniter.php(933): App\Controllers\Home->index()
 6 SYSTEMPATH\CodeIgniter.php(507): CodeIgniter\CodeIgniter->runController(Object(App\Controllers\Home))
 7 SYSTEMPATH\CodeIgniter.php(354): CodeIgniter\CodeIgniter->handleRequest(null, Object(Config\Cache), false)
 8 SYSTEMPATH\Boot.php(334): CodeIgniter\CodeIgniter->run()
 9 SYSTEMPATH\Boot.php(67): CodeIgniter\Boot::runCodeIgniter(Object(CodeIgniter\CodeIgniter))
10 FCPATH\index.php(56): CodeIgniter\Boot::bootWeb(Object(Config\Paths))
WARNING - 2025-04-25 07:11:54 --> [DEPRECATED] Optional parameter $sarray declared before required parameter $id is implicitly treated as a required parameter in APPPATH\Models\NavModel.php on line 25.
 1 SYSTEMPATH\Autoloader\Autoloader.php(316): include_once('E:\\web\\XAMPP\\htdocs\\test\\system\\Debug\\Exceptions.php')
 2 SYSTEMPATH\Autoloader\Autoloader.php(295): CodeIgniter\Autoloader\Autoloader->includeFile('E:\\web\\XAMPP\\htdocs\\test\\app\\Models\\NavModel.php')
 3 SYSTEMPATH\Autoloader\Autoloader.php(271): CodeIgniter\Autoloader\Autoloader->loadInNamespace('App\\Models\\NavModel')
 4 APPPATH\Controllers\Home.php(17): CodeIgniter\Autoloader\Autoloader->loadClass('App\\Models\\NavModel')
 5 SYSTEMPATH\CodeIgniter.php(933): App\Controllers\Home->index()
 6 SYSTEMPATH\CodeIgniter.php(507): CodeIgniter\CodeIgniter->runController(Object(App\Controllers\Home))
 7 SYSTEMPATH\CodeIgniter.php(354): CodeIgniter\CodeIgniter->handleRequest(null, Object(Config\Cache), false)
 8 SYSTEMPATH\Boot.php(334): CodeIgniter\CodeIgniter->run()
 9 SYSTEMPATH\Boot.php(67): CodeIgniter\Boot::runCodeIgniter(Object(CodeIgniter\CodeIgniter))
10 FCPATH\index.php(56): CodeIgniter\Boot::bootWeb(Object(Config\Paths))
