DEBUG - 2025-03-13 02:54:24 --> Session: Class initialized using 'CodeIgniter\Session\Handlers\FileHandler' driver.
WARNING - 2025-03-13 02:54:24 --> [DEPRECATED] Creation of dynamic property SysAdmin\Controllers\Login::$session is deprecated in ROOTPATH\SysAdmin\Controllers\BaseController.php on line 51.
 1 SYSTEMPATH\CodeIgniter.php(903): SysAdmin\Controllers\BaseController->__construct()
 2 SYSTEMPATH\CodeIgniter.php(498): CodeIgniter\CodeIgniter->createController()
 3 SYSTEMPATH\CodeIgniter.php(354): CodeIgniter\CodeIgniter->handleRequest(null, Object(Config\Cache), false)
 4 SYSTEMPATH\Boot.php(334): CodeIgniter\CodeIgniter->run()
 5 SYSTEMPATH\Boot.php(67): CodeIgniter\Boot::runCodeIgniter(Object(CodeIgniter\CodeIgniter))
 6 FCPATH\index.php(56): CodeIgniter\Boot::bootWeb(Object(Config\Paths))
WARNING - 2025-03-13 02:54:24 --> [DEPRECATED] Creation of dynamic property SysAdmin\Controllers\Login::$encrypter is deprecated in ROOTPATH\SysAdmin\Controllers\BaseController.php on line 52.
 1 SYSTEMPATH\CodeIgniter.php(903): SysAdmin\Controllers\BaseController->__construct()
 2 SYSTEMPATH\CodeIgniter.php(498): CodeIgniter\CodeIgniter->createController()
 3 SYSTEMPATH\CodeIgniter.php(354): CodeIgniter\CodeIgniter->handleRequest(null, Object(Config\Cache), false)
 4 SYSTEMPATH\Boot.php(334): CodeIgniter\CodeIgniter->run()
 5 SYSTEMPATH\Boot.php(67): CodeIgniter\Boot::runCodeIgniter(Object(CodeIgniter\CodeIgniter))
 6 FCPATH\index.php(56): CodeIgniter\Boot::bootWeb(Object(Config\Paths))
DEBUG - 2025-03-13 03:15:04 --> Session: Class initialized using 'CodeIgniter\Session\Handlers\FileHandler' driver.
WARNING - 2025-03-13 03:15:04 --> [DEPRECATED] Creation of dynamic property SysAdmin\Controllers\Login::$session is deprecated in ROOTPATH\SysAdmin\Controllers\BaseController.php on line 51.
 1 SYSTEMPATH\CodeIgniter.php(903): SysAdmin\Controllers\BaseController->__construct()
 2 SYSTEMPATH\CodeIgniter.php(498): CodeIgniter\CodeIgniter->createController()
 3 SYSTEMPATH\CodeIgniter.php(354): CodeIgniter\CodeIgniter->handleRequest(null, Object(Config\Cache), false)
 4 SYSTEMPATH\Boot.php(334): CodeIgniter\CodeIgniter->run()
 5 SYSTEMPATH\Boot.php(67): CodeIgniter\Boot::runCodeIgniter(Object(CodeIgniter\CodeIgniter))
 6 FCPATH\index.php(56): CodeIgniter\Boot::bootWeb(Object(Config\Paths))
WARNING - 2025-03-13 03:15:04 --> [DEPRECATED] Creation of dynamic property SysAdmin\Controllers\Login::$encrypter is deprecated in ROOTPATH\SysAdmin\Controllers\BaseController.php on line 52.
 1 SYSTEMPATH\CodeIgniter.php(903): SysAdmin\Controllers\BaseController->__construct()
 2 SYSTEMPATH\CodeIgniter.php(498): CodeIgniter\CodeIgniter->createController()
 3 SYSTEMPATH\CodeIgniter.php(354): CodeIgniter\CodeIgniter->handleRequest(null, Object(Config\Cache), false)
 4 SYSTEMPATH\Boot.php(334): CodeIgniter\CodeIgniter->run()
 5 SYSTEMPATH\Boot.php(67): CodeIgniter\Boot::runCodeIgniter(Object(CodeIgniter\CodeIgniter))
 6 FCPATH\index.php(56): CodeIgniter\Boot::bootWeb(Object(Config\Paths))
DEBUG - 2025-03-13 03:15:09 --> Session: Class initialized using 'CodeIgniter\Session\Handlers\FileHandler' driver.
WARNING - 2025-03-13 03:15:09 --> [DEPRECATED] Creation of dynamic property SysAdmin\Controllers\Login::$session is deprecated in ROOTPATH\SysAdmin\Controllers\BaseController.php on line 51.
 1 SYSTEMPATH\CodeIgniter.php(903): SysAdmin\Controllers\BaseController->__construct()
 2 SYSTEMPATH\CodeIgniter.php(498): CodeIgniter\CodeIgniter->createController()
 3 SYSTEMPATH\CodeIgniter.php(354): CodeIgniter\CodeIgniter->handleRequest(null, Object(Config\Cache), false)
 4 SYSTEMPATH\Boot.php(334): CodeIgniter\CodeIgniter->run()
 5 SYSTEMPATH\Boot.php(67): CodeIgniter\Boot::runCodeIgniter(Object(CodeIgniter\CodeIgniter))
 6 FCPATH\index.php(56): CodeIgniter\Boot::bootWeb(Object(Config\Paths))
WARNING - 2025-03-13 03:15:09 --> [DEPRECATED] Creation of dynamic property SysAdmin\Controllers\Login::$encrypter is deprecated in ROOTPATH\SysAdmin\Controllers\BaseController.php on line 52.
 1 SYSTEMPATH\CodeIgniter.php(903): SysAdmin\Controllers\BaseController->__construct()
 2 SYSTEMPATH\CodeIgniter.php(498): CodeIgniter\CodeIgniter->createController()
 3 SYSTEMPATH\CodeIgniter.php(354): CodeIgniter\CodeIgniter->handleRequest(null, Object(Config\Cache), false)
 4 SYSTEMPATH\Boot.php(334): CodeIgniter\CodeIgniter->run()
 5 SYSTEMPATH\Boot.php(67): CodeIgniter\Boot::runCodeIgniter(Object(CodeIgniter\CodeIgniter))
 6 FCPATH\index.php(56): CodeIgniter\Boot::bootWeb(Object(Config\Paths))
DEBUG - 2025-03-13 03:15:19 --> Session: Class initialized using 'CodeIgniter\Session\Handlers\FileHandler' driver.
WARNING - 2025-03-13 03:15:19 --> [DEPRECATED] Creation of dynamic property SysAdmin\Controllers\Login::$session is deprecated in ROOTPATH\SysAdmin\Controllers\BaseController.php on line 51.
 1 SYSTEMPATH\CodeIgniter.php(903): SysAdmin\Controllers\BaseController->__construct()
 2 SYSTEMPATH\CodeIgniter.php(498): CodeIgniter\CodeIgniter->createController()
 3 SYSTEMPATH\CodeIgniter.php(354): CodeIgniter\CodeIgniter->handleRequest(null, Object(Config\Cache), false)
 4 SYSTEMPATH\Boot.php(334): CodeIgniter\CodeIgniter->run()
 5 SYSTEMPATH\Boot.php(67): CodeIgniter\Boot::runCodeIgniter(Object(CodeIgniter\CodeIgniter))
 6 FCPATH\index.php(56): CodeIgniter\Boot::bootWeb(Object(Config\Paths))
WARNING - 2025-03-13 03:15:19 --> [DEPRECATED] Creation of dynamic property SysAdmin\Controllers\Login::$encrypter is deprecated in ROOTPATH\SysAdmin\Controllers\BaseController.php on line 52.
 1 SYSTEMPATH\CodeIgniter.php(903): SysAdmin\Controllers\BaseController->__construct()
 2 SYSTEMPATH\CodeIgniter.php(498): CodeIgniter\CodeIgniter->createController()
 3 SYSTEMPATH\CodeIgniter.php(354): CodeIgniter\CodeIgniter->handleRequest(null, Object(Config\Cache), false)
 4 SYSTEMPATH\Boot.php(334): CodeIgniter\CodeIgniter->run()
 5 SYSTEMPATH\Boot.php(67): CodeIgniter\Boot::runCodeIgniter(Object(CodeIgniter\CodeIgniter))
 6 FCPATH\index.php(56): CodeIgniter\Boot::bootWeb(Object(Config\Paths))
DEBUG - 2025-03-13 03:16:00 --> Session: Class initialized using 'CodeIgniter\Session\Handlers\FileHandler' driver.
WARNING - 2025-03-13 03:16:00 --> [DEPRECATED] Creation of dynamic property SysAdmin\Controllers\Login::$session is deprecated in ROOTPATH\SysAdmin\Controllers\BaseController.php on line 51.
 1 SYSTEMPATH\CodeIgniter.php(903): SysAdmin\Controllers\BaseController->__construct()
 2 SYSTEMPATH\CodeIgniter.php(498): CodeIgniter\CodeIgniter->createController()
 3 SYSTEMPATH\CodeIgniter.php(354): CodeIgniter\CodeIgniter->handleRequest(null, Object(Config\Cache), false)
 4 SYSTEMPATH\Boot.php(334): CodeIgniter\CodeIgniter->run()
 5 SYSTEMPATH\Boot.php(67): CodeIgniter\Boot::runCodeIgniter(Object(CodeIgniter\CodeIgniter))
 6 FCPATH\index.php(56): CodeIgniter\Boot::bootWeb(Object(Config\Paths))
WARNING - 2025-03-13 03:16:00 --> [DEPRECATED] Creation of dynamic property SysAdmin\Controllers\Login::$encrypter is deprecated in ROOTPATH\SysAdmin\Controllers\BaseController.php on line 52.
 1 SYSTEMPATH\CodeIgniter.php(903): SysAdmin\Controllers\BaseController->__construct()
 2 SYSTEMPATH\CodeIgniter.php(498): CodeIgniter\CodeIgniter->createController()
 3 SYSTEMPATH\CodeIgniter.php(354): CodeIgniter\CodeIgniter->handleRequest(null, Object(Config\Cache), false)
 4 SYSTEMPATH\Boot.php(334): CodeIgniter\CodeIgniter->run()
 5 SYSTEMPATH\Boot.php(67): CodeIgniter\Boot::runCodeIgniter(Object(CodeIgniter\CodeIgniter))
 6 FCPATH\index.php(56): CodeIgniter\Boot::bootWeb(Object(Config\Paths))
DEBUG - 2025-03-13 03:16:01 --> Session: Class initialized using 'CodeIgniter\Session\Handlers\FileHandler' driver.
WARNING - 2025-03-13 03:16:01 --> [DEPRECATED] Creation of dynamic property SysAdmin\Controllers\Home::$session is deprecated in ROOTPATH\SysAdmin\Controllers\BaseController.php on line 51.
 1 ROOTPATH\SysAdmin\Controllers\Home.php(10): SysAdmin\Controllers\BaseController->__construct()
 2 SYSTEMPATH\CodeIgniter.php(903): SysAdmin\Controllers\Home->__construct()
 3 SYSTEMPATH\CodeIgniter.php(498): CodeIgniter\CodeIgniter->createController()
 4 SYSTEMPATH\CodeIgniter.php(354): CodeIgniter\CodeIgniter->handleRequest(null, Object(Config\Cache), false)
 5 SYSTEMPATH\Boot.php(334): CodeIgniter\CodeIgniter->run()
 6 SYSTEMPATH\Boot.php(67): CodeIgniter\Boot::runCodeIgniter(Object(CodeIgniter\CodeIgniter))
 7 FCPATH\index.php(56): CodeIgniter\Boot::bootWeb(Object(Config\Paths))
WARNING - 2025-03-13 03:16:01 --> [DEPRECATED] Creation of dynamic property SysAdmin\Controllers\Home::$encrypter is deprecated in ROOTPATH\SysAdmin\Controllers\BaseController.php on line 52.
 1 ROOTPATH\SysAdmin\Controllers\Home.php(10): SysAdmin\Controllers\BaseController->__construct()
 2 SYSTEMPATH\CodeIgniter.php(903): SysAdmin\Controllers\Home->__construct()
 3 SYSTEMPATH\CodeIgniter.php(498): CodeIgniter\CodeIgniter->createController()
 4 SYSTEMPATH\CodeIgniter.php(354): CodeIgniter\CodeIgniter->handleRequest(null, Object(Config\Cache), false)
 5 SYSTEMPATH\Boot.php(334): CodeIgniter\CodeIgniter->run()
 6 SYSTEMPATH\Boot.php(67): CodeIgniter\Boot::runCodeIgniter(Object(CodeIgniter\CodeIgniter))
 7 FCPATH\index.php(56): CodeIgniter\Boot::bootWeb(Object(Config\Paths))
DEBUG - 2025-03-13 03:16:01 --> Session: Class initialized using 'CodeIgniter\Session\Handlers\FileHandler' driver.
WARNING - 2025-03-13 03:16:01 --> [DEPRECATED] Creation of dynamic property SysAdmin\Controllers\Home::$session is deprecated in ROOTPATH\SysAdmin\Controllers\BaseController.php on line 51.
 1 ROOTPATH\SysAdmin\Controllers\Home.php(10): SysAdmin\Controllers\BaseController->__construct()
 2 SYSTEMPATH\CodeIgniter.php(903): SysAdmin\Controllers\Home->__construct()
 3 SYSTEMPATH\CodeIgniter.php(498): CodeIgniter\CodeIgniter->createController()
 4 SYSTEMPATH\CodeIgniter.php(354): CodeIgniter\CodeIgniter->handleRequest(null, Object(Config\Cache), false)
 5 SYSTEMPATH\Boot.php(334): CodeIgniter\CodeIgniter->run()
 6 SYSTEMPATH\Boot.php(67): CodeIgniter\Boot::runCodeIgniter(Object(CodeIgniter\CodeIgniter))
 7 FCPATH\index.php(56): CodeIgniter\Boot::bootWeb(Object(Config\Paths))
WARNING - 2025-03-13 03:16:01 --> [DEPRECATED] Creation of dynamic property SysAdmin\Controllers\Home::$encrypter is deprecated in ROOTPATH\SysAdmin\Controllers\BaseController.php on line 52.
 1 ROOTPATH\SysAdmin\Controllers\Home.php(10): SysAdmin\Controllers\BaseController->__construct()
 2 SYSTEMPATH\CodeIgniter.php(903): SysAdmin\Controllers\Home->__construct()
 3 SYSTEMPATH\CodeIgniter.php(498): CodeIgniter\CodeIgniter->createController()
 4 SYSTEMPATH\CodeIgniter.php(354): CodeIgniter\CodeIgniter->handleRequest(null, Object(Config\Cache), false)
 5 SYSTEMPATH\Boot.php(334): CodeIgniter\CodeIgniter->run()
 6 SYSTEMPATH\Boot.php(67): CodeIgniter\Boot::runCodeIgniter(Object(CodeIgniter\CodeIgniter))
 7 FCPATH\index.php(56): CodeIgniter\Boot::bootWeb(Object(Config\Paths))
DEBUG - 2025-03-13 03:16:01 --> Session: Class initialized using 'CodeIgniter\Session\Handlers\FileHandler' driver.
WARNING - 2025-03-13 03:16:01 --> [DEPRECATED] Creation of dynamic property SysAdmin\Controllers\Home::$session is deprecated in ROOTPATH\SysAdmin\Controllers\BaseController.php on line 51.
 1 ROOTPATH\SysAdmin\Controllers\Home.php(10): SysAdmin\Controllers\BaseController->__construct()
 2 SYSTEMPATH\CodeIgniter.php(903): SysAdmin\Controllers\Home->__construct()
 3 SYSTEMPATH\CodeIgniter.php(498): CodeIgniter\CodeIgniter->createController()
 4 SYSTEMPATH\CodeIgniter.php(354): CodeIgniter\CodeIgniter->handleRequest(null, Object(Config\Cache), false)
 5 SYSTEMPATH\Boot.php(334): CodeIgniter\CodeIgniter->run()
 6 SYSTEMPATH\Boot.php(67): CodeIgniter\Boot::runCodeIgniter(Object(CodeIgniter\CodeIgniter))
 7 FCPATH\index.php(56): CodeIgniter\Boot::bootWeb(Object(Config\Paths))
WARNING - 2025-03-13 03:16:01 --> [DEPRECATED] Creation of dynamic property SysAdmin\Controllers\Home::$encrypter is deprecated in ROOTPATH\SysAdmin\Controllers\BaseController.php on line 52.
 1 ROOTPATH\SysAdmin\Controllers\Home.php(10): SysAdmin\Controllers\BaseController->__construct()
 2 SYSTEMPATH\CodeIgniter.php(903): SysAdmin\Controllers\Home->__construct()
 3 SYSTEMPATH\CodeIgniter.php(498): CodeIgniter\CodeIgniter->createController()
 4 SYSTEMPATH\CodeIgniter.php(354): CodeIgniter\CodeIgniter->handleRequest(null, Object(Config\Cache), false)
 5 SYSTEMPATH\Boot.php(334): CodeIgniter\CodeIgniter->run()
 6 SYSTEMPATH\Boot.php(67): CodeIgniter\Boot::runCodeIgniter(Object(CodeIgniter\CodeIgniter))
 7 FCPATH\index.php(56): CodeIgniter\Boot::bootWeb(Object(Config\Paths))
DEBUG - 2025-03-13 03:16:21 --> Session: Class initialized using 'CodeIgniter\Session\Handlers\FileHandler' driver.
WARNING - 2025-03-13 03:16:21 --> [DEPRECATED] Creation of dynamic property SysAdmin\Controllers\Nav::$session is deprecated in ROOTPATH\SysAdmin\Controllers\BaseController.php on line 51.
 1 ROOTPATH\SysAdmin\Controllers\Nav.php(8): SysAdmin\Controllers\BaseController->__construct()
 2 SYSTEMPATH\CodeIgniter.php(903): SysAdmin\Controllers\Nav->__construct()
 3 SYSTEMPATH\CodeIgniter.php(498): CodeIgniter\CodeIgniter->createController()
 4 SYSTEMPATH\CodeIgniter.php(354): CodeIgniter\CodeIgniter->handleRequest(null, Object(Config\Cache), false)
 5 SYSTEMPATH\Boot.php(334): CodeIgniter\CodeIgniter->run()
 6 SYSTEMPATH\Boot.php(67): CodeIgniter\Boot::runCodeIgniter(Object(CodeIgniter\CodeIgniter))
 7 FCPATH\index.php(56): CodeIgniter\Boot::bootWeb(Object(Config\Paths))
WARNING - 2025-03-13 03:16:21 --> [DEPRECATED] Creation of dynamic property SysAdmin\Controllers\Nav::$encrypter is deprecated in ROOTPATH\SysAdmin\Controllers\BaseController.php on line 52.
 1 ROOTPATH\SysAdmin\Controllers\Nav.php(8): SysAdmin\Controllers\BaseController->__construct()
 2 SYSTEMPATH\CodeIgniter.php(903): SysAdmin\Controllers\Nav->__construct()
 3 SYSTEMPATH\CodeIgniter.php(498): CodeIgniter\CodeIgniter->createController()
 4 SYSTEMPATH\CodeIgniter.php(354): CodeIgniter\CodeIgniter->handleRequest(null, Object(Config\Cache), false)
 5 SYSTEMPATH\Boot.php(334): CodeIgniter\CodeIgniter->run()
 6 SYSTEMPATH\Boot.php(67): CodeIgniter\Boot::runCodeIgniter(Object(CodeIgniter\CodeIgniter))
 7 FCPATH\index.php(56): CodeIgniter\Boot::bootWeb(Object(Config\Paths))
WARNING - 2025-03-13 03:16:21 --> [DEPRECATED] Creation of dynamic property SysAdmin\Controllers\Nav::$nav_mold is deprecated in ROOTPATH\SysAdmin\Controllers\Nav.php on line 9.
 1 SYSTEMPATH\CodeIgniter.php(903): SysAdmin\Controllers\Nav->__construct()
 2 SYSTEMPATH\CodeIgniter.php(498): CodeIgniter\CodeIgniter->createController()
 3 SYSTEMPATH\CodeIgniter.php(354): CodeIgniter\CodeIgniter->handleRequest(null, Object(Config\Cache), false)
 4 SYSTEMPATH\Boot.php(334): CodeIgniter\CodeIgniter->run()
 5 SYSTEMPATH\Boot.php(67): CodeIgniter\Boot::runCodeIgniter(Object(CodeIgniter\CodeIgniter))
 6 FCPATH\index.php(56): CodeIgniter\Boot::bootWeb(Object(Config\Paths))
WARNING - 2025-03-13 03:16:21 --> [DEPRECATED] Optional parameter $sarray declared before required parameter $id is implicitly treated as a required parameter in ROOTPATH\SysAdmin\Models\NavModel.php on line 17.
 1 SYSTEMPATH\Autoloader\Autoloader.php(316): include_once('E:\\web\\XAMPP\\htdocs\\test\\system\\Debug\\Exceptions.php')
 2 SYSTEMPATH\Autoloader\Autoloader.php(295): CodeIgniter\Autoloader\Autoloader->includeFile('E:\\web\\XAMPP\\htdocs\\test\\SysAdmin\\Models\\NavModel.php')
 3 SYSTEMPATH\Autoloader\Autoloader.php(271): CodeIgniter\Autoloader\Autoloader->loadInNamespace('SysAdmin\\Models\\NavModel')
 4 ROOTPATH\SysAdmin\Controllers\Nav.php(24): CodeIgniter\Autoloader\Autoloader->loadClass('SysAdmin\\Models\\NavModel')
 5 SYSTEMPATH\CodeIgniter.php(933): SysAdmin\Controllers\Nav->index()
 6 SYSTEMPATH\CodeIgniter.php(507): CodeIgniter\CodeIgniter->runController(Object(SysAdmin\Controllers\Nav))
 7 SYSTEMPATH\CodeIgniter.php(354): CodeIgniter\CodeIgniter->handleRequest(null, Object(Config\Cache), false)
 8 SYSTEMPATH\Boot.php(334): CodeIgniter\CodeIgniter->run()
 9 SYSTEMPATH\Boot.php(67): CodeIgniter\Boot::runCodeIgniter(Object(CodeIgniter\CodeIgniter))
10 FCPATH\index.php(56): CodeIgniter\Boot::bootWeb(Object(Config\Paths))
WARNING - 2025-03-13 03:16:21 --> [DEPRECATED] Optional parameter $sarray declared before required parameter $id is implicitly treated as a required parameter in ROOTPATH\SysAdmin\Models\NavModel.php on line 25.
 1 SYSTEMPATH\Autoloader\Autoloader.php(316): include_once('E:\\web\\XAMPP\\htdocs\\test\\system\\Debug\\Exceptions.php')
 2 SYSTEMPATH\Autoloader\Autoloader.php(295): CodeIgniter\Autoloader\Autoloader->includeFile('E:\\web\\XAMPP\\htdocs\\test\\SysAdmin\\Models\\NavModel.php')
 3 SYSTEMPATH\Autoloader\Autoloader.php(271): CodeIgniter\Autoloader\Autoloader->loadInNamespace('SysAdmin\\Models\\NavModel')
 4 ROOTPATH\SysAdmin\Controllers\Nav.php(24): CodeIgniter\Autoloader\Autoloader->loadClass('SysAdmin\\Models\\NavModel')
 5 SYSTEMPATH\CodeIgniter.php(933): SysAdmin\Controllers\Nav->index()
 6 SYSTEMPATH\CodeIgniter.php(507): CodeIgniter\CodeIgniter->runController(Object(SysAdmin\Controllers\Nav))
 7 SYSTEMPATH\CodeIgniter.php(354): CodeIgniter\CodeIgniter->handleRequest(null, Object(Config\Cache), false)
 8 SYSTEMPATH\Boot.php(334): CodeIgniter\CodeIgniter->run()
 9 SYSTEMPATH\Boot.php(67): CodeIgniter\Boot::runCodeIgniter(Object(CodeIgniter\CodeIgniter))
10 FCPATH\index.php(56): CodeIgniter\Boot::bootWeb(Object(Config\Paths))
DEBUG - 2025-03-13 03:17:02 --> Session: Class initialized using 'CodeIgniter\Session\Handlers\FileHandler' driver.
WARNING - 2025-03-13 03:17:02 --> [DEPRECATED] Creation of dynamic property SysAdmin\Controllers\Article::$session is deprecated in ROOTPATH\SysAdmin\Controllers\BaseController.php on line 51.
 1 ROOTPATH\SysAdmin\Controllers\Article.php(10): SysAdmin\Controllers\BaseController->__construct()
 2 SYSTEMPATH\CodeIgniter.php(903): SysAdmin\Controllers\Article->__construct()
 3 SYSTEMPATH\CodeIgniter.php(498): CodeIgniter\CodeIgniter->createController()
 4 SYSTEMPATH\CodeIgniter.php(354): CodeIgniter\CodeIgniter->handleRequest(null, Object(Config\Cache), false)
 5 SYSTEMPATH\Boot.php(334): CodeIgniter\CodeIgniter->run()
 6 SYSTEMPATH\Boot.php(67): CodeIgniter\Boot::runCodeIgniter(Object(CodeIgniter\CodeIgniter))
 7 FCPATH\index.php(56): CodeIgniter\Boot::bootWeb(Object(Config\Paths))
WARNING - 2025-03-13 03:17:02 --> [DEPRECATED] Creation of dynamic property SysAdmin\Controllers\Article::$encrypter is deprecated in ROOTPATH\SysAdmin\Controllers\BaseController.php on line 52.
 1 ROOTPATH\SysAdmin\Controllers\Article.php(10): SysAdmin\Controllers\BaseController->__construct()
 2 SYSTEMPATH\CodeIgniter.php(903): SysAdmin\Controllers\Article->__construct()
 3 SYSTEMPATH\CodeIgniter.php(498): CodeIgniter\CodeIgniter->createController()
 4 SYSTEMPATH\CodeIgniter.php(354): CodeIgniter\CodeIgniter->handleRequest(null, Object(Config\Cache), false)
 5 SYSTEMPATH\Boot.php(334): CodeIgniter\CodeIgniter->run()
 6 SYSTEMPATH\Boot.php(67): CodeIgniter\Boot::runCodeIgniter(Object(CodeIgniter\CodeIgniter))
 7 FCPATH\index.php(56): CodeIgniter\Boot::bootWeb(Object(Config\Paths))
WARNING - 2025-03-13 03:17:02 --> [DEPRECATED] Creation of dynamic property SysAdmin\Controllers\Article::$nav_mold is deprecated in ROOTPATH\SysAdmin\Controllers\Article.php on line 11.
 1 SYSTEMPATH\CodeIgniter.php(903): SysAdmin\Controllers\Article->__construct()
 2 SYSTEMPATH\CodeIgniter.php(498): CodeIgniter\CodeIgniter->createController()
 3 SYSTEMPATH\CodeIgniter.php(354): CodeIgniter\CodeIgniter->handleRequest(null, Object(Config\Cache), false)
 4 SYSTEMPATH\Boot.php(334): CodeIgniter\CodeIgniter->run()
 5 SYSTEMPATH\Boot.php(67): CodeIgniter\Boot::runCodeIgniter(Object(CodeIgniter\CodeIgniter))
 6 FCPATH\index.php(56): CodeIgniter\Boot::bootWeb(Object(Config\Paths))
WARNING - 2025-03-13 03:17:02 --> [DEPRECATED] trim(): Passing null to parameter #1 ($string) of type string is deprecated in ROOTPATH\SysAdmin\Controllers\Article.php on line 55.
 1 ROOTPATH\SysAdmin\Controllers\Article.php(55): trim(null)
 2 ROOTPATH\SysAdmin\Controllers\Article.php(26): SysAdmin\Controllers\Article->condition()
 3 SYSTEMPATH\CodeIgniter.php(933): SysAdmin\Controllers\Article->index()
 4 SYSTEMPATH\CodeIgniter.php(507): CodeIgniter\CodeIgniter->runController(Object(SysAdmin\Controllers\Article))
 5 SYSTEMPATH\CodeIgniter.php(354): CodeIgniter\CodeIgniter->handleRequest(null, Object(Config\Cache), false)
 6 SYSTEMPATH\Boot.php(334): CodeIgniter\CodeIgniter->run()
 7 SYSTEMPATH\Boot.php(67): CodeIgniter\Boot::runCodeIgniter(Object(CodeIgniter\CodeIgniter))
 8 FCPATH\index.php(56): CodeIgniter\Boot::bootWeb(Object(Config\Paths))
WARNING - 2025-03-13 03:17:02 --> [DEPRECATED] trim(): Passing null to parameter #1 ($string) of type string is deprecated in ROOTPATH\SysAdmin\Controllers\Article.php on line 59.
 1 ROOTPATH\SysAdmin\Controllers\Article.php(59): trim(null)
 2 ROOTPATH\SysAdmin\Controllers\Article.php(26): SysAdmin\Controllers\Article->condition()
 3 SYSTEMPATH\CodeIgniter.php(933): SysAdmin\Controllers\Article->index()
 4 SYSTEMPATH\CodeIgniter.php(507): CodeIgniter\CodeIgniter->runController(Object(SysAdmin\Controllers\Article))
 5 SYSTEMPATH\CodeIgniter.php(354): CodeIgniter\CodeIgniter->handleRequest(null, Object(Config\Cache), false)
 6 SYSTEMPATH\Boot.php(334): CodeIgniter\CodeIgniter->run()
 7 SYSTEMPATH\Boot.php(67): CodeIgniter\Boot::runCodeIgniter(Object(CodeIgniter\CodeIgniter))
 8 FCPATH\index.php(56): CodeIgniter\Boot::bootWeb(Object(Config\Paths))
WARNING - 2025-03-13 03:17:02 --> [DEPRECATED] trim(): Passing null to parameter #1 ($string) of type string is deprecated in ROOTPATH\SysAdmin\Controllers\Article.php on line 63.
 1 ROOTPATH\SysAdmin\Controllers\Article.php(63): trim(null)
 2 ROOTPATH\SysAdmin\Controllers\Article.php(26): SysAdmin\Controllers\Article->condition()
 3 SYSTEMPATH\CodeIgniter.php(933): SysAdmin\Controllers\Article->index()
 4 SYSTEMPATH\CodeIgniter.php(507): CodeIgniter\CodeIgniter->runController(Object(SysAdmin\Controllers\Article))
 5 SYSTEMPATH\CodeIgniter.php(354): CodeIgniter\CodeIgniter->handleRequest(null, Object(Config\Cache), false)
 6 SYSTEMPATH\Boot.php(334): CodeIgniter\CodeIgniter->run()
 7 SYSTEMPATH\Boot.php(67): CodeIgniter\Boot::runCodeIgniter(Object(CodeIgniter\CodeIgniter))
 8 FCPATH\index.php(56): CodeIgniter\Boot::bootWeb(Object(Config\Paths))
WARNING - 2025-03-13 03:17:02 --> [DEPRECATED] trim(): Passing null to parameter #1 ($string) of type string is deprecated in ROOTPATH\SysAdmin\Controllers\Article.php on line 67.
 1 ROOTPATH\SysAdmin\Controllers\Article.php(67): trim(null)
 2 ROOTPATH\SysAdmin\Controllers\Article.php(26): SysAdmin\Controllers\Article->condition()
 3 SYSTEMPATH\CodeIgniter.php(933): SysAdmin\Controllers\Article->index()
 4 SYSTEMPATH\CodeIgniter.php(507): CodeIgniter\CodeIgniter->runController(Object(SysAdmin\Controllers\Article))
 5 SYSTEMPATH\CodeIgniter.php(354): CodeIgniter\CodeIgniter->handleRequest(null, Object(Config\Cache), false)
 6 SYSTEMPATH\Boot.php(334): CodeIgniter\CodeIgniter->run()
 7 SYSTEMPATH\Boot.php(67): CodeIgniter\Boot::runCodeIgniter(Object(CodeIgniter\CodeIgniter))
 8 FCPATH\index.php(56): CodeIgniter\Boot::bootWeb(Object(Config\Paths))
WARNING - 2025-03-13 03:17:02 --> [DEPRECATED] trim(): Passing null to parameter #1 ($string) of type string is deprecated in ROOTPATH\SysAdmin\Controllers\Article.php on line 71.
 1 ROOTPATH\SysAdmin\Controllers\Article.php(71): trim(null)
 2 ROOTPATH\SysAdmin\Controllers\Article.php(26): SysAdmin\Controllers\Article->condition()
 3 SYSTEMPATH\CodeIgniter.php(933): SysAdmin\Controllers\Article->index()
 4 SYSTEMPATH\CodeIgniter.php(507): CodeIgniter\CodeIgniter->runController(Object(SysAdmin\Controllers\Article))
 5 SYSTEMPATH\CodeIgniter.php(354): CodeIgniter\CodeIgniter->handleRequest(null, Object(Config\Cache), false)
 6 SYSTEMPATH\Boot.php(334): CodeIgniter\CodeIgniter->run()
 7 SYSTEMPATH\Boot.php(67): CodeIgniter\Boot::runCodeIgniter(Object(CodeIgniter\CodeIgniter))
 8 FCPATH\index.php(56): CodeIgniter\Boot::bootWeb(Object(Config\Paths))
WARNING - 2025-03-13 03:17:02 --> [DEPRECATED] Optional parameter $id declared before required parameter $content is implicitly treated as a required parameter in ROOTPATH\SysAdmin\Models\ArticleModel.php on line 34.
 1 SYSTEMPATH\Autoloader\Autoloader.php(316): include_once('E:\\web\\XAMPP\\htdocs\\test\\system\\Debug\\Exceptions.php')
 2 SYSTEMPATH\Autoloader\Autoloader.php(295): CodeIgniter\Autoloader\Autoloader->includeFile('E:\\web\\XAMPP\\htdocs\\test\\SysAdmin\\Models\\ArticleModel.php')
 3 SYSTEMPATH\Autoloader\Autoloader.php(271): CodeIgniter\Autoloader\Autoloader->loadInNamespace('SysAdmin\\Models\\ArticleModel')
 4 ROOTPATH\SysAdmin\Controllers\Article.php(29): CodeIgniter\Autoloader\Autoloader->loadClass('SysAdmin\\Models\\ArticleModel')
 5 SYSTEMPATH\CodeIgniter.php(933): SysAdmin\Controllers\Article->index()
 6 SYSTEMPATH\CodeIgniter.php(507): CodeIgniter\CodeIgniter->runController(Object(SysAdmin\Controllers\Article))
 7 SYSTEMPATH\CodeIgniter.php(354): CodeIgniter\CodeIgniter->handleRequest(null, Object(Config\Cache), false)
 8 SYSTEMPATH\Boot.php(334): CodeIgniter\CodeIgniter->run()
 9 SYSTEMPATH\Boot.php(67): CodeIgniter\Boot::runCodeIgniter(Object(CodeIgniter\CodeIgniter))
10 FCPATH\index.php(56): CodeIgniter\Boot::bootWeb(Object(Config\Paths))
WARNING - 2025-03-13 03:17:02 --> [DEPRECATED] Optional parameter $sarray declared before required parameter $id is implicitly treated as a required parameter in ROOTPATH\SysAdmin\Models\NavModel.php on line 17.
 1 SYSTEMPATH\Autoloader\Autoloader.php(316): include_once('E:\\web\\XAMPP\\htdocs\\test\\system\\Debug\\Exceptions.php')
 2 SYSTEMPATH\Autoloader\Autoloader.php(295): CodeIgniter\Autoloader\Autoloader->includeFile('E:\\web\\XAMPP\\htdocs\\test\\SysAdmin\\Models\\NavModel.php')
 3 SYSTEMPATH\Autoloader\Autoloader.php(271): CodeIgniter\Autoloader\Autoloader->loadInNamespace('SysAdmin\\Models\\NavModel')
 4 ROOTPATH\SysAdmin\Controllers\Article.php(30): CodeIgniter\Autoloader\Autoloader->loadClass('SysAdmin\\Models\\NavModel')
 5 SYSTEMPATH\CodeIgniter.php(933): SysAdmin\Controllers\Article->index()
 6 SYSTEMPATH\CodeIgniter.php(507): CodeIgniter\CodeIgniter->runController(Object(SysAdmin\Controllers\Article))
 7 SYSTEMPATH\CodeIgniter.php(354): CodeIgniter\CodeIgniter->handleRequest(null, Object(Config\Cache), false)
 8 SYSTEMPATH\Boot.php(334): CodeIgniter\CodeIgniter->run()
 9 SYSTEMPATH\Boot.php(67): CodeIgniter\Boot::runCodeIgniter(Object(CodeIgniter\CodeIgniter))
10 FCPATH\index.php(56): CodeIgniter\Boot::bootWeb(Object(Config\Paths))
WARNING - 2025-03-13 03:17:02 --> [DEPRECATED] Optional parameter $sarray declared before required parameter $id is implicitly treated as a required parameter in ROOTPATH\SysAdmin\Models\NavModel.php on line 25.
 1 SYSTEMPATH\Autoloader\Autoloader.php(316): include_once('E:\\web\\XAMPP\\htdocs\\test\\system\\Debug\\Exceptions.php')
 2 SYSTEMPATH\Autoloader\Autoloader.php(295): CodeIgniter\Autoloader\Autoloader->includeFile('E:\\web\\XAMPP\\htdocs\\test\\SysAdmin\\Models\\NavModel.php')
 3 SYSTEMPATH\Autoloader\Autoloader.php(271): CodeIgniter\Autoloader\Autoloader->loadInNamespace('SysAdmin\\Models\\NavModel')
 4 ROOTPATH\SysAdmin\Controllers\Article.php(30): CodeIgniter\Autoloader\Autoloader->loadClass('SysAdmin\\Models\\NavModel')
 5 SYSTEMPATH\CodeIgniter.php(933): SysAdmin\Controllers\Article->index()
 6 SYSTEMPATH\CodeIgniter.php(507): CodeIgniter\CodeIgniter->runController(Object(SysAdmin\Controllers\Article))
 7 SYSTEMPATH\CodeIgniter.php(354): CodeIgniter\CodeIgniter->handleRequest(null, Object(Config\Cache), false)
 8 SYSTEMPATH\Boot.php(334): CodeIgniter\CodeIgniter->run()
 9 SYSTEMPATH\Boot.php(67): CodeIgniter\Boot::runCodeIgniter(Object(CodeIgniter\CodeIgniter))
10 FCPATH\index.php(56): CodeIgniter\Boot::bootWeb(Object(Config\Paths))
DEBUG - 2025-03-13 03:17:44 --> Session: Class initialized using 'CodeIgniter\Session\Handlers\FileHandler' driver.
WARNING - 2025-03-13 03:17:44 --> [DEPRECATED] Creation of dynamic property SysAdmin\Controllers\Article::$session is deprecated in ROOTPATH\SysAdmin\Controllers\BaseController.php on line 51.
 1 ROOTPATH\SysAdmin\Controllers\Article.php(10): SysAdmin\Controllers\BaseController->__construct()
 2 SYSTEMPATH\CodeIgniter.php(903): SysAdmin\Controllers\Article->__construct()
 3 SYSTEMPATH\CodeIgniter.php(498): CodeIgniter\CodeIgniter->createController()
 4 SYSTEMPATH\CodeIgniter.php(354): CodeIgniter\CodeIgniter->handleRequest(null, Object(Config\Cache), false)
 5 SYSTEMPATH\Boot.php(334): CodeIgniter\CodeIgniter->run()
 6 SYSTEMPATH\Boot.php(67): CodeIgniter\Boot::runCodeIgniter(Object(CodeIgniter\CodeIgniter))
 7 FCPATH\index.php(56): CodeIgniter\Boot::bootWeb(Object(Config\Paths))
WARNING - 2025-03-13 03:17:44 --> [DEPRECATED] Creation of dynamic property SysAdmin\Controllers\Article::$encrypter is deprecated in ROOTPATH\SysAdmin\Controllers\BaseController.php on line 52.
 1 ROOTPATH\SysAdmin\Controllers\Article.php(10): SysAdmin\Controllers\BaseController->__construct()
 2 SYSTEMPATH\CodeIgniter.php(903): SysAdmin\Controllers\Article->__construct()
 3 SYSTEMPATH\CodeIgniter.php(498): CodeIgniter\CodeIgniter->createController()
 4 SYSTEMPATH\CodeIgniter.php(354): CodeIgniter\CodeIgniter->handleRequest(null, Object(Config\Cache), false)
 5 SYSTEMPATH\Boot.php(334): CodeIgniter\CodeIgniter->run()
 6 SYSTEMPATH\Boot.php(67): CodeIgniter\Boot::runCodeIgniter(Object(CodeIgniter\CodeIgniter))
 7 FCPATH\index.php(56): CodeIgniter\Boot::bootWeb(Object(Config\Paths))
WARNING - 2025-03-13 03:17:44 --> [DEPRECATED] Creation of dynamic property SysAdmin\Controllers\Article::$nav_mold is deprecated in ROOTPATH\SysAdmin\Controllers\Article.php on line 11.
 1 SYSTEMPATH\CodeIgniter.php(903): SysAdmin\Controllers\Article->__construct()
 2 SYSTEMPATH\CodeIgniter.php(498): CodeIgniter\CodeIgniter->createController()
 3 SYSTEMPATH\CodeIgniter.php(354): CodeIgniter\CodeIgniter->handleRequest(null, Object(Config\Cache), false)
 4 SYSTEMPATH\Boot.php(334): CodeIgniter\CodeIgniter->run()
 5 SYSTEMPATH\Boot.php(67): CodeIgniter\Boot::runCodeIgniter(Object(CodeIgniter\CodeIgniter))
 6 FCPATH\index.php(56): CodeIgniter\Boot::bootWeb(Object(Config\Paths))
WARNING - 2025-03-13 03:17:44 --> [DEPRECATED] Optional parameter $id declared before required parameter $content is implicitly treated as a required parameter in ROOTPATH\SysAdmin\Models\ArticleModel.php on line 34.
 1 SYSTEMPATH\Autoloader\Autoloader.php(316): include_once('E:\\web\\XAMPP\\htdocs\\test\\system\\Debug\\Exceptions.php')
 2 SYSTEMPATH\Autoloader\Autoloader.php(295): CodeIgniter\Autoloader\Autoloader->includeFile('E:\\web\\XAMPP\\htdocs\\test\\SysAdmin\\Models\\ArticleModel.php')
 3 SYSTEMPATH\Autoloader\Autoloader.php(271): CodeIgniter\Autoloader\Autoloader->loadInNamespace('SysAdmin\\Models\\ArticleModel')
 4 ROOTPATH\SysAdmin\Controllers\Article.php(191): CodeIgniter\Autoloader\Autoloader->loadClass('SysAdmin\\Models\\ArticleModel')
 5 SYSTEMPATH\CodeIgniter.php(933): SysAdmin\Controllers\Article->form()
 6 SYSTEMPATH\CodeIgniter.php(507): CodeIgniter\CodeIgniter->runController(Object(SysAdmin\Controllers\Article))
 7 SYSTEMPATH\CodeIgniter.php(354): CodeIgniter\CodeIgniter->handleRequest(null, Object(Config\Cache), false)
 8 SYSTEMPATH\Boot.php(334): CodeIgniter\CodeIgniter->run()
 9 SYSTEMPATH\Boot.php(67): CodeIgniter\Boot::runCodeIgniter(Object(CodeIgniter\CodeIgniter))
10 FCPATH\index.php(56): CodeIgniter\Boot::bootWeb(Object(Config\Paths))
WARNING - 2025-03-13 03:17:44 --> [DEPRECATED] Optional parameter $sarray declared before required parameter $id is implicitly treated as a required parameter in ROOTPATH\SysAdmin\Models\NavModel.php on line 17.
 1 SYSTEMPATH\Autoloader\Autoloader.php(316): include_once('E:\\web\\XAMPP\\htdocs\\test\\system\\Debug\\Exceptions.php')
 2 SYSTEMPATH\Autoloader\Autoloader.php(295): CodeIgniter\Autoloader\Autoloader->includeFile('E:\\web\\XAMPP\\htdocs\\test\\SysAdmin\\Models\\NavModel.php')
 3 SYSTEMPATH\Autoloader\Autoloader.php(271): CodeIgniter\Autoloader\Autoloader->loadInNamespace('SysAdmin\\Models\\NavModel')
 4 ROOTPATH\SysAdmin\Controllers\Article.php(193): CodeIgniter\Autoloader\Autoloader->loadClass('SysAdmin\\Models\\NavModel')
 5 SYSTEMPATH\CodeIgniter.php(933): SysAdmin\Controllers\Article->form()
 6 SYSTEMPATH\CodeIgniter.php(507): CodeIgniter\CodeIgniter->runController(Object(SysAdmin\Controllers\Article))
 7 SYSTEMPATH\CodeIgniter.php(354): CodeIgniter\CodeIgniter->handleRequest(null, Object(Config\Cache), false)
 8 SYSTEMPATH\Boot.php(334): CodeIgniter\CodeIgniter->run()
 9 SYSTEMPATH\Boot.php(67): CodeIgniter\Boot::runCodeIgniter(Object(CodeIgniter\CodeIgniter))
10 FCPATH\index.php(56): CodeIgniter\Boot::bootWeb(Object(Config\Paths))
WARNING - 2025-03-13 03:17:44 --> [DEPRECATED] Optional parameter $sarray declared before required parameter $id is implicitly treated as a required parameter in ROOTPATH\SysAdmin\Models\NavModel.php on line 25.
 1 SYSTEMPATH\Autoloader\Autoloader.php(316): include_once('E:\\web\\XAMPP\\htdocs\\test\\system\\Debug\\Exceptions.php')
 2 SYSTEMPATH\Autoloader\Autoloader.php(295): CodeIgniter\Autoloader\Autoloader->includeFile('E:\\web\\XAMPP\\htdocs\\test\\SysAdmin\\Models\\NavModel.php')
 3 SYSTEMPATH\Autoloader\Autoloader.php(271): CodeIgniter\Autoloader\Autoloader->loadInNamespace('SysAdmin\\Models\\NavModel')
 4 ROOTPATH\SysAdmin\Controllers\Article.php(193): CodeIgniter\Autoloader\Autoloader->loadClass('SysAdmin\\Models\\NavModel')
 5 SYSTEMPATH\CodeIgniter.php(933): SysAdmin\Controllers\Article->form()
 6 SYSTEMPATH\CodeIgniter.php(507): CodeIgniter\CodeIgniter->runController(Object(SysAdmin\Controllers\Article))
 7 SYSTEMPATH\CodeIgniter.php(354): CodeIgniter\CodeIgniter->handleRequest(null, Object(Config\Cache), false)
 8 SYSTEMPATH\Boot.php(334): CodeIgniter\CodeIgniter->run()
 9 SYSTEMPATH\Boot.php(67): CodeIgniter\Boot::runCodeIgniter(Object(CodeIgniter\CodeIgniter))
10 FCPATH\index.php(56): CodeIgniter\Boot::bootWeb(Object(Config\Paths))
DEBUG - 2025-03-13 03:21:27 --> Session: Class initialized using 'CodeIgniter\Session\Handlers\FileHandler' driver.
WARNING - 2025-03-13 03:21:27 --> [DEPRECATED] Creation of dynamic property SysAdmin\Controllers\Article::$session is deprecated in ROOTPATH\SysAdmin\Controllers\BaseController.php on line 51.
 1 ROOTPATH\SysAdmin\Controllers\Article.php(10): SysAdmin\Controllers\BaseController->__construct()
 2 SYSTEMPATH\CodeIgniter.php(903): SysAdmin\Controllers\Article->__construct()
 3 SYSTEMPATH\CodeIgniter.php(498): CodeIgniter\CodeIgniter->createController()
 4 SYSTEMPATH\CodeIgniter.php(354): CodeIgniter\CodeIgniter->handleRequest(null, Object(Config\Cache), false)
 5 SYSTEMPATH\Boot.php(334): CodeIgniter\CodeIgniter->run()
 6 SYSTEMPATH\Boot.php(67): CodeIgniter\Boot::runCodeIgniter(Object(CodeIgniter\CodeIgniter))
 7 FCPATH\index.php(56): CodeIgniter\Boot::bootWeb(Object(Config\Paths))
WARNING - 2025-03-13 03:21:27 --> [DEPRECATED] Creation of dynamic property SysAdmin\Controllers\Article::$encrypter is deprecated in ROOTPATH\SysAdmin\Controllers\BaseController.php on line 52.
 1 ROOTPATH\SysAdmin\Controllers\Article.php(10): SysAdmin\Controllers\BaseController->__construct()
 2 SYSTEMPATH\CodeIgniter.php(903): SysAdmin\Controllers\Article->__construct()
 3 SYSTEMPATH\CodeIgniter.php(498): CodeIgniter\CodeIgniter->createController()
 4 SYSTEMPATH\CodeIgniter.php(354): CodeIgniter\CodeIgniter->handleRequest(null, Object(Config\Cache), false)
 5 SYSTEMPATH\Boot.php(334): CodeIgniter\CodeIgniter->run()
 6 SYSTEMPATH\Boot.php(67): CodeIgniter\Boot::runCodeIgniter(Object(CodeIgniter\CodeIgniter))
 7 FCPATH\index.php(56): CodeIgniter\Boot::bootWeb(Object(Config\Paths))
WARNING - 2025-03-13 03:21:27 --> [DEPRECATED] Creation of dynamic property SysAdmin\Controllers\Article::$nav_mold is deprecated in ROOTPATH\SysAdmin\Controllers\Article.php on line 11.
 1 SYSTEMPATH\CodeIgniter.php(903): SysAdmin\Controllers\Article->__construct()
 2 SYSTEMPATH\CodeIgniter.php(498): CodeIgniter\CodeIgniter->createController()
 3 SYSTEMPATH\CodeIgniter.php(354): CodeIgniter\CodeIgniter->handleRequest(null, Object(Config\Cache), false)
 4 SYSTEMPATH\Boot.php(334): CodeIgniter\CodeIgniter->run()
 5 SYSTEMPATH\Boot.php(67): CodeIgniter\Boot::runCodeIgniter(Object(CodeIgniter\CodeIgniter))
 6 FCPATH\index.php(56): CodeIgniter\Boot::bootWeb(Object(Config\Paths))
WARNING - 2025-03-13 03:21:27 --> [DEPRECATED] trim(): Passing null to parameter #1 ($string) of type string is deprecated in ROOTPATH\SysAdmin\Controllers\Article.php on line 55.
 1 ROOTPATH\SysAdmin\Controllers\Article.php(55): trim(null)
 2 ROOTPATH\SysAdmin\Controllers\Article.php(26): SysAdmin\Controllers\Article->condition()
 3 SYSTEMPATH\CodeIgniter.php(933): SysAdmin\Controllers\Article->index()
 4 SYSTEMPATH\CodeIgniter.php(507): CodeIgniter\CodeIgniter->runController(Object(SysAdmin\Controllers\Article))
 5 SYSTEMPATH\CodeIgniter.php(354): CodeIgniter\CodeIgniter->handleRequest(null, Object(Config\Cache), false)
 6 SYSTEMPATH\Boot.php(334): CodeIgniter\CodeIgniter->run()
 7 SYSTEMPATH\Boot.php(67): CodeIgniter\Boot::runCodeIgniter(Object(CodeIgniter\CodeIgniter))
 8 FCPATH\index.php(56): CodeIgniter\Boot::bootWeb(Object(Config\Paths))
WARNING - 2025-03-13 03:21:27 --> [DEPRECATED] trim(): Passing null to parameter #1 ($string) of type string is deprecated in ROOTPATH\SysAdmin\Controllers\Article.php on line 59.
 1 ROOTPATH\SysAdmin\Controllers\Article.php(59): trim(null)
 2 ROOTPATH\SysAdmin\Controllers\Article.php(26): SysAdmin\Controllers\Article->condition()
 3 SYSTEMPATH\CodeIgniter.php(933): SysAdmin\Controllers\Article->index()
 4 SYSTEMPATH\CodeIgniter.php(507): CodeIgniter\CodeIgniter->runController(Object(SysAdmin\Controllers\Article))
 5 SYSTEMPATH\CodeIgniter.php(354): CodeIgniter\CodeIgniter->handleRequest(null, Object(Config\Cache), false)
 6 SYSTEMPATH\Boot.php(334): CodeIgniter\CodeIgniter->run()
 7 SYSTEMPATH\Boot.php(67): CodeIgniter\Boot::runCodeIgniter(Object(CodeIgniter\CodeIgniter))
 8 FCPATH\index.php(56): CodeIgniter\Boot::bootWeb(Object(Config\Paths))
WARNING - 2025-03-13 03:21:27 --> [DEPRECATED] trim(): Passing null to parameter #1 ($string) of type string is deprecated in ROOTPATH\SysAdmin\Controllers\Article.php on line 63.
 1 ROOTPATH\SysAdmin\Controllers\Article.php(63): trim(null)
 2 ROOTPATH\SysAdmin\Controllers\Article.php(26): SysAdmin\Controllers\Article->condition()
 3 SYSTEMPATH\CodeIgniter.php(933): SysAdmin\Controllers\Article->index()
 4 SYSTEMPATH\CodeIgniter.php(507): CodeIgniter\CodeIgniter->runController(Object(SysAdmin\Controllers\Article))
 5 SYSTEMPATH\CodeIgniter.php(354): CodeIgniter\CodeIgniter->handleRequest(null, Object(Config\Cache), false)
 6 SYSTEMPATH\Boot.php(334): CodeIgniter\CodeIgniter->run()
 7 SYSTEMPATH\Boot.php(67): CodeIgniter\Boot::runCodeIgniter(Object(CodeIgniter\CodeIgniter))
 8 FCPATH\index.php(56): CodeIgniter\Boot::bootWeb(Object(Config\Paths))
WARNING - 2025-03-13 03:21:27 --> [DEPRECATED] trim(): Passing null to parameter #1 ($string) of type string is deprecated in ROOTPATH\SysAdmin\Controllers\Article.php on line 67.
 1 ROOTPATH\SysAdmin\Controllers\Article.php(67): trim(null)
 2 ROOTPATH\SysAdmin\Controllers\Article.php(26): SysAdmin\Controllers\Article->condition()
 3 SYSTEMPATH\CodeIgniter.php(933): SysAdmin\Controllers\Article->index()
 4 SYSTEMPATH\CodeIgniter.php(507): CodeIgniter\CodeIgniter->runController(Object(SysAdmin\Controllers\Article))
 5 SYSTEMPATH\CodeIgniter.php(354): CodeIgniter\CodeIgniter->handleRequest(null, Object(Config\Cache), false)
 6 SYSTEMPATH\Boot.php(334): CodeIgniter\CodeIgniter->run()
 7 SYSTEMPATH\Boot.php(67): CodeIgniter\Boot::runCodeIgniter(Object(CodeIgniter\CodeIgniter))
 8 FCPATH\index.php(56): CodeIgniter\Boot::bootWeb(Object(Config\Paths))
WARNING - 2025-03-13 03:21:27 --> [DEPRECATED] trim(): Passing null to parameter #1 ($string) of type string is deprecated in ROOTPATH\SysAdmin\Controllers\Article.php on line 71.
 1 ROOTPATH\SysAdmin\Controllers\Article.php(71): trim(null)
 2 ROOTPATH\SysAdmin\Controllers\Article.php(26): SysAdmin\Controllers\Article->condition()
 3 SYSTEMPATH\CodeIgniter.php(933): SysAdmin\Controllers\Article->index()
 4 SYSTEMPATH\CodeIgniter.php(507): CodeIgniter\CodeIgniter->runController(Object(SysAdmin\Controllers\Article))
 5 SYSTEMPATH\CodeIgniter.php(354): CodeIgniter\CodeIgniter->handleRequest(null, Object(Config\Cache), false)
 6 SYSTEMPATH\Boot.php(334): CodeIgniter\CodeIgniter->run()
 7 SYSTEMPATH\Boot.php(67): CodeIgniter\Boot::runCodeIgniter(Object(CodeIgniter\CodeIgniter))
 8 FCPATH\index.php(56): CodeIgniter\Boot::bootWeb(Object(Config\Paths))
WARNING - 2025-03-13 03:21:27 --> [DEPRECATED] Optional parameter $id declared before required parameter $content is implicitly treated as a required parameter in ROOTPATH\SysAdmin\Models\ArticleModel.php on line 34.
 1 SYSTEMPATH\Autoloader\Autoloader.php(316): include_once('E:\\web\\XAMPP\\htdocs\\test\\system\\Debug\\Exceptions.php')
 2 SYSTEMPATH\Autoloader\Autoloader.php(295): CodeIgniter\Autoloader\Autoloader->includeFile('E:\\web\\XAMPP\\htdocs\\test\\SysAdmin\\Models\\ArticleModel.php')
 3 SYSTEMPATH\Autoloader\Autoloader.php(271): CodeIgniter\Autoloader\Autoloader->loadInNamespace('SysAdmin\\Models\\ArticleModel')
 4 ROOTPATH\SysAdmin\Controllers\Article.php(29): CodeIgniter\Autoloader\Autoloader->loadClass('SysAdmin\\Models\\ArticleModel')
 5 SYSTEMPATH\CodeIgniter.php(933): SysAdmin\Controllers\Article->index()
 6 SYSTEMPATH\CodeIgniter.php(507): CodeIgniter\CodeIgniter->runController(Object(SysAdmin\Controllers\Article))
 7 SYSTEMPATH\CodeIgniter.php(354): CodeIgniter\CodeIgniter->handleRequest(null, Object(Config\Cache), false)
 8 SYSTEMPATH\Boot.php(334): CodeIgniter\CodeIgniter->run()
 9 SYSTEMPATH\Boot.php(67): CodeIgniter\Boot::runCodeIgniter(Object(CodeIgniter\CodeIgniter))
10 FCPATH\index.php(56): CodeIgniter\Boot::bootWeb(Object(Config\Paths))
WARNING - 2025-03-13 03:21:27 --> [DEPRECATED] Optional parameter $sarray declared before required parameter $id is implicitly treated as a required parameter in ROOTPATH\SysAdmin\Models\NavModel.php on line 17.
 1 SYSTEMPATH\Autoloader\Autoloader.php(316): include_once('E:\\web\\XAMPP\\htdocs\\test\\system\\Debug\\Exceptions.php')
 2 SYSTEMPATH\Autoloader\Autoloader.php(295): CodeIgniter\Autoloader\Autoloader->includeFile('E:\\web\\XAMPP\\htdocs\\test\\SysAdmin\\Models\\NavModel.php')
 3 SYSTEMPATH\Autoloader\Autoloader.php(271): CodeIgniter\Autoloader\Autoloader->loadInNamespace('SysAdmin\\Models\\NavModel')
 4 ROOTPATH\SysAdmin\Controllers\Article.php(30): CodeIgniter\Autoloader\Autoloader->loadClass('SysAdmin\\Models\\NavModel')
 5 SYSTEMPATH\CodeIgniter.php(933): SysAdmin\Controllers\Article->index()
 6 SYSTEMPATH\CodeIgniter.php(507): CodeIgniter\CodeIgniter->runController(Object(SysAdmin\Controllers\Article))
 7 SYSTEMPATH\CodeIgniter.php(354): CodeIgniter\CodeIgniter->handleRequest(null, Object(Config\Cache), false)
 8 SYSTEMPATH\Boot.php(334): CodeIgniter\CodeIgniter->run()
 9 SYSTEMPATH\Boot.php(67): CodeIgniter\Boot::runCodeIgniter(Object(CodeIgniter\CodeIgniter))
10 FCPATH\index.php(56): CodeIgniter\Boot::bootWeb(Object(Config\Paths))
WARNING - 2025-03-13 03:21:27 --> [DEPRECATED] Optional parameter $sarray declared before required parameter $id is implicitly treated as a required parameter in ROOTPATH\SysAdmin\Models\NavModel.php on line 25.
 1 SYSTEMPATH\Autoloader\Autoloader.php(316): include_once('E:\\web\\XAMPP\\htdocs\\test\\system\\Debug\\Exceptions.php')
 2 SYSTEMPATH\Autoloader\Autoloader.php(295): CodeIgniter\Autoloader\Autoloader->includeFile('E:\\web\\XAMPP\\htdocs\\test\\SysAdmin\\Models\\NavModel.php')
 3 SYSTEMPATH\Autoloader\Autoloader.php(271): CodeIgniter\Autoloader\Autoloader->loadInNamespace('SysAdmin\\Models\\NavModel')
 4 ROOTPATH\SysAdmin\Controllers\Article.php(30): CodeIgniter\Autoloader\Autoloader->loadClass('SysAdmin\\Models\\NavModel')
 5 SYSTEMPATH\CodeIgniter.php(933): SysAdmin\Controllers\Article->index()
 6 SYSTEMPATH\CodeIgniter.php(507): CodeIgniter\CodeIgniter->runController(Object(SysAdmin\Controllers\Article))
 7 SYSTEMPATH\CodeIgniter.php(354): CodeIgniter\CodeIgniter->handleRequest(null, Object(Config\Cache), false)
 8 SYSTEMPATH\Boot.php(334): CodeIgniter\CodeIgniter->run()
 9 SYSTEMPATH\Boot.php(67): CodeIgniter\Boot::runCodeIgniter(Object(CodeIgniter\CodeIgniter))
10 FCPATH\index.php(56): CodeIgniter\Boot::bootWeb(Object(Config\Paths))
DEBUG - 2025-03-13 03:21:28 --> Session: Class initialized using 'CodeIgniter\Session\Handlers\FileHandler' driver.
WARNING - 2025-03-13 03:21:28 --> [DEPRECATED] Creation of dynamic property SysAdmin\Controllers\imgArticle::$session is deprecated in ROOTPATH\SysAdmin\Controllers\BaseController.php on line 51.
 1 ROOTPATH\SysAdmin\Controllers\imgArticle.php(10): SysAdmin\Controllers\BaseController->__construct()
 2 SYSTEMPATH\CodeIgniter.php(903): SysAdmin\Controllers\imgArticle->__construct()
 3 SYSTEMPATH\CodeIgniter.php(498): CodeIgniter\CodeIgniter->createController()
 4 SYSTEMPATH\CodeIgniter.php(354): CodeIgniter\CodeIgniter->handleRequest(null, Object(Config\Cache), false)
 5 SYSTEMPATH\Boot.php(334): CodeIgniter\CodeIgniter->run()
 6 SYSTEMPATH\Boot.php(67): CodeIgniter\Boot::runCodeIgniter(Object(CodeIgniter\CodeIgniter))
 7 FCPATH\index.php(56): CodeIgniter\Boot::bootWeb(Object(Config\Paths))
WARNING - 2025-03-13 03:21:28 --> [DEPRECATED] Creation of dynamic property SysAdmin\Controllers\imgArticle::$encrypter is deprecated in ROOTPATH\SysAdmin\Controllers\BaseController.php on line 52.
 1 ROOTPATH\SysAdmin\Controllers\imgArticle.php(10): SysAdmin\Controllers\BaseController->__construct()
 2 SYSTEMPATH\CodeIgniter.php(903): SysAdmin\Controllers\imgArticle->__construct()
 3 SYSTEMPATH\CodeIgniter.php(498): CodeIgniter\CodeIgniter->createController()
 4 SYSTEMPATH\CodeIgniter.php(354): CodeIgniter\CodeIgniter->handleRequest(null, Object(Config\Cache), false)
 5 SYSTEMPATH\Boot.php(334): CodeIgniter\CodeIgniter->run()
 6 SYSTEMPATH\Boot.php(67): CodeIgniter\Boot::runCodeIgniter(Object(CodeIgniter\CodeIgniter))
 7 FCPATH\index.php(56): CodeIgniter\Boot::bootWeb(Object(Config\Paths))
WARNING - 2025-03-13 03:21:28 --> [DEPRECATED] Creation of dynamic property SysAdmin\Controllers\imgArticle::$nav_mold is deprecated in ROOTPATH\SysAdmin\Controllers\imgArticle.php on line 11.
 1 SYSTEMPATH\CodeIgniter.php(903): SysAdmin\Controllers\imgArticle->__construct()
 2 SYSTEMPATH\CodeIgniter.php(498): CodeIgniter\CodeIgniter->createController()
 3 SYSTEMPATH\CodeIgniter.php(354): CodeIgniter\CodeIgniter->handleRequest(null, Object(Config\Cache), false)
 4 SYSTEMPATH\Boot.php(334): CodeIgniter\CodeIgniter->run()
 5 SYSTEMPATH\Boot.php(67): CodeIgniter\Boot::runCodeIgniter(Object(CodeIgniter\CodeIgniter))
 6 FCPATH\index.php(56): CodeIgniter\Boot::bootWeb(Object(Config\Paths))
WARNING - 2025-03-13 03:21:28 --> [DEPRECATED] trim(): Passing null to parameter #1 ($string) of type string is deprecated in ROOTPATH\SysAdmin\Controllers\imgArticle.php on line 57.
 1 ROOTPATH\SysAdmin\Controllers\imgArticle.php(57): trim(null)
 2 ROOTPATH\SysAdmin\Controllers\imgArticle.php(26): SysAdmin\Controllers\imgArticle->condition()
 3 SYSTEMPATH\CodeIgniter.php(933): SysAdmin\Controllers\imgArticle->index()
 4 SYSTEMPATH\CodeIgniter.php(507): CodeIgniter\CodeIgniter->runController(Object(SysAdmin\Controllers\imgArticle))
 5 SYSTEMPATH\CodeIgniter.php(354): CodeIgniter\CodeIgniter->handleRequest(null, Object(Config\Cache), false)
 6 SYSTEMPATH\Boot.php(334): CodeIgniter\CodeIgniter->run()
 7 SYSTEMPATH\Boot.php(67): CodeIgniter\Boot::runCodeIgniter(Object(CodeIgniter\CodeIgniter))
 8 FCPATH\index.php(56): CodeIgniter\Boot::bootWeb(Object(Config\Paths))
WARNING - 2025-03-13 03:21:28 --> [DEPRECATED] trim(): Passing null to parameter #1 ($string) of type string is deprecated in ROOTPATH\SysAdmin\Controllers\imgArticle.php on line 61.
 1 ROOTPATH\SysAdmin\Controllers\imgArticle.php(61): trim(null)
 2 ROOTPATH\SysAdmin\Controllers\imgArticle.php(26): SysAdmin\Controllers\imgArticle->condition()
 3 SYSTEMPATH\CodeIgniter.php(933): SysAdmin\Controllers\imgArticle->index()
 4 SYSTEMPATH\CodeIgniter.php(507): CodeIgniter\CodeIgniter->runController(Object(SysAdmin\Controllers\imgArticle))
 5 SYSTEMPATH\CodeIgniter.php(354): CodeIgniter\CodeIgniter->handleRequest(null, Object(Config\Cache), false)
 6 SYSTEMPATH\Boot.php(334): CodeIgniter\CodeIgniter->run()
 7 SYSTEMPATH\Boot.php(67): CodeIgniter\Boot::runCodeIgniter(Object(CodeIgniter\CodeIgniter))
 8 FCPATH\index.php(56): CodeIgniter\Boot::bootWeb(Object(Config\Paths))
WARNING - 2025-03-13 03:21:28 --> [DEPRECATED] trim(): Passing null to parameter #1 ($string) of type string is deprecated in ROOTPATH\SysAdmin\Controllers\imgArticle.php on line 65.
 1 ROOTPATH\SysAdmin\Controllers\imgArticle.php(65): trim(null)
 2 ROOTPATH\SysAdmin\Controllers\imgArticle.php(26): SysAdmin\Controllers\imgArticle->condition()
 3 SYSTEMPATH\CodeIgniter.php(933): SysAdmin\Controllers\imgArticle->index()
 4 SYSTEMPATH\CodeIgniter.php(507): CodeIgniter\CodeIgniter->runController(Object(SysAdmin\Controllers\imgArticle))
 5 SYSTEMPATH\CodeIgniter.php(354): CodeIgniter\CodeIgniter->handleRequest(null, Object(Config\Cache), false)
 6 SYSTEMPATH\Boot.php(334): CodeIgniter\CodeIgniter->run()
 7 SYSTEMPATH\Boot.php(67): CodeIgniter\Boot::runCodeIgniter(Object(CodeIgniter\CodeIgniter))
 8 FCPATH\index.php(56): CodeIgniter\Boot::bootWeb(Object(Config\Paths))
WARNING - 2025-03-13 03:21:28 --> [DEPRECATED] trim(): Passing null to parameter #1 ($string) of type string is deprecated in ROOTPATH\SysAdmin\Controllers\imgArticle.php on line 69.
 1 ROOTPATH\SysAdmin\Controllers\imgArticle.php(69): trim(null)
 2 ROOTPATH\SysAdmin\Controllers\imgArticle.php(26): SysAdmin\Controllers\imgArticle->condition()
 3 SYSTEMPATH\CodeIgniter.php(933): SysAdmin\Controllers\imgArticle->index()
 4 SYSTEMPATH\CodeIgniter.php(507): CodeIgniter\CodeIgniter->runController(Object(SysAdmin\Controllers\imgArticle))
 5 SYSTEMPATH\CodeIgniter.php(354): CodeIgniter\CodeIgniter->handleRequest(null, Object(Config\Cache), false)
 6 SYSTEMPATH\Boot.php(334): CodeIgniter\CodeIgniter->run()
 7 SYSTEMPATH\Boot.php(67): CodeIgniter\Boot::runCodeIgniter(Object(CodeIgniter\CodeIgniter))
 8 FCPATH\index.php(56): CodeIgniter\Boot::bootWeb(Object(Config\Paths))
WARNING - 2025-03-13 03:21:28 --> [DEPRECATED] trim(): Passing null to parameter #1 ($string) of type string is deprecated in ROOTPATH\SysAdmin\Controllers\imgArticle.php on line 73.
 1 ROOTPATH\SysAdmin\Controllers\imgArticle.php(73): trim(null)
 2 ROOTPATH\SysAdmin\Controllers\imgArticle.php(26): SysAdmin\Controllers\imgArticle->condition()
 3 SYSTEMPATH\CodeIgniter.php(933): SysAdmin\Controllers\imgArticle->index()
 4 SYSTEMPATH\CodeIgniter.php(507): CodeIgniter\CodeIgniter->runController(Object(SysAdmin\Controllers\imgArticle))
 5 SYSTEMPATH\CodeIgniter.php(354): CodeIgniter\CodeIgniter->handleRequest(null, Object(Config\Cache), false)
 6 SYSTEMPATH\Boot.php(334): CodeIgniter\CodeIgniter->run()
 7 SYSTEMPATH\Boot.php(67): CodeIgniter\Boot::runCodeIgniter(Object(CodeIgniter\CodeIgniter))
 8 FCPATH\index.php(56): CodeIgniter\Boot::bootWeb(Object(Config\Paths))
WARNING - 2025-03-13 03:21:28 --> [DEPRECATED] Optional parameter $id declared before required parameter $content is implicitly treated as a required parameter in ROOTPATH\SysAdmin\Models\ArticleModel.php on line 34.
 1 SYSTEMPATH\Autoloader\Autoloader.php(316): include_once('E:\\web\\XAMPP\\htdocs\\test\\system\\Debug\\Exceptions.php')
 2 SYSTEMPATH\Autoloader\Autoloader.php(295): CodeIgniter\Autoloader\Autoloader->includeFile('E:\\web\\XAMPP\\htdocs\\test\\SysAdmin\\Models\\ArticleModel.php')
 3 SYSTEMPATH\Autoloader\Autoloader.php(271): CodeIgniter\Autoloader\Autoloader->loadInNamespace('SysAdmin\\Models\\ArticleModel')
 4 ROOTPATH\SysAdmin\Controllers\imgArticle.php(29): CodeIgniter\Autoloader\Autoloader->loadClass('SysAdmin\\Models\\ArticleModel')
 5 SYSTEMPATH\CodeIgniter.php(933): SysAdmin\Controllers\imgArticle->index()
 6 SYSTEMPATH\CodeIgniter.php(507): CodeIgniter\CodeIgniter->runController(Object(SysAdmin\Controllers\imgArticle))
 7 SYSTEMPATH\CodeIgniter.php(354): CodeIgniter\CodeIgniter->handleRequest(null, Object(Config\Cache), false)
 8 SYSTEMPATH\Boot.php(334): CodeIgniter\CodeIgniter->run()
 9 SYSTEMPATH\Boot.php(67): CodeIgniter\Boot::runCodeIgniter(Object(CodeIgniter\CodeIgniter))
10 FCPATH\index.php(56): CodeIgniter\Boot::bootWeb(Object(Config\Paths))
WARNING - 2025-03-13 03:21:28 --> [DEPRECATED] Optional parameter $sarray declared before required parameter $id is implicitly treated as a required parameter in ROOTPATH\SysAdmin\Models\NavModel.php on line 17.
 1 SYSTEMPATH\Autoloader\Autoloader.php(316): include_once('E:\\web\\XAMPP\\htdocs\\test\\system\\Debug\\Exceptions.php')
 2 SYSTEMPATH\Autoloader\Autoloader.php(295): CodeIgniter\Autoloader\Autoloader->includeFile('E:\\web\\XAMPP\\htdocs\\test\\SysAdmin\\Models\\NavModel.php')
 3 SYSTEMPATH\Autoloader\Autoloader.php(271): CodeIgniter\Autoloader\Autoloader->loadInNamespace('SysAdmin\\Models\\NavModel')
 4 ROOTPATH\SysAdmin\Controllers\imgArticle.php(30): CodeIgniter\Autoloader\Autoloader->loadClass('SysAdmin\\Models\\NavModel')
 5 SYSTEMPATH\CodeIgniter.php(933): SysAdmin\Controllers\imgArticle->index()
 6 SYSTEMPATH\CodeIgniter.php(507): CodeIgniter\CodeIgniter->runController(Object(SysAdmin\Controllers\imgArticle))
 7 SYSTEMPATH\CodeIgniter.php(354): CodeIgniter\CodeIgniter->handleRequest(null, Object(Config\Cache), false)
 8 SYSTEMPATH\Boot.php(334): CodeIgniter\CodeIgniter->run()
 9 SYSTEMPATH\Boot.php(67): CodeIgniter\Boot::runCodeIgniter(Object(CodeIgniter\CodeIgniter))
10 FCPATH\index.php(56): CodeIgniter\Boot::bootWeb(Object(Config\Paths))
WARNING - 2025-03-13 03:21:28 --> [DEPRECATED] Optional parameter $sarray declared before required parameter $id is implicitly treated as a required parameter in ROOTPATH\SysAdmin\Models\NavModel.php on line 25.
 1 SYSTEMPATH\Autoloader\Autoloader.php(316): include_once('E:\\web\\XAMPP\\htdocs\\test\\system\\Debug\\Exceptions.php')
 2 SYSTEMPATH\Autoloader\Autoloader.php(295): CodeIgniter\Autoloader\Autoloader->includeFile('E:\\web\\XAMPP\\htdocs\\test\\SysAdmin\\Models\\NavModel.php')
 3 SYSTEMPATH\Autoloader\Autoloader.php(271): CodeIgniter\Autoloader\Autoloader->loadInNamespace('SysAdmin\\Models\\NavModel')
 4 ROOTPATH\SysAdmin\Controllers\imgArticle.php(30): CodeIgniter\Autoloader\Autoloader->loadClass('SysAdmin\\Models\\NavModel')
 5 SYSTEMPATH\CodeIgniter.php(933): SysAdmin\Controllers\imgArticle->index()
 6 SYSTEMPATH\CodeIgniter.php(507): CodeIgniter\CodeIgniter->runController(Object(SysAdmin\Controllers\imgArticle))
 7 SYSTEMPATH\CodeIgniter.php(354): CodeIgniter\CodeIgniter->handleRequest(null, Object(Config\Cache), false)
 8 SYSTEMPATH\Boot.php(334): CodeIgniter\CodeIgniter->run()
 9 SYSTEMPATH\Boot.php(67): CodeIgniter\Boot::runCodeIgniter(Object(CodeIgniter\CodeIgniter))
10 FCPATH\index.php(56): CodeIgniter\Boot::bootWeb(Object(Config\Paths))
DEBUG - 2025-03-13 03:24:09 --> Session: Class initialized using 'CodeIgniter\Session\Handlers\FileHandler' driver.
WARNING - 2025-03-13 03:24:09 --> [DEPRECATED] Creation of dynamic property SysAdmin\Controllers\Department::$session is deprecated in ROOTPATH\SysAdmin\Controllers\BaseController.php on line 51.
 1 ROOTPATH\SysAdmin\Controllers\Department.php(7): SysAdmin\Controllers\BaseController->__construct()
 2 SYSTEMPATH\CodeIgniter.php(903): SysAdmin\Controllers\Department->__construct()
 3 SYSTEMPATH\CodeIgniter.php(498): CodeIgniter\CodeIgniter->createController()
 4 SYSTEMPATH\CodeIgniter.php(354): CodeIgniter\CodeIgniter->handleRequest(null, Object(Config\Cache), false)
 5 SYSTEMPATH\Boot.php(334): CodeIgniter\CodeIgniter->run()
 6 SYSTEMPATH\Boot.php(67): CodeIgniter\Boot::runCodeIgniter(Object(CodeIgniter\CodeIgniter))
 7 FCPATH\index.php(56): CodeIgniter\Boot::bootWeb(Object(Config\Paths))
WARNING - 2025-03-13 03:24:09 --> [DEPRECATED] Creation of dynamic property SysAdmin\Controllers\Department::$encrypter is deprecated in ROOTPATH\SysAdmin\Controllers\BaseController.php on line 52.
 1 ROOTPATH\SysAdmin\Controllers\Department.php(7): SysAdmin\Controllers\BaseController->__construct()
 2 SYSTEMPATH\CodeIgniter.php(903): SysAdmin\Controllers\Department->__construct()
 3 SYSTEMPATH\CodeIgniter.php(498): CodeIgniter\CodeIgniter->createController()
 4 SYSTEMPATH\CodeIgniter.php(354): CodeIgniter\CodeIgniter->handleRequest(null, Object(Config\Cache), false)
 5 SYSTEMPATH\Boot.php(334): CodeIgniter\CodeIgniter->run()
 6 SYSTEMPATH\Boot.php(67): CodeIgniter\Boot::runCodeIgniter(Object(CodeIgniter\CodeIgniter))
 7 FCPATH\index.php(56): CodeIgniter\Boot::bootWeb(Object(Config\Paths))
WARNING - 2025-03-13 03:24:09 --> [DEPRECATED] Creation of dynamic property SysAdmin\Controllers\Department::$nav_mold is deprecated in ROOTPATH\SysAdmin\Controllers\Department.php on line 15.
 1 SYSTEMPATH\CodeIgniter.php(903): SysAdmin\Controllers\Department->__construct()
 2 SYSTEMPATH\CodeIgniter.php(498): CodeIgniter\CodeIgniter->createController()
 3 SYSTEMPATH\CodeIgniter.php(354): CodeIgniter\CodeIgniter->handleRequest(null, Object(Config\Cache), false)
 4 SYSTEMPATH\Boot.php(334): CodeIgniter\CodeIgniter->run()
 5 SYSTEMPATH\Boot.php(67): CodeIgniter\Boot::runCodeIgniter(Object(CodeIgniter\CodeIgniter))
 6 FCPATH\index.php(56): CodeIgniter\Boot::bootWeb(Object(Config\Paths))
WARNING - 2025-03-13 03:24:09 --> [DEPRECATED] Creation of dynamic property SysAdmin\Controllers\Department::$DepartmentModel is deprecated in ROOTPATH\SysAdmin\Controllers\Department.php on line 20.
 1 SYSTEMPATH\CodeIgniter.php(903): SysAdmin\Controllers\Department->__construct()
 2 SYSTEMPATH\CodeIgniter.php(498): CodeIgniter\CodeIgniter->createController()
 3 SYSTEMPATH\CodeIgniter.php(354): CodeIgniter\CodeIgniter->handleRequest(null, Object(Config\Cache), false)
 4 SYSTEMPATH\Boot.php(334): CodeIgniter\CodeIgniter->run()
 5 SYSTEMPATH\Boot.php(67): CodeIgniter\Boot::runCodeIgniter(Object(CodeIgniter\CodeIgniter))
 6 FCPATH\index.php(56): CodeIgniter\Boot::bootWeb(Object(Config\Paths))
WARNING - 2025-03-13 03:24:09 --> [DEPRECATED] trim(): Passing null to parameter #1 ($string) of type string is deprecated in ROOTPATH\SysAdmin\Controllers\Department.php on line 44.
 1 ROOTPATH\SysAdmin\Controllers\Department.php(44): trim(null)
 2 ROOTPATH\SysAdmin\Controllers\Department.php(24): SysAdmin\Controllers\Department->condition()
 3 SYSTEMPATH\CodeIgniter.php(933): SysAdmin\Controllers\Department->index()
 4 SYSTEMPATH\CodeIgniter.php(507): CodeIgniter\CodeIgniter->runController(Object(SysAdmin\Controllers\Department))
 5 SYSTEMPATH\CodeIgniter.php(354): CodeIgniter\CodeIgniter->handleRequest(null, Object(Config\Cache), false)
 6 SYSTEMPATH\Boot.php(334): CodeIgniter\CodeIgniter->run()
 7 SYSTEMPATH\Boot.php(67): CodeIgniter\Boot::runCodeIgniter(Object(CodeIgniter\CodeIgniter))
 8 FCPATH\index.php(56): CodeIgniter\Boot::bootWeb(Object(Config\Paths))
WARNING - 2025-03-13 03:24:09 --> [DEPRECATED] trim(): Passing null to parameter #1 ($string) of type string is deprecated in ROOTPATH\SysAdmin\Controllers\Department.php on line 49.
 1 ROOTPATH\SysAdmin\Controllers\Department.php(49): trim(null)
 2 ROOTPATH\SysAdmin\Controllers\Department.php(24): SysAdmin\Controllers\Department->condition()
 3 SYSTEMPATH\CodeIgniter.php(933): SysAdmin\Controllers\Department->index()
 4 SYSTEMPATH\CodeIgniter.php(507): CodeIgniter\CodeIgniter->runController(Object(SysAdmin\Controllers\Department))
 5 SYSTEMPATH\CodeIgniter.php(354): CodeIgniter\CodeIgniter->handleRequest(null, Object(Config\Cache), false)
 6 SYSTEMPATH\Boot.php(334): CodeIgniter\CodeIgniter->run()
 7 SYSTEMPATH\Boot.php(67): CodeIgniter\Boot::runCodeIgniter(Object(CodeIgniter\CodeIgniter))
 8 FCPATH\index.php(56): CodeIgniter\Boot::bootWeb(Object(Config\Paths))
WARNING - 2025-03-13 03:24:09 --> [DEPRECATED] trim(): Passing null to parameter #1 ($string) of type string is deprecated in ROOTPATH\SysAdmin\Controllers\Department.php on line 53.
 1 ROOTPATH\SysAdmin\Controllers\Department.php(53): trim(null)
 2 ROOTPATH\SysAdmin\Controllers\Department.php(24): SysAdmin\Controllers\Department->condition()
 3 SYSTEMPATH\CodeIgniter.php(933): SysAdmin\Controllers\Department->index()
 4 SYSTEMPATH\CodeIgniter.php(507): CodeIgniter\CodeIgniter->runController(Object(SysAdmin\Controllers\Department))
 5 SYSTEMPATH\CodeIgniter.php(354): CodeIgniter\CodeIgniter->handleRequest(null, Object(Config\Cache), false)
 6 SYSTEMPATH\Boot.php(334): CodeIgniter\CodeIgniter->run()
 7 SYSTEMPATH\Boot.php(67): CodeIgniter\Boot::runCodeIgniter(Object(CodeIgniter\CodeIgniter))
 8 FCPATH\index.php(56): CodeIgniter\Boot::bootWeb(Object(Config\Paths))
DEBUG - 2025-03-13 03:24:10 --> Session: Class initialized using 'CodeIgniter\Session\Handlers\FileHandler' driver.
WARNING - 2025-03-13 03:24:10 --> [DEPRECATED] Creation of dynamic property SysAdmin\Controllers\Persons::$session is deprecated in ROOTPATH\SysAdmin\Controllers\BaseController.php on line 51.
 1 ROOTPATH\SysAdmin\Controllers\Persons.php(8): SysAdmin\Controllers\BaseController->__construct()
 2 SYSTEMPATH\CodeIgniter.php(903): SysAdmin\Controllers\Persons->__construct()
 3 SYSTEMPATH\CodeIgniter.php(498): CodeIgniter\CodeIgniter->createController()
 4 SYSTEMPATH\CodeIgniter.php(354): CodeIgniter\CodeIgniter->handleRequest(null, Object(Config\Cache), false)
 5 SYSTEMPATH\Boot.php(334): CodeIgniter\CodeIgniter->run()
 6 SYSTEMPATH\Boot.php(67): CodeIgniter\Boot::runCodeIgniter(Object(CodeIgniter\CodeIgniter))
 7 FCPATH\index.php(56): CodeIgniter\Boot::bootWeb(Object(Config\Paths))
WARNING - 2025-03-13 03:24:10 --> [DEPRECATED] Creation of dynamic property SysAdmin\Controllers\Persons::$encrypter is deprecated in ROOTPATH\SysAdmin\Controllers\BaseController.php on line 52.
 1 ROOTPATH\SysAdmin\Controllers\Persons.php(8): SysAdmin\Controllers\BaseController->__construct()
 2 SYSTEMPATH\CodeIgniter.php(903): SysAdmin\Controllers\Persons->__construct()
 3 SYSTEMPATH\CodeIgniter.php(498): CodeIgniter\CodeIgniter->createController()
 4 SYSTEMPATH\CodeIgniter.php(354): CodeIgniter\CodeIgniter->handleRequest(null, Object(Config\Cache), false)
 5 SYSTEMPATH\Boot.php(334): CodeIgniter\CodeIgniter->run()
 6 SYSTEMPATH\Boot.php(67): CodeIgniter\Boot::runCodeIgniter(Object(CodeIgniter\CodeIgniter))
 7 FCPATH\index.php(56): CodeIgniter\Boot::bootWeb(Object(Config\Paths))
WARNING - 2025-03-13 03:24:10 --> [DEPRECATED] Creation of dynamic property SysAdmin\Controllers\Persons::$nav_mold is deprecated in ROOTPATH\SysAdmin\Controllers\Persons.php on line 15.
 1 SYSTEMPATH\CodeIgniter.php(903): SysAdmin\Controllers\Persons->__construct()
 2 SYSTEMPATH\CodeIgniter.php(498): CodeIgniter\CodeIgniter->createController()
 3 SYSTEMPATH\CodeIgniter.php(354): CodeIgniter\CodeIgniter->handleRequest(null, Object(Config\Cache), false)
 4 SYSTEMPATH\Boot.php(334): CodeIgniter\CodeIgniter->run()
 5 SYSTEMPATH\Boot.php(67): CodeIgniter\Boot::runCodeIgniter(Object(CodeIgniter\CodeIgniter))
 6 FCPATH\index.php(56): CodeIgniter\Boot::bootWeb(Object(Config\Paths))
WARNING - 2025-03-13 03:24:10 --> [DEPRECATED] Creation of dynamic property SysAdmin\Controllers\Persons::$PersonsModel is deprecated in ROOTPATH\SysAdmin\Controllers\Persons.php on line 20.
 1 SYSTEMPATH\CodeIgniter.php(903): SysAdmin\Controllers\Persons->__construct()
 2 SYSTEMPATH\CodeIgniter.php(498): CodeIgniter\CodeIgniter->createController()
 3 SYSTEMPATH\CodeIgniter.php(354): CodeIgniter\CodeIgniter->handleRequest(null, Object(Config\Cache), false)
 4 SYSTEMPATH\Boot.php(334): CodeIgniter\CodeIgniter->run()
 5 SYSTEMPATH\Boot.php(67): CodeIgniter\Boot::runCodeIgniter(Object(CodeIgniter\CodeIgniter))
 6 FCPATH\index.php(56): CodeIgniter\Boot::bootWeb(Object(Config\Paths))
WARNING - 2025-03-13 03:24:10 --> [DEPRECATED] trim(): Passing null to parameter #1 ($string) of type string is deprecated in ROOTPATH\SysAdmin\Controllers\Persons.php on line 45.
 1 ROOTPATH\SysAdmin\Controllers\Persons.php(45): trim(null)
 2 ROOTPATH\SysAdmin\Controllers\Persons.php(24): SysAdmin\Controllers\Persons->condition()
 3 SYSTEMPATH\CodeIgniter.php(933): SysAdmin\Controllers\Persons->index()
 4 SYSTEMPATH\CodeIgniter.php(507): CodeIgniter\CodeIgniter->runController(Object(SysAdmin\Controllers\Persons))
 5 SYSTEMPATH\CodeIgniter.php(354): CodeIgniter\CodeIgniter->handleRequest(null, Object(Config\Cache), false)
 6 SYSTEMPATH\Boot.php(334): CodeIgniter\CodeIgniter->run()
 7 SYSTEMPATH\Boot.php(67): CodeIgniter\Boot::runCodeIgniter(Object(CodeIgniter\CodeIgniter))
 8 FCPATH\index.php(56): CodeIgniter\Boot::bootWeb(Object(Config\Paths))
WARNING - 2025-03-13 03:24:10 --> [DEPRECATED] trim(): Passing null to parameter #1 ($string) of type string is deprecated in ROOTPATH\SysAdmin\Controllers\Persons.php on line 50.
 1 ROOTPATH\SysAdmin\Controllers\Persons.php(50): trim(null)
 2 ROOTPATH\SysAdmin\Controllers\Persons.php(24): SysAdmin\Controllers\Persons->condition()
 3 SYSTEMPATH\CodeIgniter.php(933): SysAdmin\Controllers\Persons->index()
 4 SYSTEMPATH\CodeIgniter.php(507): CodeIgniter\CodeIgniter->runController(Object(SysAdmin\Controllers\Persons))
 5 SYSTEMPATH\CodeIgniter.php(354): CodeIgniter\CodeIgniter->handleRequest(null, Object(Config\Cache), false)
 6 SYSTEMPATH\Boot.php(334): CodeIgniter\CodeIgniter->run()
 7 SYSTEMPATH\Boot.php(67): CodeIgniter\Boot::runCodeIgniter(Object(CodeIgniter\CodeIgniter))
 8 FCPATH\index.php(56): CodeIgniter\Boot::bootWeb(Object(Config\Paths))
WARNING - 2025-03-13 03:24:10 --> [DEPRECATED] trim(): Passing null to parameter #1 ($string) of type string is deprecated in ROOTPATH\SysAdmin\Controllers\Persons.php on line 54.
 1 ROOTPATH\SysAdmin\Controllers\Persons.php(54): trim(null)
 2 ROOTPATH\SysAdmin\Controllers\Persons.php(24): SysAdmin\Controllers\Persons->condition()
 3 SYSTEMPATH\CodeIgniter.php(933): SysAdmin\Controllers\Persons->index()
 4 SYSTEMPATH\CodeIgniter.php(507): CodeIgniter\CodeIgniter->runController(Object(SysAdmin\Controllers\Persons))
 5 SYSTEMPATH\CodeIgniter.php(354): CodeIgniter\CodeIgniter->handleRequest(null, Object(Config\Cache), false)
 6 SYSTEMPATH\Boot.php(334): CodeIgniter\CodeIgniter->run()
 7 SYSTEMPATH\Boot.php(67): CodeIgniter\Boot::runCodeIgniter(Object(CodeIgniter\CodeIgniter))
 8 FCPATH\index.php(56): CodeIgniter\Boot::bootWeb(Object(Config\Paths))
WARNING - 2025-03-13 03:24:10 --> [DEPRECATED] trim(): Passing null to parameter #1 ($string) of type string is deprecated in ROOTPATH\SysAdmin\Controllers\Persons.php on line 58.
 1 ROOTPATH\SysAdmin\Controllers\Persons.php(58): trim(null)
 2 ROOTPATH\SysAdmin\Controllers\Persons.php(24): SysAdmin\Controllers\Persons->condition()
 3 SYSTEMPATH\CodeIgniter.php(933): SysAdmin\Controllers\Persons->index()
 4 SYSTEMPATH\CodeIgniter.php(507): CodeIgniter\CodeIgniter->runController(Object(SysAdmin\Controllers\Persons))
 5 SYSTEMPATH\CodeIgniter.php(354): CodeIgniter\CodeIgniter->handleRequest(null, Object(Config\Cache), false)
 6 SYSTEMPATH\Boot.php(334): CodeIgniter\CodeIgniter->run()
 7 SYSTEMPATH\Boot.php(67): CodeIgniter\Boot::runCodeIgniter(Object(CodeIgniter\CodeIgniter))
 8 FCPATH\index.php(56): CodeIgniter\Boot::bootWeb(Object(Config\Paths))
WARNING - 2025-03-13 03:24:10 --> [DEPRECATED] trim(): Passing null to parameter #1 ($string) of type string is deprecated in ROOTPATH\SysAdmin\Controllers\Persons.php on line 62.
 1 ROOTPATH\SysAdmin\Controllers\Persons.php(62): trim(null)
 2 ROOTPATH\SysAdmin\Controllers\Persons.php(24): SysAdmin\Controllers\Persons->condition()
 3 SYSTEMPATH\CodeIgniter.php(933): SysAdmin\Controllers\Persons->index()
 4 SYSTEMPATH\CodeIgniter.php(507): CodeIgniter\CodeIgniter->runController(Object(SysAdmin\Controllers\Persons))
 5 SYSTEMPATH\CodeIgniter.php(354): CodeIgniter\CodeIgniter->handleRequest(null, Object(Config\Cache), false)
 6 SYSTEMPATH\Boot.php(334): CodeIgniter\CodeIgniter->run()
 7 SYSTEMPATH\Boot.php(67): CodeIgniter\Boot::runCodeIgniter(Object(CodeIgniter\CodeIgniter))
 8 FCPATH\index.php(56): CodeIgniter\Boot::bootWeb(Object(Config\Paths))
DEBUG - 2025-03-13 03:24:16 --> Session: Class initialized using 'CodeIgniter\Session\Handlers\FileHandler' driver.
WARNING - 2025-03-13 03:24:16 --> [DEPRECATED] Creation of dynamic property SysAdmin\Controllers\Persons::$session is deprecated in ROOTPATH\SysAdmin\Controllers\BaseController.php on line 51.
 1 ROOTPATH\SysAdmin\Controllers\Persons.php(8): SysAdmin\Controllers\BaseController->__construct()
 2 SYSTEMPATH\CodeIgniter.php(903): SysAdmin\Controllers\Persons->__construct()
 3 SYSTEMPATH\CodeIgniter.php(498): CodeIgniter\CodeIgniter->createController()
 4 SYSTEMPATH\CodeIgniter.php(354): CodeIgniter\CodeIgniter->handleRequest(null, Object(Config\Cache), false)
 5 SYSTEMPATH\Boot.php(334): CodeIgniter\CodeIgniter->run()
 6 SYSTEMPATH\Boot.php(67): CodeIgniter\Boot::runCodeIgniter(Object(CodeIgniter\CodeIgniter))
 7 FCPATH\index.php(56): CodeIgniter\Boot::bootWeb(Object(Config\Paths))
WARNING - 2025-03-13 03:24:16 --> [DEPRECATED] Creation of dynamic property SysAdmin\Controllers\Persons::$encrypter is deprecated in ROOTPATH\SysAdmin\Controllers\BaseController.php on line 52.
 1 ROOTPATH\SysAdmin\Controllers\Persons.php(8): SysAdmin\Controllers\BaseController->__construct()
 2 SYSTEMPATH\CodeIgniter.php(903): SysAdmin\Controllers\Persons->__construct()
 3 SYSTEMPATH\CodeIgniter.php(498): CodeIgniter\CodeIgniter->createController()
 4 SYSTEMPATH\CodeIgniter.php(354): CodeIgniter\CodeIgniter->handleRequest(null, Object(Config\Cache), false)
 5 SYSTEMPATH\Boot.php(334): CodeIgniter\CodeIgniter->run()
 6 SYSTEMPATH\Boot.php(67): CodeIgniter\Boot::runCodeIgniter(Object(CodeIgniter\CodeIgniter))
 7 FCPATH\index.php(56): CodeIgniter\Boot::bootWeb(Object(Config\Paths))
WARNING - 2025-03-13 03:24:16 --> [DEPRECATED] Creation of dynamic property SysAdmin\Controllers\Persons::$nav_mold is deprecated in ROOTPATH\SysAdmin\Controllers\Persons.php on line 15.
 1 SYSTEMPATH\CodeIgniter.php(903): SysAdmin\Controllers\Persons->__construct()
 2 SYSTEMPATH\CodeIgniter.php(498): CodeIgniter\CodeIgniter->createController()
 3 SYSTEMPATH\CodeIgniter.php(354): CodeIgniter\CodeIgniter->handleRequest(null, Object(Config\Cache), false)
 4 SYSTEMPATH\Boot.php(334): CodeIgniter\CodeIgniter->run()
 5 SYSTEMPATH\Boot.php(67): CodeIgniter\Boot::runCodeIgniter(Object(CodeIgniter\CodeIgniter))
 6 FCPATH\index.php(56): CodeIgniter\Boot::bootWeb(Object(Config\Paths))
WARNING - 2025-03-13 03:24:16 --> [DEPRECATED] Creation of dynamic property SysAdmin\Controllers\Persons::$PersonsModel is deprecated in ROOTPATH\SysAdmin\Controllers\Persons.php on line 20.
 1 SYSTEMPATH\CodeIgniter.php(903): SysAdmin\Controllers\Persons->__construct()
 2 SYSTEMPATH\CodeIgniter.php(498): CodeIgniter\CodeIgniter->createController()
 3 SYSTEMPATH\CodeIgniter.php(354): CodeIgniter\CodeIgniter->handleRequest(null, Object(Config\Cache), false)
 4 SYSTEMPATH\Boot.php(334): CodeIgniter\CodeIgniter->run()
 5 SYSTEMPATH\Boot.php(67): CodeIgniter\Boot::runCodeIgniter(Object(CodeIgniter\CodeIgniter))
 6 FCPATH\index.php(56): CodeIgniter\Boot::bootWeb(Object(Config\Paths))
DEBUG - 2025-03-13 03:24:18 --> Session: Class initialized using 'CodeIgniter\Session\Handlers\FileHandler' driver.
WARNING - 2025-03-13 03:24:18 --> [DEPRECATED] Creation of dynamic property SysAdmin\Controllers\Persons::$session is deprecated in ROOTPATH\SysAdmin\Controllers\BaseController.php on line 51.
 1 ROOTPATH\SysAdmin\Controllers\Persons.php(8): SysAdmin\Controllers\BaseController->__construct()
 2 SYSTEMPATH\CodeIgniter.php(903): SysAdmin\Controllers\Persons->__construct()
 3 SYSTEMPATH\CodeIgniter.php(498): CodeIgniter\CodeIgniter->createController()
 4 SYSTEMPATH\CodeIgniter.php(354): CodeIgniter\CodeIgniter->handleRequest(null, Object(Config\Cache), false)
 5 SYSTEMPATH\Boot.php(334): CodeIgniter\CodeIgniter->run()
 6 SYSTEMPATH\Boot.php(67): CodeIgniter\Boot::runCodeIgniter(Object(CodeIgniter\CodeIgniter))
 7 FCPATH\index.php(56): CodeIgniter\Boot::bootWeb(Object(Config\Paths))
WARNING - 2025-03-13 03:24:18 --> [DEPRECATED] Creation of dynamic property SysAdmin\Controllers\Persons::$encrypter is deprecated in ROOTPATH\SysAdmin\Controllers\BaseController.php on line 52.
 1 ROOTPATH\SysAdmin\Controllers\Persons.php(8): SysAdmin\Controllers\BaseController->__construct()
 2 SYSTEMPATH\CodeIgniter.php(903): SysAdmin\Controllers\Persons->__construct()
 3 SYSTEMPATH\CodeIgniter.php(498): CodeIgniter\CodeIgniter->createController()
 4 SYSTEMPATH\CodeIgniter.php(354): CodeIgniter\CodeIgniter->handleRequest(null, Object(Config\Cache), false)
 5 SYSTEMPATH\Boot.php(334): CodeIgniter\CodeIgniter->run()
 6 SYSTEMPATH\Boot.php(67): CodeIgniter\Boot::runCodeIgniter(Object(CodeIgniter\CodeIgniter))
 7 FCPATH\index.php(56): CodeIgniter\Boot::bootWeb(Object(Config\Paths))
WARNING - 2025-03-13 03:24:18 --> [DEPRECATED] Creation of dynamic property SysAdmin\Controllers\Persons::$nav_mold is deprecated in ROOTPATH\SysAdmin\Controllers\Persons.php on line 15.
 1 SYSTEMPATH\CodeIgniter.php(903): SysAdmin\Controllers\Persons->__construct()
 2 SYSTEMPATH\CodeIgniter.php(498): CodeIgniter\CodeIgniter->createController()
 3 SYSTEMPATH\CodeIgniter.php(354): CodeIgniter\CodeIgniter->handleRequest(null, Object(Config\Cache), false)
 4 SYSTEMPATH\Boot.php(334): CodeIgniter\CodeIgniter->run()
 5 SYSTEMPATH\Boot.php(67): CodeIgniter\Boot::runCodeIgniter(Object(CodeIgniter\CodeIgniter))
 6 FCPATH\index.php(56): CodeIgniter\Boot::bootWeb(Object(Config\Paths))
WARNING - 2025-03-13 03:24:18 --> [DEPRECATED] Creation of dynamic property SysAdmin\Controllers\Persons::$PersonsModel is deprecated in ROOTPATH\SysAdmin\Controllers\Persons.php on line 20.
 1 SYSTEMPATH\CodeIgniter.php(903): SysAdmin\Controllers\Persons->__construct()
 2 SYSTEMPATH\CodeIgniter.php(498): CodeIgniter\CodeIgniter->createController()
 3 SYSTEMPATH\CodeIgniter.php(354): CodeIgniter\CodeIgniter->handleRequest(null, Object(Config\Cache), false)
 4 SYSTEMPATH\Boot.php(334): CodeIgniter\CodeIgniter->run()
 5 SYSTEMPATH\Boot.php(67): CodeIgniter\Boot::runCodeIgniter(Object(CodeIgniter\CodeIgniter))
 6 FCPATH\index.php(56): CodeIgniter\Boot::bootWeb(Object(Config\Paths))
WARNING - 2025-03-13 03:24:18 --> [DEPRECATED] trim(): Passing null to parameter #1 ($string) of type string is deprecated in ROOTPATH\SysAdmin\Controllers\Persons.php on line 45.
 1 ROOTPATH\SysAdmin\Controllers\Persons.php(45): trim(null)
 2 ROOTPATH\SysAdmin\Controllers\Persons.php(24): SysAdmin\Controllers\Persons->condition()
 3 SYSTEMPATH\CodeIgniter.php(933): SysAdmin\Controllers\Persons->index()
 4 SYSTEMPATH\CodeIgniter.php(507): CodeIgniter\CodeIgniter->runController(Object(SysAdmin\Controllers\Persons))
 5 SYSTEMPATH\CodeIgniter.php(354): CodeIgniter\CodeIgniter->handleRequest(null, Object(Config\Cache), false)
 6 SYSTEMPATH\Boot.php(334): CodeIgniter\CodeIgniter->run()
 7 SYSTEMPATH\Boot.php(67): CodeIgniter\Boot::runCodeIgniter(Object(CodeIgniter\CodeIgniter))
 8 FCPATH\index.php(56): CodeIgniter\Boot::bootWeb(Object(Config\Paths))
WARNING - 2025-03-13 03:24:18 --> [DEPRECATED] trim(): Passing null to parameter #1 ($string) of type string is deprecated in ROOTPATH\SysAdmin\Controllers\Persons.php on line 50.
 1 ROOTPATH\SysAdmin\Controllers\Persons.php(50): trim(null)
 2 ROOTPATH\SysAdmin\Controllers\Persons.php(24): SysAdmin\Controllers\Persons->condition()
 3 SYSTEMPATH\CodeIgniter.php(933): SysAdmin\Controllers\Persons->index()
 4 SYSTEMPATH\CodeIgniter.php(507): CodeIgniter\CodeIgniter->runController(Object(SysAdmin\Controllers\Persons))
 5 SYSTEMPATH\CodeIgniter.php(354): CodeIgniter\CodeIgniter->handleRequest(null, Object(Config\Cache), false)
 6 SYSTEMPATH\Boot.php(334): CodeIgniter\CodeIgniter->run()
 7 SYSTEMPATH\Boot.php(67): CodeIgniter\Boot::runCodeIgniter(Object(CodeIgniter\CodeIgniter))
 8 FCPATH\index.php(56): CodeIgniter\Boot::bootWeb(Object(Config\Paths))
WARNING - 2025-03-13 03:24:18 --> [DEPRECATED] trim(): Passing null to parameter #1 ($string) of type string is deprecated in ROOTPATH\SysAdmin\Controllers\Persons.php on line 54.
 1 ROOTPATH\SysAdmin\Controllers\Persons.php(54): trim(null)
 2 ROOTPATH\SysAdmin\Controllers\Persons.php(24): SysAdmin\Controllers\Persons->condition()
 3 SYSTEMPATH\CodeIgniter.php(933): SysAdmin\Controllers\Persons->index()
 4 SYSTEMPATH\CodeIgniter.php(507): CodeIgniter\CodeIgniter->runController(Object(SysAdmin\Controllers\Persons))
 5 SYSTEMPATH\CodeIgniter.php(354): CodeIgniter\CodeIgniter->handleRequest(null, Object(Config\Cache), false)
 6 SYSTEMPATH\Boot.php(334): CodeIgniter\CodeIgniter->run()
 7 SYSTEMPATH\Boot.php(67): CodeIgniter\Boot::runCodeIgniter(Object(CodeIgniter\CodeIgniter))
 8 FCPATH\index.php(56): CodeIgniter\Boot::bootWeb(Object(Config\Paths))
WARNING - 2025-03-13 03:24:18 --> [DEPRECATED] trim(): Passing null to parameter #1 ($string) of type string is deprecated in ROOTPATH\SysAdmin\Controllers\Persons.php on line 58.
 1 ROOTPATH\SysAdmin\Controllers\Persons.php(58): trim(null)
 2 ROOTPATH\SysAdmin\Controllers\Persons.php(24): SysAdmin\Controllers\Persons->condition()
 3 SYSTEMPATH\CodeIgniter.php(933): SysAdmin\Controllers\Persons->index()
 4 SYSTEMPATH\CodeIgniter.php(507): CodeIgniter\CodeIgniter->runController(Object(SysAdmin\Controllers\Persons))
 5 SYSTEMPATH\CodeIgniter.php(354): CodeIgniter\CodeIgniter->handleRequest(null, Object(Config\Cache), false)
 6 SYSTEMPATH\Boot.php(334): CodeIgniter\CodeIgniter->run()
 7 SYSTEMPATH\Boot.php(67): CodeIgniter\Boot::runCodeIgniter(Object(CodeIgniter\CodeIgniter))
 8 FCPATH\index.php(56): CodeIgniter\Boot::bootWeb(Object(Config\Paths))
WARNING - 2025-03-13 03:24:18 --> [DEPRECATED] trim(): Passing null to parameter #1 ($string) of type string is deprecated in ROOTPATH\SysAdmin\Controllers\Persons.php on line 62.
 1 ROOTPATH\SysAdmin\Controllers\Persons.php(62): trim(null)
 2 ROOTPATH\SysAdmin\Controllers\Persons.php(24): SysAdmin\Controllers\Persons->condition()
 3 SYSTEMPATH\CodeIgniter.php(933): SysAdmin\Controllers\Persons->index()
 4 SYSTEMPATH\CodeIgniter.php(507): CodeIgniter\CodeIgniter->runController(Object(SysAdmin\Controllers\Persons))
 5 SYSTEMPATH\CodeIgniter.php(354): CodeIgniter\CodeIgniter->handleRequest(null, Object(Config\Cache), false)
 6 SYSTEMPATH\Boot.php(334): CodeIgniter\CodeIgniter->run()
 7 SYSTEMPATH\Boot.php(67): CodeIgniter\Boot::runCodeIgniter(Object(CodeIgniter\CodeIgniter))
 8 FCPATH\index.php(56): CodeIgniter\Boot::bootWeb(Object(Config\Paths))
DEBUG - 2025-03-13 03:25:12 --> Session: Class initialized using 'CodeIgniter\Session\Handlers\FileHandler' driver.
WARNING - 2025-03-13 03:25:12 --> [DEPRECATED] Creation of dynamic property SysAdmin\Controllers\Persons::$session is deprecated in ROOTPATH\SysAdmin\Controllers\BaseController.php on line 51.
 1 ROOTPATH\SysAdmin\Controllers\Persons.php(8): SysAdmin\Controllers\BaseController->__construct()
 2 SYSTEMPATH\CodeIgniter.php(903): SysAdmin\Controllers\Persons->__construct()
 3 SYSTEMPATH\CodeIgniter.php(498): CodeIgniter\CodeIgniter->createController()
 4 SYSTEMPATH\CodeIgniter.php(354): CodeIgniter\CodeIgniter->handleRequest(null, Object(Config\Cache), false)
 5 SYSTEMPATH\Boot.php(334): CodeIgniter\CodeIgniter->run()
 6 SYSTEMPATH\Boot.php(67): CodeIgniter\Boot::runCodeIgniter(Object(CodeIgniter\CodeIgniter))
 7 FCPATH\index.php(56): CodeIgniter\Boot::bootWeb(Object(Config\Paths))
WARNING - 2025-03-13 03:25:12 --> [DEPRECATED] Creation of dynamic property SysAdmin\Controllers\Persons::$encrypter is deprecated in ROOTPATH\SysAdmin\Controllers\BaseController.php on line 52.
 1 ROOTPATH\SysAdmin\Controllers\Persons.php(8): SysAdmin\Controllers\BaseController->__construct()
 2 SYSTEMPATH\CodeIgniter.php(903): SysAdmin\Controllers\Persons->__construct()
 3 SYSTEMPATH\CodeIgniter.php(498): CodeIgniter\CodeIgniter->createController()
 4 SYSTEMPATH\CodeIgniter.php(354): CodeIgniter\CodeIgniter->handleRequest(null, Object(Config\Cache), false)
 5 SYSTEMPATH\Boot.php(334): CodeIgniter\CodeIgniter->run()
 6 SYSTEMPATH\Boot.php(67): CodeIgniter\Boot::runCodeIgniter(Object(CodeIgniter\CodeIgniter))
 7 FCPATH\index.php(56): CodeIgniter\Boot::bootWeb(Object(Config\Paths))
WARNING - 2025-03-13 03:25:12 --> [DEPRECATED] Creation of dynamic property SysAdmin\Controllers\Persons::$nav_mold is deprecated in ROOTPATH\SysAdmin\Controllers\Persons.php on line 15.
 1 SYSTEMPATH\CodeIgniter.php(903): SysAdmin\Controllers\Persons->__construct()
 2 SYSTEMPATH\CodeIgniter.php(498): CodeIgniter\CodeIgniter->createController()
 3 SYSTEMPATH\CodeIgniter.php(354): CodeIgniter\CodeIgniter->handleRequest(null, Object(Config\Cache), false)
 4 SYSTEMPATH\Boot.php(334): CodeIgniter\CodeIgniter->run()
 5 SYSTEMPATH\Boot.php(67): CodeIgniter\Boot::runCodeIgniter(Object(CodeIgniter\CodeIgniter))
 6 FCPATH\index.php(56): CodeIgniter\Boot::bootWeb(Object(Config\Paths))
WARNING - 2025-03-13 03:25:12 --> [DEPRECATED] Creation of dynamic property SysAdmin\Controllers\Persons::$PersonsModel is deprecated in ROOTPATH\SysAdmin\Controllers\Persons.php on line 20.
 1 SYSTEMPATH\CodeIgniter.php(903): SysAdmin\Controllers\Persons->__construct()
 2 SYSTEMPATH\CodeIgniter.php(498): CodeIgniter\CodeIgniter->createController()
 3 SYSTEMPATH\CodeIgniter.php(354): CodeIgniter\CodeIgniter->handleRequest(null, Object(Config\Cache), false)
 4 SYSTEMPATH\Boot.php(334): CodeIgniter\CodeIgniter->run()
 5 SYSTEMPATH\Boot.php(67): CodeIgniter\Boot::runCodeIgniter(Object(CodeIgniter\CodeIgniter))
 6 FCPATH\index.php(56): CodeIgniter\Boot::bootWeb(Object(Config\Paths))
WARNING - 2025-03-13 03:25:12 --> [DEPRECATED] trim(): Passing null to parameter #1 ($string) of type string is deprecated in ROOTPATH\SysAdmin\Controllers\Persons.php on line 45.
 1 ROOTPATH\SysAdmin\Controllers\Persons.php(45): trim(null)
 2 ROOTPATH\SysAdmin\Controllers\Persons.php(24): SysAdmin\Controllers\Persons->condition()
 3 SYSTEMPATH\CodeIgniter.php(933): SysAdmin\Controllers\Persons->index()
 4 SYSTEMPATH\CodeIgniter.php(507): CodeIgniter\CodeIgniter->runController(Object(SysAdmin\Controllers\Persons))
 5 SYSTEMPATH\CodeIgniter.php(354): CodeIgniter\CodeIgniter->handleRequest(null, Object(Config\Cache), false)
 6 SYSTEMPATH\Boot.php(334): CodeIgniter\CodeIgniter->run()
 7 SYSTEMPATH\Boot.php(67): CodeIgniter\Boot::runCodeIgniter(Object(CodeIgniter\CodeIgniter))
 8 FCPATH\index.php(56): CodeIgniter\Boot::bootWeb(Object(Config\Paths))
WARNING - 2025-03-13 03:25:12 --> [DEPRECATED] trim(): Passing null to parameter #1 ($string) of type string is deprecated in ROOTPATH\SysAdmin\Controllers\Persons.php on line 50.
 1 ROOTPATH\SysAdmin\Controllers\Persons.php(50): trim(null)
 2 ROOTPATH\SysAdmin\Controllers\Persons.php(24): SysAdmin\Controllers\Persons->condition()
 3 SYSTEMPATH\CodeIgniter.php(933): SysAdmin\Controllers\Persons->index()
 4 SYSTEMPATH\CodeIgniter.php(507): CodeIgniter\CodeIgniter->runController(Object(SysAdmin\Controllers\Persons))
 5 SYSTEMPATH\CodeIgniter.php(354): CodeIgniter\CodeIgniter->handleRequest(null, Object(Config\Cache), false)
 6 SYSTEMPATH\Boot.php(334): CodeIgniter\CodeIgniter->run()
 7 SYSTEMPATH\Boot.php(67): CodeIgniter\Boot::runCodeIgniter(Object(CodeIgniter\CodeIgniter))
 8 FCPATH\index.php(56): CodeIgniter\Boot::bootWeb(Object(Config\Paths))
WARNING - 2025-03-13 03:25:12 --> [DEPRECATED] trim(): Passing null to parameter #1 ($string) of type string is deprecated in ROOTPATH\SysAdmin\Controllers\Persons.php on line 54.
 1 ROOTPATH\SysAdmin\Controllers\Persons.php(54): trim(null)
 2 ROOTPATH\SysAdmin\Controllers\Persons.php(24): SysAdmin\Controllers\Persons->condition()
 3 SYSTEMPATH\CodeIgniter.php(933): SysAdmin\Controllers\Persons->index()
 4 SYSTEMPATH\CodeIgniter.php(507): CodeIgniter\CodeIgniter->runController(Object(SysAdmin\Controllers\Persons))
 5 SYSTEMPATH\CodeIgniter.php(354): CodeIgniter\CodeIgniter->handleRequest(null, Object(Config\Cache), false)
 6 SYSTEMPATH\Boot.php(334): CodeIgniter\CodeIgniter->run()
 7 SYSTEMPATH\Boot.php(67): CodeIgniter\Boot::runCodeIgniter(Object(CodeIgniter\CodeIgniter))
 8 FCPATH\index.php(56): CodeIgniter\Boot::bootWeb(Object(Config\Paths))
WARNING - 2025-03-13 03:25:12 --> [DEPRECATED] trim(): Passing null to parameter #1 ($string) of type string is deprecated in ROOTPATH\SysAdmin\Controllers\Persons.php on line 58.
 1 ROOTPATH\SysAdmin\Controllers\Persons.php(58): trim(null)
 2 ROOTPATH\SysAdmin\Controllers\Persons.php(24): SysAdmin\Controllers\Persons->condition()
 3 SYSTEMPATH\CodeIgniter.php(933): SysAdmin\Controllers\Persons->index()
 4 SYSTEMPATH\CodeIgniter.php(507): CodeIgniter\CodeIgniter->runController(Object(SysAdmin\Controllers\Persons))
 5 SYSTEMPATH\CodeIgniter.php(354): CodeIgniter\CodeIgniter->handleRequest(null, Object(Config\Cache), false)
 6 SYSTEMPATH\Boot.php(334): CodeIgniter\CodeIgniter->run()
 7 SYSTEMPATH\Boot.php(67): CodeIgniter\Boot::runCodeIgniter(Object(CodeIgniter\CodeIgniter))
 8 FCPATH\index.php(56): CodeIgniter\Boot::bootWeb(Object(Config\Paths))
WARNING - 2025-03-13 03:25:12 --> [DEPRECATED] trim(): Passing null to parameter #1 ($string) of type string is deprecated in ROOTPATH\SysAdmin\Controllers\Persons.php on line 62.
 1 ROOTPATH\SysAdmin\Controllers\Persons.php(62): trim(null)
 2 ROOTPATH\SysAdmin\Controllers\Persons.php(24): SysAdmin\Controllers\Persons->condition()
 3 SYSTEMPATH\CodeIgniter.php(933): SysAdmin\Controllers\Persons->index()
 4 SYSTEMPATH\CodeIgniter.php(507): CodeIgniter\CodeIgniter->runController(Object(SysAdmin\Controllers\Persons))
 5 SYSTEMPATH\CodeIgniter.php(354): CodeIgniter\CodeIgniter->handleRequest(null, Object(Config\Cache), false)
 6 SYSTEMPATH\Boot.php(334): CodeIgniter\CodeIgniter->run()
 7 SYSTEMPATH\Boot.php(67): CodeIgniter\Boot::runCodeIgniter(Object(CodeIgniter\CodeIgniter))
 8 FCPATH\index.php(56): CodeIgniter\Boot::bootWeb(Object(Config\Paths))
DEBUG - 2025-03-13 03:25:55 --> Session: Class initialized using 'CodeIgniter\Session\Handlers\FileHandler' driver.
WARNING - 2025-03-13 03:25:55 --> [DEPRECATED] Creation of dynamic property SysAdmin\Controllers\Department::$session is deprecated in ROOTPATH\SysAdmin\Controllers\BaseController.php on line 51.
 1 ROOTPATH\SysAdmin\Controllers\Department.php(7): SysAdmin\Controllers\BaseController->__construct()
 2 SYSTEMPATH\CodeIgniter.php(903): SysAdmin\Controllers\Department->__construct()
 3 SYSTEMPATH\CodeIgniter.php(498): CodeIgniter\CodeIgniter->createController()
 4 SYSTEMPATH\CodeIgniter.php(354): CodeIgniter\CodeIgniter->handleRequest(null, Object(Config\Cache), false)
 5 SYSTEMPATH\Boot.php(334): CodeIgniter\CodeIgniter->run()
 6 SYSTEMPATH\Boot.php(67): CodeIgniter\Boot::runCodeIgniter(Object(CodeIgniter\CodeIgniter))
 7 FCPATH\index.php(56): CodeIgniter\Boot::bootWeb(Object(Config\Paths))
WARNING - 2025-03-13 03:25:55 --> [DEPRECATED] Creation of dynamic property SysAdmin\Controllers\Department::$encrypter is deprecated in ROOTPATH\SysAdmin\Controllers\BaseController.php on line 52.
 1 ROOTPATH\SysAdmin\Controllers\Department.php(7): SysAdmin\Controllers\BaseController->__construct()
 2 SYSTEMPATH\CodeIgniter.php(903): SysAdmin\Controllers\Department->__construct()
 3 SYSTEMPATH\CodeIgniter.php(498): CodeIgniter\CodeIgniter->createController()
 4 SYSTEMPATH\CodeIgniter.php(354): CodeIgniter\CodeIgniter->handleRequest(null, Object(Config\Cache), false)
 5 SYSTEMPATH\Boot.php(334): CodeIgniter\CodeIgniter->run()
 6 SYSTEMPATH\Boot.php(67): CodeIgniter\Boot::runCodeIgniter(Object(CodeIgniter\CodeIgniter))
 7 FCPATH\index.php(56): CodeIgniter\Boot::bootWeb(Object(Config\Paths))
WARNING - 2025-03-13 03:25:55 --> [DEPRECATED] Creation of dynamic property SysAdmin\Controllers\Department::$nav_mold is deprecated in ROOTPATH\SysAdmin\Controllers\Department.php on line 15.
 1 SYSTEMPATH\CodeIgniter.php(903): SysAdmin\Controllers\Department->__construct()
 2 SYSTEMPATH\CodeIgniter.php(498): CodeIgniter\CodeIgniter->createController()
 3 SYSTEMPATH\CodeIgniter.php(354): CodeIgniter\CodeIgniter->handleRequest(null, Object(Config\Cache), false)
 4 SYSTEMPATH\Boot.php(334): CodeIgniter\CodeIgniter->run()
 5 SYSTEMPATH\Boot.php(67): CodeIgniter\Boot::runCodeIgniter(Object(CodeIgniter\CodeIgniter))
 6 FCPATH\index.php(56): CodeIgniter\Boot::bootWeb(Object(Config\Paths))
WARNING - 2025-03-13 03:25:55 --> [DEPRECATED] Creation of dynamic property SysAdmin\Controllers\Department::$DepartmentModel is deprecated in ROOTPATH\SysAdmin\Controllers\Department.php on line 20.
 1 SYSTEMPATH\CodeIgniter.php(903): SysAdmin\Controllers\Department->__construct()
 2 SYSTEMPATH\CodeIgniter.php(498): CodeIgniter\CodeIgniter->createController()
 3 SYSTEMPATH\CodeIgniter.php(354): CodeIgniter\CodeIgniter->handleRequest(null, Object(Config\Cache), false)
 4 SYSTEMPATH\Boot.php(334): CodeIgniter\CodeIgniter->run()
 5 SYSTEMPATH\Boot.php(67): CodeIgniter\Boot::runCodeIgniter(Object(CodeIgniter\CodeIgniter))
 6 FCPATH\index.php(56): CodeIgniter\Boot::bootWeb(Object(Config\Paths))
WARNING - 2025-03-13 03:25:55 --> [DEPRECATED] trim(): Passing null to parameter #1 ($string) of type string is deprecated in ROOTPATH\SysAdmin\Controllers\Department.php on line 44.
 1 ROOTPATH\SysAdmin\Controllers\Department.php(44): trim(null)
 2 ROOTPATH\SysAdmin\Controllers\Department.php(24): SysAdmin\Controllers\Department->condition()
 3 SYSTEMPATH\CodeIgniter.php(933): SysAdmin\Controllers\Department->index()
 4 SYSTEMPATH\CodeIgniter.php(507): CodeIgniter\CodeIgniter->runController(Object(SysAdmin\Controllers\Department))
 5 SYSTEMPATH\CodeIgniter.php(354): CodeIgniter\CodeIgniter->handleRequest(null, Object(Config\Cache), false)
 6 SYSTEMPATH\Boot.php(334): CodeIgniter\CodeIgniter->run()
 7 SYSTEMPATH\Boot.php(67): CodeIgniter\Boot::runCodeIgniter(Object(CodeIgniter\CodeIgniter))
 8 FCPATH\index.php(56): CodeIgniter\Boot::bootWeb(Object(Config\Paths))
WARNING - 2025-03-13 03:25:55 --> [DEPRECATED] trim(): Passing null to parameter #1 ($string) of type string is deprecated in ROOTPATH\SysAdmin\Controllers\Department.php on line 49.
 1 ROOTPATH\SysAdmin\Controllers\Department.php(49): trim(null)
 2 ROOTPATH\SysAdmin\Controllers\Department.php(24): SysAdmin\Controllers\Department->condition()
 3 SYSTEMPATH\CodeIgniter.php(933): SysAdmin\Controllers\Department->index()
 4 SYSTEMPATH\CodeIgniter.php(507): CodeIgniter\CodeIgniter->runController(Object(SysAdmin\Controllers\Department))
 5 SYSTEMPATH\CodeIgniter.php(354): CodeIgniter\CodeIgniter->handleRequest(null, Object(Config\Cache), false)
 6 SYSTEMPATH\Boot.php(334): CodeIgniter\CodeIgniter->run()
 7 SYSTEMPATH\Boot.php(67): CodeIgniter\Boot::runCodeIgniter(Object(CodeIgniter\CodeIgniter))
 8 FCPATH\index.php(56): CodeIgniter\Boot::bootWeb(Object(Config\Paths))
WARNING - 2025-03-13 03:25:55 --> [DEPRECATED] trim(): Passing null to parameter #1 ($string) of type string is deprecated in ROOTPATH\SysAdmin\Controllers\Department.php on line 53.
 1 ROOTPATH\SysAdmin\Controllers\Department.php(53): trim(null)
 2 ROOTPATH\SysAdmin\Controllers\Department.php(24): SysAdmin\Controllers\Department->condition()
 3 SYSTEMPATH\CodeIgniter.php(933): SysAdmin\Controllers\Department->index()
 4 SYSTEMPATH\CodeIgniter.php(507): CodeIgniter\CodeIgniter->runController(Object(SysAdmin\Controllers\Department))
 5 SYSTEMPATH\CodeIgniter.php(354): CodeIgniter\CodeIgniter->handleRequest(null, Object(Config\Cache), false)
 6 SYSTEMPATH\Boot.php(334): CodeIgniter\CodeIgniter->run()
 7 SYSTEMPATH\Boot.php(67): CodeIgniter\Boot::runCodeIgniter(Object(CodeIgniter\CodeIgniter))
 8 FCPATH\index.php(56): CodeIgniter\Boot::bootWeb(Object(Config\Paths))
DEBUG - 2025-03-13 03:27:20 --> Session: Class initialized using 'CodeIgniter\Session\Handlers\FileHandler' driver.
WARNING - 2025-03-13 03:27:20 --> [DEPRECATED] Creation of dynamic property SysAdmin\Controllers\Site::$session is deprecated in ROOTPATH\SysAdmin\Controllers\BaseController.php on line 51.
 1 ROOTPATH\SysAdmin\Controllers\Site.php(14): SysAdmin\Controllers\BaseController->__construct()
 2 SYSTEMPATH\CodeIgniter.php(903): SysAdmin\Controllers\Site->__construct()
 3 SYSTEMPATH\CodeIgniter.php(498): CodeIgniter\CodeIgniter->createController()
 4 SYSTEMPATH\CodeIgniter.php(354): CodeIgniter\CodeIgniter->handleRequest(null, Object(Config\Cache), false)
 5 SYSTEMPATH\Boot.php(334): CodeIgniter\CodeIgniter->run()
 6 SYSTEMPATH\Boot.php(67): CodeIgniter\Boot::runCodeIgniter(Object(CodeIgniter\CodeIgniter))
 7 FCPATH\index.php(56): CodeIgniter\Boot::bootWeb(Object(Config\Paths))
WARNING - 2025-03-13 03:27:20 --> [DEPRECATED] Creation of dynamic property SysAdmin\Controllers\Site::$encrypter is deprecated in ROOTPATH\SysAdmin\Controllers\BaseController.php on line 52.
 1 ROOTPATH\SysAdmin\Controllers\Site.php(14): SysAdmin\Controllers\BaseController->__construct()
 2 SYSTEMPATH\CodeIgniter.php(903): SysAdmin\Controllers\Site->__construct()
 3 SYSTEMPATH\CodeIgniter.php(498): CodeIgniter\CodeIgniter->createController()
 4 SYSTEMPATH\CodeIgniter.php(354): CodeIgniter\CodeIgniter->handleRequest(null, Object(Config\Cache), false)
 5 SYSTEMPATH\Boot.php(334): CodeIgniter\CodeIgniter->run()
 6 SYSTEMPATH\Boot.php(67): CodeIgniter\Boot::runCodeIgniter(Object(CodeIgniter\CodeIgniter))
 7 FCPATH\index.php(56): CodeIgniter\Boot::bootWeb(Object(Config\Paths))
WARNING - 2025-03-13 03:27:20 --> [DEPRECATED] Creation of dynamic property SysAdmin\Controllers\Site::$nav_mold is deprecated in ROOTPATH\SysAdmin\Controllers\Site.php on line 16.
 1 SYSTEMPATH\CodeIgniter.php(903): SysAdmin\Controllers\Site->__construct()
 2 SYSTEMPATH\CodeIgniter.php(498): CodeIgniter\CodeIgniter->createController()
 3 SYSTEMPATH\CodeIgniter.php(354): CodeIgniter\CodeIgniter->handleRequest(null, Object(Config\Cache), false)
 4 SYSTEMPATH\Boot.php(334): CodeIgniter\CodeIgniter->run()
 5 SYSTEMPATH\Boot.php(67): CodeIgniter\Boot::runCodeIgniter(Object(CodeIgniter\CodeIgniter))
 6 FCPATH\index.php(56): CodeIgniter\Boot::bootWeb(Object(Config\Paths))
WARNING - 2025-03-13 03:27:20 --> [DEPRECATED] Creation of dynamic property SysAdmin\Controllers\Site::$SiteModel is deprecated in ROOTPATH\SysAdmin\Controllers\Site.php on line 20.
 1 SYSTEMPATH\CodeIgniter.php(903): SysAdmin\Controllers\Site->__construct()
 2 SYSTEMPATH\CodeIgniter.php(498): CodeIgniter\CodeIgniter->createController()
 3 SYSTEMPATH\CodeIgniter.php(354): CodeIgniter\CodeIgniter->handleRequest(null, Object(Config\Cache), false)
 4 SYSTEMPATH\Boot.php(334): CodeIgniter\CodeIgniter->run()
 5 SYSTEMPATH\Boot.php(67): CodeIgniter\Boot::runCodeIgniter(Object(CodeIgniter\CodeIgniter))
 6 FCPATH\index.php(56): CodeIgniter\Boot::bootWeb(Object(Config\Paths))
DEBUG - 2025-03-13 03:29:48 --> Session: Class initialized using 'CodeIgniter\Session\Handlers\FileHandler' driver.
WARNING - 2025-03-13 03:29:48 --> [DEPRECATED] Creation of dynamic property SysAdmin\Controllers\Role::$session is deprecated in ROOTPATH\SysAdmin\Controllers\BaseController.php on line 51.
 1 ROOTPATH\SysAdmin\Controllers\Role.php(12): SysAdmin\Controllers\BaseController->__construct()
 2 SYSTEMPATH\CodeIgniter.php(903): SysAdmin\Controllers\Role->__construct()
 3 SYSTEMPATH\CodeIgniter.php(498): CodeIgniter\CodeIgniter->createController()
 4 SYSTEMPATH\CodeIgniter.php(354): CodeIgniter\CodeIgniter->handleRequest(null, Object(Config\Cache), false)
 5 SYSTEMPATH\Boot.php(334): CodeIgniter\CodeIgniter->run()
 6 SYSTEMPATH\Boot.php(67): CodeIgniter\Boot::runCodeIgniter(Object(CodeIgniter\CodeIgniter))
 7 FCPATH\index.php(56): CodeIgniter\Boot::bootWeb(Object(Config\Paths))
WARNING - 2025-03-13 03:29:48 --> [DEPRECATED] Creation of dynamic property SysAdmin\Controllers\Role::$encrypter is deprecated in ROOTPATH\SysAdmin\Controllers\BaseController.php on line 52.
 1 ROOTPATH\SysAdmin\Controllers\Role.php(12): SysAdmin\Controllers\BaseController->__construct()
 2 SYSTEMPATH\CodeIgniter.php(903): SysAdmin\Controllers\Role->__construct()
 3 SYSTEMPATH\CodeIgniter.php(498): CodeIgniter\CodeIgniter->createController()
 4 SYSTEMPATH\CodeIgniter.php(354): CodeIgniter\CodeIgniter->handleRequest(null, Object(Config\Cache), false)
 5 SYSTEMPATH\Boot.php(334): CodeIgniter\CodeIgniter->run()
 6 SYSTEMPATH\Boot.php(67): CodeIgniter\Boot::runCodeIgniter(Object(CodeIgniter\CodeIgniter))
 7 FCPATH\index.php(56): CodeIgniter\Boot::bootWeb(Object(Config\Paths))
WARNING - 2025-03-13 03:29:48 --> [DEPRECATED] Creation of dynamic property SysAdmin\Controllers\Role::$nav_mold is deprecated in ROOTPATH\SysAdmin\Controllers\Role.php on line 13.
 1 SYSTEMPATH\CodeIgniter.php(903): SysAdmin\Controllers\Role->__construct()
 2 SYSTEMPATH\CodeIgniter.php(498): CodeIgniter\CodeIgniter->createController()
 3 SYSTEMPATH\CodeIgniter.php(354): CodeIgniter\CodeIgniter->handleRequest(null, Object(Config\Cache), false)
 4 SYSTEMPATH\Boot.php(334): CodeIgniter\CodeIgniter->run()
 5 SYSTEMPATH\Boot.php(67): CodeIgniter\Boot::runCodeIgniter(Object(CodeIgniter\CodeIgniter))
 6 FCPATH\index.php(56): CodeIgniter\Boot::bootWeb(Object(Config\Paths))
WARNING - 2025-03-13 03:29:48 --> [DEPRECATED] Optional parameter $id declared before required parameter $data is implicitly treated as a required parameter in ROOTPATH\SysAdmin\Models\Admin\RoleModel.php on line 34.
 1 SYSTEMPATH\Autoloader\Autoloader.php(316): include_once('E:\\web\\XAMPP\\htdocs\\test\\system\\Debug\\Exceptions.php')
 2 SYSTEMPATH\Autoloader\Autoloader.php(295): CodeIgniter\Autoloader\Autoloader->includeFile('E:\\web\\XAMPP\\htdocs\\test\\SysAdmin\\Models\\Admin\\RoleModel.php')
 3 SYSTEMPATH\Autoloader\Autoloader.php(271): CodeIgniter\Autoloader\Autoloader->loadInNamespace('SysAdmin\\Models\\Admin\\RoleModel')
 4 ROOTPATH\SysAdmin\Controllers\Role.php(93): CodeIgniter\Autoloader\Autoloader->loadClass('SysAdmin\\Models\\Admin\\RoleModel')
 5 SYSTEMPATH\CodeIgniter.php(933): SysAdmin\Controllers\Role->index()
 6 SYSTEMPATH\CodeIgniter.php(507): CodeIgniter\CodeIgniter->runController(Object(SysAdmin\Controllers\Role))
 7 SYSTEMPATH\CodeIgniter.php(354): CodeIgniter\CodeIgniter->handleRequest(null, Object(Config\Cache), false)
 8 SYSTEMPATH\Boot.php(334): CodeIgniter\CodeIgniter->run()
 9 SYSTEMPATH\Boot.php(67): CodeIgniter\Boot::runCodeIgniter(Object(CodeIgniter\CodeIgniter))
10 FCPATH\index.php(56): CodeIgniter\Boot::bootWeb(Object(Config\Paths))
DEBUG - 2025-03-13 03:29:53 --> Session: Class initialized using 'CodeIgniter\Session\Handlers\FileHandler' driver.
WARNING - 2025-03-13 03:29:53 --> [DEPRECATED] Creation of dynamic property SysAdmin\Controllers\Role::$session is deprecated in ROOTPATH\SysAdmin\Controllers\BaseController.php on line 51.
 1 ROOTPATH\SysAdmin\Controllers\Role.php(12): SysAdmin\Controllers\BaseController->__construct()
 2 SYSTEMPATH\CodeIgniter.php(903): SysAdmin\Controllers\Role->__construct()
 3 SYSTEMPATH\CodeIgniter.php(498): CodeIgniter\CodeIgniter->createController()
 4 SYSTEMPATH\CodeIgniter.php(354): CodeIgniter\CodeIgniter->handleRequest(null, Object(Config\Cache), false)
 5 SYSTEMPATH\Boot.php(334): CodeIgniter\CodeIgniter->run()
 6 SYSTEMPATH\Boot.php(67): CodeIgniter\Boot::runCodeIgniter(Object(CodeIgniter\CodeIgniter))
 7 FCPATH\index.php(56): CodeIgniter\Boot::bootWeb(Object(Config\Paths))
WARNING - 2025-03-13 03:29:53 --> [DEPRECATED] Creation of dynamic property SysAdmin\Controllers\Role::$encrypter is deprecated in ROOTPATH\SysAdmin\Controllers\BaseController.php on line 52.
 1 ROOTPATH\SysAdmin\Controllers\Role.php(12): SysAdmin\Controllers\BaseController->__construct()
 2 SYSTEMPATH\CodeIgniter.php(903): SysAdmin\Controllers\Role->__construct()
 3 SYSTEMPATH\CodeIgniter.php(498): CodeIgniter\CodeIgniter->createController()
 4 SYSTEMPATH\CodeIgniter.php(354): CodeIgniter\CodeIgniter->handleRequest(null, Object(Config\Cache), false)
 5 SYSTEMPATH\Boot.php(334): CodeIgniter\CodeIgniter->run()
 6 SYSTEMPATH\Boot.php(67): CodeIgniter\Boot::runCodeIgniter(Object(CodeIgniter\CodeIgniter))
 7 FCPATH\index.php(56): CodeIgniter\Boot::bootWeb(Object(Config\Paths))
WARNING - 2025-03-13 03:29:53 --> [DEPRECATED] Creation of dynamic property SysAdmin\Controllers\Role::$nav_mold is deprecated in ROOTPATH\SysAdmin\Controllers\Role.php on line 13.
 1 SYSTEMPATH\CodeIgniter.php(903): SysAdmin\Controllers\Role->__construct()
 2 SYSTEMPATH\CodeIgniter.php(498): CodeIgniter\CodeIgniter->createController()
 3 SYSTEMPATH\CodeIgniter.php(354): CodeIgniter\CodeIgniter->handleRequest(null, Object(Config\Cache), false)
 4 SYSTEMPATH\Boot.php(334): CodeIgniter\CodeIgniter->run()
 5 SYSTEMPATH\Boot.php(67): CodeIgniter\Boot::runCodeIgniter(Object(CodeIgniter\CodeIgniter))
 6 FCPATH\index.php(56): CodeIgniter\Boot::bootWeb(Object(Config\Paths))
WARNING - 2025-03-13 03:29:53 --> [DEPRECATED] Optional parameter $id declared before required parameter $data is implicitly treated as a required parameter in ROOTPATH\SysAdmin\Models\Admin\RoleModel.php on line 34.
 1 SYSTEMPATH\Autoloader\Autoloader.php(316): include_once('E:\\web\\XAMPP\\htdocs\\test\\system\\Debug\\Exceptions.php')
 2 SYSTEMPATH\Autoloader\Autoloader.php(295): CodeIgniter\Autoloader\Autoloader->includeFile('E:\\web\\XAMPP\\htdocs\\test\\SysAdmin\\Models\\Admin\\RoleModel.php')
 3 SYSTEMPATH\Autoloader\Autoloader.php(271): CodeIgniter\Autoloader\Autoloader->loadInNamespace('SysAdmin\\Models\\Admin\\RoleModel')
 4 ROOTPATH\SysAdmin\Controllers\Role.php(106): CodeIgniter\Autoloader\Autoloader->loadClass('SysAdmin\\Models\\Admin\\RoleModel')
 5 SYSTEMPATH\CodeIgniter.php(933): SysAdmin\Controllers\Role->roleForm()
 6 SYSTEMPATH\CodeIgniter.php(507): CodeIgniter\CodeIgniter->runController(Object(SysAdmin\Controllers\Role))
 7 SYSTEMPATH\CodeIgniter.php(354): CodeIgniter\CodeIgniter->handleRequest(null, Object(Config\Cache), false)
 8 SYSTEMPATH\Boot.php(334): CodeIgniter\CodeIgniter->run()
 9 SYSTEMPATH\Boot.php(67): CodeIgniter\Boot::runCodeIgniter(Object(CodeIgniter\CodeIgniter))
10 FCPATH\index.php(56): CodeIgniter\Boot::bootWeb(Object(Config\Paths))
DEBUG - 2025-03-13 03:30:15 --> Session: Class initialized using 'CodeIgniter\Session\Handlers\FileHandler' driver.
WARNING - 2025-03-13 03:30:15 --> [DEPRECATED] Creation of dynamic property SysAdmin\Controllers\Role::$session is deprecated in ROOTPATH\SysAdmin\Controllers\BaseController.php on line 51.
 1 ROOTPATH\SysAdmin\Controllers\Role.php(12): SysAdmin\Controllers\BaseController->__construct()
 2 SYSTEMPATH\CodeIgniter.php(903): SysAdmin\Controllers\Role->__construct()
 3 SYSTEMPATH\CodeIgniter.php(498): CodeIgniter\CodeIgniter->createController()
 4 SYSTEMPATH\CodeIgniter.php(354): CodeIgniter\CodeIgniter->handleRequest(null, Object(Config\Cache), false)
 5 SYSTEMPATH\Boot.php(334): CodeIgniter\CodeIgniter->run()
 6 SYSTEMPATH\Boot.php(67): CodeIgniter\Boot::runCodeIgniter(Object(CodeIgniter\CodeIgniter))
 7 FCPATH\index.php(56): CodeIgniter\Boot::bootWeb(Object(Config\Paths))
WARNING - 2025-03-13 03:30:15 --> [DEPRECATED] Creation of dynamic property SysAdmin\Controllers\Role::$encrypter is deprecated in ROOTPATH\SysAdmin\Controllers\BaseController.php on line 52.
 1 ROOTPATH\SysAdmin\Controllers\Role.php(12): SysAdmin\Controllers\BaseController->__construct()
 2 SYSTEMPATH\CodeIgniter.php(903): SysAdmin\Controllers\Role->__construct()
 3 SYSTEMPATH\CodeIgniter.php(498): CodeIgniter\CodeIgniter->createController()
 4 SYSTEMPATH\CodeIgniter.php(354): CodeIgniter\CodeIgniter->handleRequest(null, Object(Config\Cache), false)
 5 SYSTEMPATH\Boot.php(334): CodeIgniter\CodeIgniter->run()
 6 SYSTEMPATH\Boot.php(67): CodeIgniter\Boot::runCodeIgniter(Object(CodeIgniter\CodeIgniter))
 7 FCPATH\index.php(56): CodeIgniter\Boot::bootWeb(Object(Config\Paths))
WARNING - 2025-03-13 03:30:15 --> [DEPRECATED] Creation of dynamic property SysAdmin\Controllers\Role::$nav_mold is deprecated in ROOTPATH\SysAdmin\Controllers\Role.php on line 13.
 1 SYSTEMPATH\CodeIgniter.php(903): SysAdmin\Controllers\Role->__construct()
 2 SYSTEMPATH\CodeIgniter.php(498): CodeIgniter\CodeIgniter->createController()
 3 SYSTEMPATH\CodeIgniter.php(354): CodeIgniter\CodeIgniter->handleRequest(null, Object(Config\Cache), false)
 4 SYSTEMPATH\Boot.php(334): CodeIgniter\CodeIgniter->run()
 5 SYSTEMPATH\Boot.php(67): CodeIgniter\Boot::runCodeIgniter(Object(CodeIgniter\CodeIgniter))
 6 FCPATH\index.php(56): CodeIgniter\Boot::bootWeb(Object(Config\Paths))
WARNING - 2025-03-13 03:30:15 --> [DEPRECATED] Optional parameter $id declared before required parameter $data is implicitly treated as a required parameter in ROOTPATH\SysAdmin\Models\Admin\RoleModel.php on line 34.
 1 SYSTEMPATH\Autoloader\Autoloader.php(316): include_once('E:\\web\\XAMPP\\htdocs\\test\\system\\Debug\\Exceptions.php')
 2 SYSTEMPATH\Autoloader\Autoloader.php(295): CodeIgniter\Autoloader\Autoloader->includeFile('E:\\web\\XAMPP\\htdocs\\test\\SysAdmin\\Models\\Admin\\RoleModel.php')
 3 SYSTEMPATH\Autoloader\Autoloader.php(271): CodeIgniter\Autoloader\Autoloader->loadInNamespace('SysAdmin\\Models\\Admin\\RoleModel')
 4 ROOTPATH\SysAdmin\Controllers\Role.php(30): CodeIgniter\Autoloader\Autoloader->loadClass('SysAdmin\\Models\\Admin\\RoleModel')
 5 SYSTEMPATH\CodeIgniter.php(933): SysAdmin\Controllers\Role->roleEForm()
 6 SYSTEMPATH\CodeIgniter.php(507): CodeIgniter\CodeIgniter->runController(Object(SysAdmin\Controllers\Role))
 7 SYSTEMPATH\CodeIgniter.php(354): CodeIgniter\CodeIgniter->handleRequest(null, Object(Config\Cache), false)
 8 SYSTEMPATH\Boot.php(334): CodeIgniter\CodeIgniter->run()
 9 SYSTEMPATH\Boot.php(67): CodeIgniter\Boot::runCodeIgniter(Object(CodeIgniter\CodeIgniter))
10 FCPATH\index.php(56): CodeIgniter\Boot::bootWeb(Object(Config\Paths))
DEBUG - 2025-03-13 03:30:16 --> Session: Class initialized using 'CodeIgniter\Session\Handlers\FileHandler' driver.
WARNING - 2025-03-13 03:30:16 --> [DEPRECATED] Creation of dynamic property SysAdmin\Controllers\Role::$session is deprecated in ROOTPATH\SysAdmin\Controllers\BaseController.php on line 51.
 1 ROOTPATH\SysAdmin\Controllers\Role.php(12): SysAdmin\Controllers\BaseController->__construct()
 2 SYSTEMPATH\CodeIgniter.php(903): SysAdmin\Controllers\Role->__construct()
 3 SYSTEMPATH\CodeIgniter.php(498): CodeIgniter\CodeIgniter->createController()
 4 SYSTEMPATH\CodeIgniter.php(354): CodeIgniter\CodeIgniter->handleRequest(null, Object(Config\Cache), false)
 5 SYSTEMPATH\Boot.php(334): CodeIgniter\CodeIgniter->run()
 6 SYSTEMPATH\Boot.php(67): CodeIgniter\Boot::runCodeIgniter(Object(CodeIgniter\CodeIgniter))
 7 FCPATH\index.php(56): CodeIgniter\Boot::bootWeb(Object(Config\Paths))
WARNING - 2025-03-13 03:30:16 --> [DEPRECATED] Creation of dynamic property SysAdmin\Controllers\Role::$encrypter is deprecated in ROOTPATH\SysAdmin\Controllers\BaseController.php on line 52.
 1 ROOTPATH\SysAdmin\Controllers\Role.php(12): SysAdmin\Controllers\BaseController->__construct()
 2 SYSTEMPATH\CodeIgniter.php(903): SysAdmin\Controllers\Role->__construct()
 3 SYSTEMPATH\CodeIgniter.php(498): CodeIgniter\CodeIgniter->createController()
 4 SYSTEMPATH\CodeIgniter.php(354): CodeIgniter\CodeIgniter->handleRequest(null, Object(Config\Cache), false)
 5 SYSTEMPATH\Boot.php(334): CodeIgniter\CodeIgniter->run()
 6 SYSTEMPATH\Boot.php(67): CodeIgniter\Boot::runCodeIgniter(Object(CodeIgniter\CodeIgniter))
 7 FCPATH\index.php(56): CodeIgniter\Boot::bootWeb(Object(Config\Paths))
WARNING - 2025-03-13 03:30:16 --> [DEPRECATED] Creation of dynamic property SysAdmin\Controllers\Role::$nav_mold is deprecated in ROOTPATH\SysAdmin\Controllers\Role.php on line 13.
 1 SYSTEMPATH\CodeIgniter.php(903): SysAdmin\Controllers\Role->__construct()
 2 SYSTEMPATH\CodeIgniter.php(498): CodeIgniter\CodeIgniter->createController()
 3 SYSTEMPATH\CodeIgniter.php(354): CodeIgniter\CodeIgniter->handleRequest(null, Object(Config\Cache), false)
 4 SYSTEMPATH\Boot.php(334): CodeIgniter\CodeIgniter->run()
 5 SYSTEMPATH\Boot.php(67): CodeIgniter\Boot::runCodeIgniter(Object(CodeIgniter\CodeIgniter))
 6 FCPATH\index.php(56): CodeIgniter\Boot::bootWeb(Object(Config\Paths))
WARNING - 2025-03-13 03:30:16 --> [DEPRECATED] Optional parameter $id declared before required parameter $data is implicitly treated as a required parameter in ROOTPATH\SysAdmin\Models\Admin\RoleModel.php on line 34.
 1 SYSTEMPATH\Autoloader\Autoloader.php(316): include_once('E:\\web\\XAMPP\\htdocs\\test\\system\\Debug\\Exceptions.php')
 2 SYSTEMPATH\Autoloader\Autoloader.php(295): CodeIgniter\Autoloader\Autoloader->includeFile('E:\\web\\XAMPP\\htdocs\\test\\SysAdmin\\Models\\Admin\\RoleModel.php')
 3 SYSTEMPATH\Autoloader\Autoloader.php(271): CodeIgniter\Autoloader\Autoloader->loadInNamespace('SysAdmin\\Models\\Admin\\RoleModel')
 4 ROOTPATH\SysAdmin\Controllers\Role.php(93): CodeIgniter\Autoloader\Autoloader->loadClass('SysAdmin\\Models\\Admin\\RoleModel')
 5 SYSTEMPATH\CodeIgniter.php(933): SysAdmin\Controllers\Role->index()
 6 SYSTEMPATH\CodeIgniter.php(507): CodeIgniter\CodeIgniter->runController(Object(SysAdmin\Controllers\Role))
 7 SYSTEMPATH\CodeIgniter.php(354): CodeIgniter\CodeIgniter->handleRequest(null, Object(Config\Cache), false)
 8 SYSTEMPATH\Boot.php(334): CodeIgniter\CodeIgniter->run()
 9 SYSTEMPATH\Boot.php(67): CodeIgniter\Boot::runCodeIgniter(Object(CodeIgniter\CodeIgniter))
10 FCPATH\index.php(56): CodeIgniter\Boot::bootWeb(Object(Config\Paths))
DEBUG - 2025-03-13 03:30:17 --> Session: Class initialized using 'CodeIgniter\Session\Handlers\FileHandler' driver.
WARNING - 2025-03-13 03:30:17 --> [DEPRECATED] Creation of dynamic property SysAdmin\Controllers\Role::$session is deprecated in ROOTPATH\SysAdmin\Controllers\BaseController.php on line 51.
 1 ROOTPATH\SysAdmin\Controllers\Role.php(12): SysAdmin\Controllers\BaseController->__construct()
 2 SYSTEMPATH\CodeIgniter.php(903): SysAdmin\Controllers\Role->__construct()
 3 SYSTEMPATH\CodeIgniter.php(498): CodeIgniter\CodeIgniter->createController()
 4 SYSTEMPATH\CodeIgniter.php(354): CodeIgniter\CodeIgniter->handleRequest(null, Object(Config\Cache), false)
 5 SYSTEMPATH\Boot.php(334): CodeIgniter\CodeIgniter->run()
 6 SYSTEMPATH\Boot.php(67): CodeIgniter\Boot::runCodeIgniter(Object(CodeIgniter\CodeIgniter))
 7 FCPATH\index.php(56): CodeIgniter\Boot::bootWeb(Object(Config\Paths))
WARNING - 2025-03-13 03:30:17 --> [DEPRECATED] Creation of dynamic property SysAdmin\Controllers\Role::$encrypter is deprecated in ROOTPATH\SysAdmin\Controllers\BaseController.php on line 52.
 1 ROOTPATH\SysAdmin\Controllers\Role.php(12): SysAdmin\Controllers\BaseController->__construct()
 2 SYSTEMPATH\CodeIgniter.php(903): SysAdmin\Controllers\Role->__construct()
 3 SYSTEMPATH\CodeIgniter.php(498): CodeIgniter\CodeIgniter->createController()
 4 SYSTEMPATH\CodeIgniter.php(354): CodeIgniter\CodeIgniter->handleRequest(null, Object(Config\Cache), false)
 5 SYSTEMPATH\Boot.php(334): CodeIgniter\CodeIgniter->run()
 6 SYSTEMPATH\Boot.php(67): CodeIgniter\Boot::runCodeIgniter(Object(CodeIgniter\CodeIgniter))
 7 FCPATH\index.php(56): CodeIgniter\Boot::bootWeb(Object(Config\Paths))
WARNING - 2025-03-13 03:30:17 --> [DEPRECATED] Creation of dynamic property SysAdmin\Controllers\Role::$nav_mold is deprecated in ROOTPATH\SysAdmin\Controllers\Role.php on line 13.
 1 SYSTEMPATH\CodeIgniter.php(903): SysAdmin\Controllers\Role->__construct()
 2 SYSTEMPATH\CodeIgniter.php(498): CodeIgniter\CodeIgniter->createController()
 3 SYSTEMPATH\CodeIgniter.php(354): CodeIgniter\CodeIgniter->handleRequest(null, Object(Config\Cache), false)
 4 SYSTEMPATH\Boot.php(334): CodeIgniter\CodeIgniter->run()
 5 SYSTEMPATH\Boot.php(67): CodeIgniter\Boot::runCodeIgniter(Object(CodeIgniter\CodeIgniter))
 6 FCPATH\index.php(56): CodeIgniter\Boot::bootWeb(Object(Config\Paths))
WARNING - 2025-03-13 03:30:17 --> [DEPRECATED] Optional parameter $id declared before required parameter $data is implicitly treated as a required parameter in ROOTPATH\SysAdmin\Models\Admin\RoleModel.php on line 34.
 1 SYSTEMPATH\Autoloader\Autoloader.php(316): include_once('E:\\web\\XAMPP\\htdocs\\test\\system\\Debug\\Exceptions.php')
 2 SYSTEMPATH\Autoloader\Autoloader.php(295): CodeIgniter\Autoloader\Autoloader->includeFile('E:\\web\\XAMPP\\htdocs\\test\\SysAdmin\\Models\\Admin\\RoleModel.php')
 3 SYSTEMPATH\Autoloader\Autoloader.php(271): CodeIgniter\Autoloader\Autoloader->loadInNamespace('SysAdmin\\Models\\Admin\\RoleModel')
 4 ROOTPATH\SysAdmin\Controllers\Role.php(93): CodeIgniter\Autoloader\Autoloader->loadClass('SysAdmin\\Models\\Admin\\RoleModel')
 5 SYSTEMPATH\CodeIgniter.php(933): SysAdmin\Controllers\Role->index()
 6 SYSTEMPATH\CodeIgniter.php(507): CodeIgniter\CodeIgniter->runController(Object(SysAdmin\Controllers\Role))
 7 SYSTEMPATH\CodeIgniter.php(354): CodeIgniter\CodeIgniter->handleRequest(null, Object(Config\Cache), false)
 8 SYSTEMPATH\Boot.php(334): CodeIgniter\CodeIgniter->run()
 9 SYSTEMPATH\Boot.php(67): CodeIgniter\Boot::runCodeIgniter(Object(CodeIgniter\CodeIgniter))
10 FCPATH\index.php(56): CodeIgniter\Boot::bootWeb(Object(Config\Paths))
DEBUG - 2025-03-13 03:30:20 --> Session: Class initialized using 'CodeIgniter\Session\Handlers\FileHandler' driver.
WARNING - 2025-03-13 03:30:20 --> [DEPRECATED] Creation of dynamic property SysAdmin\Controllers\Authority::$session is deprecated in ROOTPATH\SysAdmin\Controllers\BaseController.php on line 51.
 1 ROOTPATH\SysAdmin\Controllers\Authority.php(15): SysAdmin\Controllers\BaseController->__construct()
 2 SYSTEMPATH\CodeIgniter.php(903): SysAdmin\Controllers\Authority->__construct()
 3 SYSTEMPATH\CodeIgniter.php(498): CodeIgniter\CodeIgniter->createController()
 4 SYSTEMPATH\CodeIgniter.php(354): CodeIgniter\CodeIgniter->handleRequest(null, Object(Config\Cache), false)
 5 SYSTEMPATH\Boot.php(334): CodeIgniter\CodeIgniter->run()
 6 SYSTEMPATH\Boot.php(67): CodeIgniter\Boot::runCodeIgniter(Object(CodeIgniter\CodeIgniter))
 7 FCPATH\index.php(56): CodeIgniter\Boot::bootWeb(Object(Config\Paths))
WARNING - 2025-03-13 03:30:20 --> [DEPRECATED] Creation of dynamic property SysAdmin\Controllers\Authority::$encrypter is deprecated in ROOTPATH\SysAdmin\Controllers\BaseController.php on line 52.
 1 ROOTPATH\SysAdmin\Controllers\Authority.php(15): SysAdmin\Controllers\BaseController->__construct()
 2 SYSTEMPATH\CodeIgniter.php(903): SysAdmin\Controllers\Authority->__construct()
 3 SYSTEMPATH\CodeIgniter.php(498): CodeIgniter\CodeIgniter->createController()
 4 SYSTEMPATH\CodeIgniter.php(354): CodeIgniter\CodeIgniter->handleRequest(null, Object(Config\Cache), false)
 5 SYSTEMPATH\Boot.php(334): CodeIgniter\CodeIgniter->run()
 6 SYSTEMPATH\Boot.php(67): CodeIgniter\Boot::runCodeIgniter(Object(CodeIgniter\CodeIgniter))
 7 FCPATH\index.php(56): CodeIgniter\Boot::bootWeb(Object(Config\Paths))
WARNING - 2025-03-13 03:30:20 --> [DEPRECATED] Creation of dynamic property SysAdmin\Controllers\Authority::$nav_mold is deprecated in ROOTPATH\SysAdmin\Controllers\Authority.php on line 16.
 1 SYSTEMPATH\CodeIgniter.php(903): SysAdmin\Controllers\Authority->__construct()
 2 SYSTEMPATH\CodeIgniter.php(498): CodeIgniter\CodeIgniter->createController()
 3 SYSTEMPATH\CodeIgniter.php(354): CodeIgniter\CodeIgniter->handleRequest(null, Object(Config\Cache), false)
 4 SYSTEMPATH\Boot.php(334): CodeIgniter\CodeIgniter->run()
 5 SYSTEMPATH\Boot.php(67): CodeIgniter\Boot::runCodeIgniter(Object(CodeIgniter\CodeIgniter))
 6 FCPATH\index.php(56): CodeIgniter\Boot::bootWeb(Object(Config\Paths))
CRITICAL - 2025-03-13 03:30:20 --> Error: Class "FilesMS\Models\sysCategory\SysCateModel" not found
[Method: GET, Route: xccmssys/Authority]
in ROOTPATH\SysAdmin\Controllers\Authority.php on line 34.
 1 SYSTEMPATH\CodeIgniter.php(933): SysAdmin\Controllers\Authority->index()
 2 SYSTEMPATH\CodeIgniter.php(507): CodeIgniter\CodeIgniter->runController(Object(SysAdmin\Controllers\Authority))
 3 SYSTEMPATH\CodeIgniter.php(354): CodeIgniter\CodeIgniter->handleRequest(null, Object(Config\Cache), false)
 4 SYSTEMPATH\Boot.php(334): CodeIgniter\CodeIgniter->run()
 5 SYSTEMPATH\Boot.php(67): CodeIgniter\Boot::runCodeIgniter(Object(CodeIgniter\CodeIgniter))
 6 FCPATH\index.php(56): CodeIgniter\Boot::bootWeb(Object(Config\Paths))
DEBUG - 2025-03-13 03:30:48 --> Session: Class initialized using 'CodeIgniter\Session\Handlers\FileHandler' driver.
WARNING - 2025-03-13 03:30:48 --> [DEPRECATED] Creation of dynamic property SysAdmin\Controllers\Role::$session is deprecated in ROOTPATH\SysAdmin\Controllers\BaseController.php on line 51.
 1 ROOTPATH\SysAdmin\Controllers\Role.php(12): SysAdmin\Controllers\BaseController->__construct()
 2 SYSTEMPATH\CodeIgniter.php(903): SysAdmin\Controllers\Role->__construct()
 3 SYSTEMPATH\CodeIgniter.php(498): CodeIgniter\CodeIgniter->createController()
 4 SYSTEMPATH\CodeIgniter.php(354): CodeIgniter\CodeIgniter->handleRequest(null, Object(Config\Cache), false)
 5 SYSTEMPATH\Boot.php(334): CodeIgniter\CodeIgniter->run()
 6 SYSTEMPATH\Boot.php(67): CodeIgniter\Boot::runCodeIgniter(Object(CodeIgniter\CodeIgniter))
 7 FCPATH\index.php(56): CodeIgniter\Boot::bootWeb(Object(Config\Paths))
WARNING - 2025-03-13 03:30:48 --> [DEPRECATED] Creation of dynamic property SysAdmin\Controllers\Role::$encrypter is deprecated in ROOTPATH\SysAdmin\Controllers\BaseController.php on line 52.
 1 ROOTPATH\SysAdmin\Controllers\Role.php(12): SysAdmin\Controllers\BaseController->__construct()
 2 SYSTEMPATH\CodeIgniter.php(903): SysAdmin\Controllers\Role->__construct()
 3 SYSTEMPATH\CodeIgniter.php(498): CodeIgniter\CodeIgniter->createController()
 4 SYSTEMPATH\CodeIgniter.php(354): CodeIgniter\CodeIgniter->handleRequest(null, Object(Config\Cache), false)
 5 SYSTEMPATH\Boot.php(334): CodeIgniter\CodeIgniter->run()
 6 SYSTEMPATH\Boot.php(67): CodeIgniter\Boot::runCodeIgniter(Object(CodeIgniter\CodeIgniter))
 7 FCPATH\index.php(56): CodeIgniter\Boot::bootWeb(Object(Config\Paths))
WARNING - 2025-03-13 03:30:48 --> [DEPRECATED] Creation of dynamic property SysAdmin\Controllers\Role::$nav_mold is deprecated in ROOTPATH\SysAdmin\Controllers\Role.php on line 13.
 1 SYSTEMPATH\CodeIgniter.php(903): SysAdmin\Controllers\Role->__construct()
 2 SYSTEMPATH\CodeIgniter.php(498): CodeIgniter\CodeIgniter->createController()
 3 SYSTEMPATH\CodeIgniter.php(354): CodeIgniter\CodeIgniter->handleRequest(null, Object(Config\Cache), false)
 4 SYSTEMPATH\Boot.php(334): CodeIgniter\CodeIgniter->run()
 5 SYSTEMPATH\Boot.php(67): CodeIgniter\Boot::runCodeIgniter(Object(CodeIgniter\CodeIgniter))
 6 FCPATH\index.php(56): CodeIgniter\Boot::bootWeb(Object(Config\Paths))
WARNING - 2025-03-13 03:30:48 --> [DEPRECATED] Optional parameter $data declared before required parameter $rid is implicitly treated as a required parameter in ROOTPATH\SysAdmin\Models\Admin\RoleAuthModel.php on line 30.
 1 SYSTEMPATH\Autoloader\Autoloader.php(316): include_once('E:\\web\\XAMPP\\htdocs\\test\\system\\Debug\\Exceptions.php')
 2 SYSTEMPATH\Autoloader\Autoloader.php(295): CodeIgniter\Autoloader\Autoloader->includeFile('E:\\web\\XAMPP\\htdocs\\test\\SysAdmin\\Models\\Admin\\RoleAuthModel.php')
 3 SYSTEMPATH\Autoloader\Autoloader.php(271): CodeIgniter\Autoloader\Autoloader->loadInNamespace('SysAdmin\\Models\\Admin\\RoleAuthModel')
 4 ROOTPATH\SysAdmin\Controllers\Role.php(160): CodeIgniter\Autoloader\Autoloader->loadClass('SysAdmin\\Models\\Admin\\RoleAuthModel')
 5 SYSTEMPATH\CodeIgniter.php(933): SysAdmin\Controllers\Role->auth_role()
 6 SYSTEMPATH\CodeIgniter.php(507): CodeIgniter\CodeIgniter->runController(Object(SysAdmin\Controllers\Role))
 7 SYSTEMPATH\CodeIgniter.php(354): CodeIgniter\CodeIgniter->handleRequest(null, Object(Config\Cache), false)
 8 SYSTEMPATH\Boot.php(334): CodeIgniter\CodeIgniter->run()
 9 SYSTEMPATH\Boot.php(67): CodeIgniter\Boot::runCodeIgniter(Object(CodeIgniter\CodeIgniter))
10 FCPATH\index.php(56): CodeIgniter\Boot::bootWeb(Object(Config\Paths))
DEBUG - 2025-03-13 03:30:55 --> Session: Class initialized using 'CodeIgniter\Session\Handlers\FileHandler' driver.
WARNING - 2025-03-13 03:30:55 --> [DEPRECATED] Creation of dynamic property SysAdmin\Controllers\Role::$session is deprecated in ROOTPATH\SysAdmin\Controllers\BaseController.php on line 51.
 1 ROOTPATH\SysAdmin\Controllers\Role.php(12): SysAdmin\Controllers\BaseController->__construct()
 2 SYSTEMPATH\CodeIgniter.php(903): SysAdmin\Controllers\Role->__construct()
 3 SYSTEMPATH\CodeIgniter.php(498): CodeIgniter\CodeIgniter->createController()
 4 SYSTEMPATH\CodeIgniter.php(354): CodeIgniter\CodeIgniter->handleRequest(null, Object(Config\Cache), false)
 5 SYSTEMPATH\Boot.php(334): CodeIgniter\CodeIgniter->run()
 6 SYSTEMPATH\Boot.php(67): CodeIgniter\Boot::runCodeIgniter(Object(CodeIgniter\CodeIgniter))
 7 FCPATH\index.php(56): CodeIgniter\Boot::bootWeb(Object(Config\Paths))
WARNING - 2025-03-13 03:30:55 --> [DEPRECATED] Creation of dynamic property SysAdmin\Controllers\Role::$encrypter is deprecated in ROOTPATH\SysAdmin\Controllers\BaseController.php on line 52.
 1 ROOTPATH\SysAdmin\Controllers\Role.php(12): SysAdmin\Controllers\BaseController->__construct()
 2 SYSTEMPATH\CodeIgniter.php(903): SysAdmin\Controllers\Role->__construct()
 3 SYSTEMPATH\CodeIgniter.php(498): CodeIgniter\CodeIgniter->createController()
 4 SYSTEMPATH\CodeIgniter.php(354): CodeIgniter\CodeIgniter->handleRequest(null, Object(Config\Cache), false)
 5 SYSTEMPATH\Boot.php(334): CodeIgniter\CodeIgniter->run()
 6 SYSTEMPATH\Boot.php(67): CodeIgniter\Boot::runCodeIgniter(Object(CodeIgniter\CodeIgniter))
 7 FCPATH\index.php(56): CodeIgniter\Boot::bootWeb(Object(Config\Paths))
WARNING - 2025-03-13 03:30:55 --> [DEPRECATED] Creation of dynamic property SysAdmin\Controllers\Role::$nav_mold is deprecated in ROOTPATH\SysAdmin\Controllers\Role.php on line 13.
 1 SYSTEMPATH\CodeIgniter.php(903): SysAdmin\Controllers\Role->__construct()
 2 SYSTEMPATH\CodeIgniter.php(498): CodeIgniter\CodeIgniter->createController()
 3 SYSTEMPATH\CodeIgniter.php(354): CodeIgniter\CodeIgniter->handleRequest(null, Object(Config\Cache), false)
 4 SYSTEMPATH\Boot.php(334): CodeIgniter\CodeIgniter->run()
 5 SYSTEMPATH\Boot.php(67): CodeIgniter\Boot::runCodeIgniter(Object(CodeIgniter\CodeIgniter))
 6 FCPATH\index.php(56): CodeIgniter\Boot::bootWeb(Object(Config\Paths))
WARNING - 2025-03-13 03:30:55 --> [DEPRECATED] Optional parameter $id declared before required parameter $data is implicitly treated as a required parameter in ROOTPATH\SysAdmin\Models\Admin\RoleModel.php on line 34.
 1 SYSTEMPATH\Autoloader\Autoloader.php(316): include_once('E:\\web\\XAMPP\\htdocs\\test\\system\\Debug\\Exceptions.php')
 2 SYSTEMPATH\Autoloader\Autoloader.php(295): CodeIgniter\Autoloader\Autoloader->includeFile('E:\\web\\XAMPP\\htdocs\\test\\SysAdmin\\Models\\Admin\\RoleModel.php')
 3 SYSTEMPATH\Autoloader\Autoloader.php(271): CodeIgniter\Autoloader\Autoloader->loadInNamespace('SysAdmin\\Models\\Admin\\RoleModel')
 4 ROOTPATH\SysAdmin\Controllers\Role.php(93): CodeIgniter\Autoloader\Autoloader->loadClass('SysAdmin\\Models\\Admin\\RoleModel')
 5 SYSTEMPATH\CodeIgniter.php(933): SysAdmin\Controllers\Role->index()
 6 SYSTEMPATH\CodeIgniter.php(507): CodeIgniter\CodeIgniter->runController(Object(SysAdmin\Controllers\Role))
 7 SYSTEMPATH\CodeIgniter.php(354): CodeIgniter\CodeIgniter->handleRequest(null, Object(Config\Cache), false)
 8 SYSTEMPATH\Boot.php(334): CodeIgniter\CodeIgniter->run()
 9 SYSTEMPATH\Boot.php(67): CodeIgniter\Boot::runCodeIgniter(Object(CodeIgniter\CodeIgniter))
10 FCPATH\index.php(56): CodeIgniter\Boot::bootWeb(Object(Config\Paths))
DEBUG - 2025-03-13 03:30:57 --> Session: Class initialized using 'CodeIgniter\Session\Handlers\FileHandler' driver.
WARNING - 2025-03-13 03:30:57 --> [DEPRECATED] Creation of dynamic property SysAdmin\Controllers\Role::$session is deprecated in ROOTPATH\SysAdmin\Controllers\BaseController.php on line 51.
 1 ROOTPATH\SysAdmin\Controllers\Role.php(12): SysAdmin\Controllers\BaseController->__construct()
 2 SYSTEMPATH\CodeIgniter.php(903): SysAdmin\Controllers\Role->__construct()
 3 SYSTEMPATH\CodeIgniter.php(498): CodeIgniter\CodeIgniter->createController()
 4 SYSTEMPATH\CodeIgniter.php(354): CodeIgniter\CodeIgniter->handleRequest(null, Object(Config\Cache), false)
 5 SYSTEMPATH\Boot.php(334): CodeIgniter\CodeIgniter->run()
 6 SYSTEMPATH\Boot.php(67): CodeIgniter\Boot::runCodeIgniter(Object(CodeIgniter\CodeIgniter))
 7 FCPATH\index.php(56): CodeIgniter\Boot::bootWeb(Object(Config\Paths))
WARNING - 2025-03-13 03:30:57 --> [DEPRECATED] Creation of dynamic property SysAdmin\Controllers\Role::$encrypter is deprecated in ROOTPATH\SysAdmin\Controllers\BaseController.php on line 52.
 1 ROOTPATH\SysAdmin\Controllers\Role.php(12): SysAdmin\Controllers\BaseController->__construct()
 2 SYSTEMPATH\CodeIgniter.php(903): SysAdmin\Controllers\Role->__construct()
 3 SYSTEMPATH\CodeIgniter.php(498): CodeIgniter\CodeIgniter->createController()
 4 SYSTEMPATH\CodeIgniter.php(354): CodeIgniter\CodeIgniter->handleRequest(null, Object(Config\Cache), false)
 5 SYSTEMPATH\Boot.php(334): CodeIgniter\CodeIgniter->run()
 6 SYSTEMPATH\Boot.php(67): CodeIgniter\Boot::runCodeIgniter(Object(CodeIgniter\CodeIgniter))
 7 FCPATH\index.php(56): CodeIgniter\Boot::bootWeb(Object(Config\Paths))
WARNING - 2025-03-13 03:30:57 --> [DEPRECATED] Creation of dynamic property SysAdmin\Controllers\Role::$nav_mold is deprecated in ROOTPATH\SysAdmin\Controllers\Role.php on line 13.
 1 SYSTEMPATH\CodeIgniter.php(903): SysAdmin\Controllers\Role->__construct()
 2 SYSTEMPATH\CodeIgniter.php(498): CodeIgniter\CodeIgniter->createController()
 3 SYSTEMPATH\CodeIgniter.php(354): CodeIgniter\CodeIgniter->handleRequest(null, Object(Config\Cache), false)
 4 SYSTEMPATH\Boot.php(334): CodeIgniter\CodeIgniter->run()
 5 SYSTEMPATH\Boot.php(67): CodeIgniter\Boot::runCodeIgniter(Object(CodeIgniter\CodeIgniter))
 6 FCPATH\index.php(56): CodeIgniter\Boot::bootWeb(Object(Config\Paths))
WARNING - 2025-03-13 03:30:57 --> [DEPRECATED] Optional parameter $id declared before required parameter $data is implicitly treated as a required parameter in ROOTPATH\SysAdmin\Models\Admin\RoleModel.php on line 34.
 1 SYSTEMPATH\Autoloader\Autoloader.php(316): include_once('E:\\web\\XAMPP\\htdocs\\test\\system\\Debug\\Exceptions.php')
 2 SYSTEMPATH\Autoloader\Autoloader.php(295): CodeIgniter\Autoloader\Autoloader->includeFile('E:\\web\\XAMPP\\htdocs\\test\\SysAdmin\\Models\\Admin\\RoleModel.php')
 3 SYSTEMPATH\Autoloader\Autoloader.php(271): CodeIgniter\Autoloader\Autoloader->loadInNamespace('SysAdmin\\Models\\Admin\\RoleModel')
 4 ROOTPATH\SysAdmin\Controllers\Role.php(93): CodeIgniter\Autoloader\Autoloader->loadClass('SysAdmin\\Models\\Admin\\RoleModel')
 5 SYSTEMPATH\CodeIgniter.php(933): SysAdmin\Controllers\Role->index()
 6 SYSTEMPATH\CodeIgniter.php(507): CodeIgniter\CodeIgniter->runController(Object(SysAdmin\Controllers\Role))
 7 SYSTEMPATH\CodeIgniter.php(354): CodeIgniter\CodeIgniter->handleRequest(null, Object(Config\Cache), false)
 8 SYSTEMPATH\Boot.php(334): CodeIgniter\CodeIgniter->run()
 9 SYSTEMPATH\Boot.php(67): CodeIgniter\Boot::runCodeIgniter(Object(CodeIgniter\CodeIgniter))
10 FCPATH\index.php(56): CodeIgniter\Boot::bootWeb(Object(Config\Paths))
DEBUG - 2025-03-13 03:31:34 --> Session: Class initialized using 'CodeIgniter\Session\Handlers\FileHandler' driver.
WARNING - 2025-03-13 03:31:34 --> [DEPRECATED] Creation of dynamic property SysAdmin\Controllers\Authority::$session is deprecated in ROOTPATH\SysAdmin\Controllers\BaseController.php on line 51.
 1 ROOTPATH\SysAdmin\Controllers\Authority.php(15): SysAdmin\Controllers\BaseController->__construct()
 2 SYSTEMPATH\CodeIgniter.php(903): SysAdmin\Controllers\Authority->__construct()
 3 SYSTEMPATH\CodeIgniter.php(498): CodeIgniter\CodeIgniter->createController()
 4 SYSTEMPATH\CodeIgniter.php(354): CodeIgniter\CodeIgniter->handleRequest(null, Object(Config\Cache), false)
 5 SYSTEMPATH\Boot.php(334): CodeIgniter\CodeIgniter->run()
 6 SYSTEMPATH\Boot.php(67): CodeIgniter\Boot::runCodeIgniter(Object(CodeIgniter\CodeIgniter))
 7 FCPATH\index.php(56): CodeIgniter\Boot::bootWeb(Object(Config\Paths))
WARNING - 2025-03-13 03:31:34 --> [DEPRECATED] Creation of dynamic property SysAdmin\Controllers\Authority::$encrypter is deprecated in ROOTPATH\SysAdmin\Controllers\BaseController.php on line 52.
 1 ROOTPATH\SysAdmin\Controllers\Authority.php(15): SysAdmin\Controllers\BaseController->__construct()
 2 SYSTEMPATH\CodeIgniter.php(903): SysAdmin\Controllers\Authority->__construct()
 3 SYSTEMPATH\CodeIgniter.php(498): CodeIgniter\CodeIgniter->createController()
 4 SYSTEMPATH\CodeIgniter.php(354): CodeIgniter\CodeIgniter->handleRequest(null, Object(Config\Cache), false)
 5 SYSTEMPATH\Boot.php(334): CodeIgniter\CodeIgniter->run()
 6 SYSTEMPATH\Boot.php(67): CodeIgniter\Boot::runCodeIgniter(Object(CodeIgniter\CodeIgniter))
 7 FCPATH\index.php(56): CodeIgniter\Boot::bootWeb(Object(Config\Paths))
WARNING - 2025-03-13 03:31:34 --> [DEPRECATED] Creation of dynamic property SysAdmin\Controllers\Authority::$nav_mold is deprecated in ROOTPATH\SysAdmin\Controllers\Authority.php on line 16.
 1 SYSTEMPATH\CodeIgniter.php(903): SysAdmin\Controllers\Authority->__construct()
 2 SYSTEMPATH\CodeIgniter.php(498): CodeIgniter\CodeIgniter->createController()
 3 SYSTEMPATH\CodeIgniter.php(354): CodeIgniter\CodeIgniter->handleRequest(null, Object(Config\Cache), false)
 4 SYSTEMPATH\Boot.php(334): CodeIgniter\CodeIgniter->run()
 5 SYSTEMPATH\Boot.php(67): CodeIgniter\Boot::runCodeIgniter(Object(CodeIgniter\CodeIgniter))
 6 FCPATH\index.php(56): CodeIgniter\Boot::bootWeb(Object(Config\Paths))
DEBUG - 2025-03-13 03:31:41 --> Session: Class initialized using 'CodeIgniter\Session\Handlers\FileHandler' driver.
WARNING - 2025-03-13 03:31:41 --> [DEPRECATED] Creation of dynamic property SysAdmin\Controllers\Authority::$session is deprecated in ROOTPATH\SysAdmin\Controllers\BaseController.php on line 51.
 1 ROOTPATH\SysAdmin\Controllers\Authority.php(15): SysAdmin\Controllers\BaseController->__construct()
 2 SYSTEMPATH\CodeIgniter.php(903): SysAdmin\Controllers\Authority->__construct()
 3 SYSTEMPATH\CodeIgniter.php(498): CodeIgniter\CodeIgniter->createController()
 4 SYSTEMPATH\CodeIgniter.php(354): CodeIgniter\CodeIgniter->handleRequest(null, Object(Config\Cache), false)
 5 SYSTEMPATH\Boot.php(334): CodeIgniter\CodeIgniter->run()
 6 SYSTEMPATH\Boot.php(67): CodeIgniter\Boot::runCodeIgniter(Object(CodeIgniter\CodeIgniter))
 7 FCPATH\index.php(56): CodeIgniter\Boot::bootWeb(Object(Config\Paths))
WARNING - 2025-03-13 03:31:41 --> [DEPRECATED] Creation of dynamic property SysAdmin\Controllers\Authority::$encrypter is deprecated in ROOTPATH\SysAdmin\Controllers\BaseController.php on line 52.
 1 ROOTPATH\SysAdmin\Controllers\Authority.php(15): SysAdmin\Controllers\BaseController->__construct()
 2 SYSTEMPATH\CodeIgniter.php(903): SysAdmin\Controllers\Authority->__construct()
 3 SYSTEMPATH\CodeIgniter.php(498): CodeIgniter\CodeIgniter->createController()
 4 SYSTEMPATH\CodeIgniter.php(354): CodeIgniter\CodeIgniter->handleRequest(null, Object(Config\Cache), false)
 5 SYSTEMPATH\Boot.php(334): CodeIgniter\CodeIgniter->run()
 6 SYSTEMPATH\Boot.php(67): CodeIgniter\Boot::runCodeIgniter(Object(CodeIgniter\CodeIgniter))
 7 FCPATH\index.php(56): CodeIgniter\Boot::bootWeb(Object(Config\Paths))
WARNING - 2025-03-13 03:31:41 --> [DEPRECATED] Creation of dynamic property SysAdmin\Controllers\Authority::$nav_mold is deprecated in ROOTPATH\SysAdmin\Controllers\Authority.php on line 16.
 1 SYSTEMPATH\CodeIgniter.php(903): SysAdmin\Controllers\Authority->__construct()
 2 SYSTEMPATH\CodeIgniter.php(498): CodeIgniter\CodeIgniter->createController()
 3 SYSTEMPATH\CodeIgniter.php(354): CodeIgniter\CodeIgniter->handleRequest(null, Object(Config\Cache), false)
 4 SYSTEMPATH\Boot.php(334): CodeIgniter\CodeIgniter->run()
 5 SYSTEMPATH\Boot.php(67): CodeIgniter\Boot::runCodeIgniter(Object(CodeIgniter\CodeIgniter))
 6 FCPATH\index.php(56): CodeIgniter\Boot::bootWeb(Object(Config\Paths))
DEBUG - 2025-03-13 03:31:56 --> Session: Class initialized using 'CodeIgniter\Session\Handlers\FileHandler' driver.
WARNING - 2025-03-13 03:31:56 --> [DEPRECATED] Creation of dynamic property SysAdmin\Controllers\Authority::$session is deprecated in ROOTPATH\SysAdmin\Controllers\BaseController.php on line 51.
 1 ROOTPATH\SysAdmin\Controllers\Authority.php(15): SysAdmin\Controllers\BaseController->__construct()
 2 SYSTEMPATH\CodeIgniter.php(903): SysAdmin\Controllers\Authority->__construct()
 3 SYSTEMPATH\CodeIgniter.php(498): CodeIgniter\CodeIgniter->createController()
 4 SYSTEMPATH\CodeIgniter.php(354): CodeIgniter\CodeIgniter->handleRequest(null, Object(Config\Cache), false)
 5 SYSTEMPATH\Boot.php(334): CodeIgniter\CodeIgniter->run()
 6 SYSTEMPATH\Boot.php(67): CodeIgniter\Boot::runCodeIgniter(Object(CodeIgniter\CodeIgniter))
 7 FCPATH\index.php(56): CodeIgniter\Boot::bootWeb(Object(Config\Paths))
WARNING - 2025-03-13 03:31:56 --> [DEPRECATED] Creation of dynamic property SysAdmin\Controllers\Authority::$encrypter is deprecated in ROOTPATH\SysAdmin\Controllers\BaseController.php on line 52.
 1 ROOTPATH\SysAdmin\Controllers\Authority.php(15): SysAdmin\Controllers\BaseController->__construct()
 2 SYSTEMPATH\CodeIgniter.php(903): SysAdmin\Controllers\Authority->__construct()
 3 SYSTEMPATH\CodeIgniter.php(498): CodeIgniter\CodeIgniter->createController()
 4 SYSTEMPATH\CodeIgniter.php(354): CodeIgniter\CodeIgniter->handleRequest(null, Object(Config\Cache), false)
 5 SYSTEMPATH\Boot.php(334): CodeIgniter\CodeIgniter->run()
 6 SYSTEMPATH\Boot.php(67): CodeIgniter\Boot::runCodeIgniter(Object(CodeIgniter\CodeIgniter))
 7 FCPATH\index.php(56): CodeIgniter\Boot::bootWeb(Object(Config\Paths))
WARNING - 2025-03-13 03:31:56 --> [DEPRECATED] Creation of dynamic property SysAdmin\Controllers\Authority::$nav_mold is deprecated in ROOTPATH\SysAdmin\Controllers\Authority.php on line 16.
 1 SYSTEMPATH\CodeIgniter.php(903): SysAdmin\Controllers\Authority->__construct()
 2 SYSTEMPATH\CodeIgniter.php(498): CodeIgniter\CodeIgniter->createController()
 3 SYSTEMPATH\CodeIgniter.php(354): CodeIgniter\CodeIgniter->handleRequest(null, Object(Config\Cache), false)
 4 SYSTEMPATH\Boot.php(334): CodeIgniter\CodeIgniter->run()
 5 SYSTEMPATH\Boot.php(67): CodeIgniter\Boot::runCodeIgniter(Object(CodeIgniter\CodeIgniter))
 6 FCPATH\index.php(56): CodeIgniter\Boot::bootWeb(Object(Config\Paths))
DEBUG - 2025-03-13 03:31:57 --> Session: Class initialized using 'CodeIgniter\Session\Handlers\FileHandler' driver.
WARNING - 2025-03-13 03:31:57 --> [DEPRECATED] Creation of dynamic property SysAdmin\Controllers\Authority::$session is deprecated in ROOTPATH\SysAdmin\Controllers\BaseController.php on line 51.
 1 ROOTPATH\SysAdmin\Controllers\Authority.php(15): SysAdmin\Controllers\BaseController->__construct()
 2 SYSTEMPATH\CodeIgniter.php(903): SysAdmin\Controllers\Authority->__construct()
 3 SYSTEMPATH\CodeIgniter.php(498): CodeIgniter\CodeIgniter->createController()
 4 SYSTEMPATH\CodeIgniter.php(354): CodeIgniter\CodeIgniter->handleRequest(null, Object(Config\Cache), false)
 5 SYSTEMPATH\Boot.php(334): CodeIgniter\CodeIgniter->run()
 6 SYSTEMPATH\Boot.php(67): CodeIgniter\Boot::runCodeIgniter(Object(CodeIgniter\CodeIgniter))
 7 FCPATH\index.php(56): CodeIgniter\Boot::bootWeb(Object(Config\Paths))
WARNING - 2025-03-13 03:31:57 --> [DEPRECATED] Creation of dynamic property SysAdmin\Controllers\Authority::$encrypter is deprecated in ROOTPATH\SysAdmin\Controllers\BaseController.php on line 52.
 1 ROOTPATH\SysAdmin\Controllers\Authority.php(15): SysAdmin\Controllers\BaseController->__construct()
 2 SYSTEMPATH\CodeIgniter.php(903): SysAdmin\Controllers\Authority->__construct()
 3 SYSTEMPATH\CodeIgniter.php(498): CodeIgniter\CodeIgniter->createController()
 4 SYSTEMPATH\CodeIgniter.php(354): CodeIgniter\CodeIgniter->handleRequest(null, Object(Config\Cache), false)
 5 SYSTEMPATH\Boot.php(334): CodeIgniter\CodeIgniter->run()
 6 SYSTEMPATH\Boot.php(67): CodeIgniter\Boot::runCodeIgniter(Object(CodeIgniter\CodeIgniter))
 7 FCPATH\index.php(56): CodeIgniter\Boot::bootWeb(Object(Config\Paths))
WARNING - 2025-03-13 03:31:57 --> [DEPRECATED] Creation of dynamic property SysAdmin\Controllers\Authority::$nav_mold is deprecated in ROOTPATH\SysAdmin\Controllers\Authority.php on line 16.
 1 SYSTEMPATH\CodeIgniter.php(903): SysAdmin\Controllers\Authority->__construct()
 2 SYSTEMPATH\CodeIgniter.php(498): CodeIgniter\CodeIgniter->createController()
 3 SYSTEMPATH\CodeIgniter.php(354): CodeIgniter\CodeIgniter->handleRequest(null, Object(Config\Cache), false)
 4 SYSTEMPATH\Boot.php(334): CodeIgniter\CodeIgniter->run()
 5 SYSTEMPATH\Boot.php(67): CodeIgniter\Boot::runCodeIgniter(Object(CodeIgniter\CodeIgniter))
 6 FCPATH\index.php(56): CodeIgniter\Boot::bootWeb(Object(Config\Paths))
DEBUG - 2025-03-13 03:31:58 --> Session: Class initialized using 'CodeIgniter\Session\Handlers\FileHandler' driver.
WARNING - 2025-03-13 03:31:58 --> [DEPRECATED] Creation of dynamic property SysAdmin\Controllers\Authority::$session is deprecated in ROOTPATH\SysAdmin\Controllers\BaseController.php on line 51.
 1 ROOTPATH\SysAdmin\Controllers\Authority.php(15): SysAdmin\Controllers\BaseController->__construct()
 2 SYSTEMPATH\CodeIgniter.php(903): SysAdmin\Controllers\Authority->__construct()
 3 SYSTEMPATH\CodeIgniter.php(498): CodeIgniter\CodeIgniter->createController()
 4 SYSTEMPATH\CodeIgniter.php(354): CodeIgniter\CodeIgniter->handleRequest(null, Object(Config\Cache), false)
 5 SYSTEMPATH\Boot.php(334): CodeIgniter\CodeIgniter->run()
 6 SYSTEMPATH\Boot.php(67): CodeIgniter\Boot::runCodeIgniter(Object(CodeIgniter\CodeIgniter))
 7 FCPATH\index.php(56): CodeIgniter\Boot::bootWeb(Object(Config\Paths))
WARNING - 2025-03-13 03:31:58 --> [DEPRECATED] Creation of dynamic property SysAdmin\Controllers\Authority::$encrypter is deprecated in ROOTPATH\SysAdmin\Controllers\BaseController.php on line 52.
 1 ROOTPATH\SysAdmin\Controllers\Authority.php(15): SysAdmin\Controllers\BaseController->__construct()
 2 SYSTEMPATH\CodeIgniter.php(903): SysAdmin\Controllers\Authority->__construct()
 3 SYSTEMPATH\CodeIgniter.php(498): CodeIgniter\CodeIgniter->createController()
 4 SYSTEMPATH\CodeIgniter.php(354): CodeIgniter\CodeIgniter->handleRequest(null, Object(Config\Cache), false)
 5 SYSTEMPATH\Boot.php(334): CodeIgniter\CodeIgniter->run()
 6 SYSTEMPATH\Boot.php(67): CodeIgniter\Boot::runCodeIgniter(Object(CodeIgniter\CodeIgniter))
 7 FCPATH\index.php(56): CodeIgniter\Boot::bootWeb(Object(Config\Paths))
WARNING - 2025-03-13 03:31:58 --> [DEPRECATED] Creation of dynamic property SysAdmin\Controllers\Authority::$nav_mold is deprecated in ROOTPATH\SysAdmin\Controllers\Authority.php on line 16.
 1 SYSTEMPATH\CodeIgniter.php(903): SysAdmin\Controllers\Authority->__construct()
 2 SYSTEMPATH\CodeIgniter.php(498): CodeIgniter\CodeIgniter->createController()
 3 SYSTEMPATH\CodeIgniter.php(354): CodeIgniter\CodeIgniter->handleRequest(null, Object(Config\Cache), false)
 4 SYSTEMPATH\Boot.php(334): CodeIgniter\CodeIgniter->run()
 5 SYSTEMPATH\Boot.php(67): CodeIgniter\Boot::runCodeIgniter(Object(CodeIgniter\CodeIgniter))
 6 FCPATH\index.php(56): CodeIgniter\Boot::bootWeb(Object(Config\Paths))
DEBUG - 2025-03-13 03:32:00 --> Session: Class initialized using 'CodeIgniter\Session\Handlers\FileHandler' driver.
WARNING - 2025-03-13 03:32:00 --> [DEPRECATED] Creation of dynamic property SysAdmin\Controllers\Authority::$session is deprecated in ROOTPATH\SysAdmin\Controllers\BaseController.php on line 51.
 1 ROOTPATH\SysAdmin\Controllers\Authority.php(15): SysAdmin\Controllers\BaseController->__construct()
 2 SYSTEMPATH\CodeIgniter.php(903): SysAdmin\Controllers\Authority->__construct()
 3 SYSTEMPATH\CodeIgniter.php(498): CodeIgniter\CodeIgniter->createController()
 4 SYSTEMPATH\CodeIgniter.php(354): CodeIgniter\CodeIgniter->handleRequest(null, Object(Config\Cache), false)
 5 SYSTEMPATH\Boot.php(334): CodeIgniter\CodeIgniter->run()
 6 SYSTEMPATH\Boot.php(67): CodeIgniter\Boot::runCodeIgniter(Object(CodeIgniter\CodeIgniter))
 7 FCPATH\index.php(56): CodeIgniter\Boot::bootWeb(Object(Config\Paths))
WARNING - 2025-03-13 03:32:00 --> [DEPRECATED] Creation of dynamic property SysAdmin\Controllers\Authority::$encrypter is deprecated in ROOTPATH\SysAdmin\Controllers\BaseController.php on line 52.
 1 ROOTPATH\SysAdmin\Controllers\Authority.php(15): SysAdmin\Controllers\BaseController->__construct()
 2 SYSTEMPATH\CodeIgniter.php(903): SysAdmin\Controllers\Authority->__construct()
 3 SYSTEMPATH\CodeIgniter.php(498): CodeIgniter\CodeIgniter->createController()
 4 SYSTEMPATH\CodeIgniter.php(354): CodeIgniter\CodeIgniter->handleRequest(null, Object(Config\Cache), false)
 5 SYSTEMPATH\Boot.php(334): CodeIgniter\CodeIgniter->run()
 6 SYSTEMPATH\Boot.php(67): CodeIgniter\Boot::runCodeIgniter(Object(CodeIgniter\CodeIgniter))
 7 FCPATH\index.php(56): CodeIgniter\Boot::bootWeb(Object(Config\Paths))
WARNING - 2025-03-13 03:32:00 --> [DEPRECATED] Creation of dynamic property SysAdmin\Controllers\Authority::$nav_mold is deprecated in ROOTPATH\SysAdmin\Controllers\Authority.php on line 16.
 1 SYSTEMPATH\CodeIgniter.php(903): SysAdmin\Controllers\Authority->__construct()
 2 SYSTEMPATH\CodeIgniter.php(498): CodeIgniter\CodeIgniter->createController()
 3 SYSTEMPATH\CodeIgniter.php(354): CodeIgniter\CodeIgniter->handleRequest(null, Object(Config\Cache), false)
 4 SYSTEMPATH\Boot.php(334): CodeIgniter\CodeIgniter->run()
 5 SYSTEMPATH\Boot.php(67): CodeIgniter\Boot::runCodeIgniter(Object(CodeIgniter\CodeIgniter))
 6 FCPATH\index.php(56): CodeIgniter\Boot::bootWeb(Object(Config\Paths))
DEBUG - 2025-03-13 03:32:08 --> Session: Class initialized using 'CodeIgniter\Session\Handlers\FileHandler' driver.
WARNING - 2025-03-13 03:32:09 --> [DEPRECATED] Creation of dynamic property SysAdmin\Controllers\Authority::$session is deprecated in ROOTPATH\SysAdmin\Controllers\BaseController.php on line 51.
 1 ROOTPATH\SysAdmin\Controllers\Authority.php(15): SysAdmin\Controllers\BaseController->__construct()
 2 SYSTEMPATH\CodeIgniter.php(903): SysAdmin\Controllers\Authority->__construct()
 3 SYSTEMPATH\CodeIgniter.php(498): CodeIgniter\CodeIgniter->createController()
 4 SYSTEMPATH\CodeIgniter.php(354): CodeIgniter\CodeIgniter->handleRequest(null, Object(Config\Cache), false)
 5 SYSTEMPATH\Boot.php(334): CodeIgniter\CodeIgniter->run()
 6 SYSTEMPATH\Boot.php(67): CodeIgniter\Boot::runCodeIgniter(Object(CodeIgniter\CodeIgniter))
 7 FCPATH\index.php(56): CodeIgniter\Boot::bootWeb(Object(Config\Paths))
WARNING - 2025-03-13 03:32:09 --> [DEPRECATED] Creation of dynamic property SysAdmin\Controllers\Authority::$encrypter is deprecated in ROOTPATH\SysAdmin\Controllers\BaseController.php on line 52.
 1 ROOTPATH\SysAdmin\Controllers\Authority.php(15): SysAdmin\Controllers\BaseController->__construct()
 2 SYSTEMPATH\CodeIgniter.php(903): SysAdmin\Controllers\Authority->__construct()
 3 SYSTEMPATH\CodeIgniter.php(498): CodeIgniter\CodeIgniter->createController()
 4 SYSTEMPATH\CodeIgniter.php(354): CodeIgniter\CodeIgniter->handleRequest(null, Object(Config\Cache), false)
 5 SYSTEMPATH\Boot.php(334): CodeIgniter\CodeIgniter->run()
 6 SYSTEMPATH\Boot.php(67): CodeIgniter\Boot::runCodeIgniter(Object(CodeIgniter\CodeIgniter))
 7 FCPATH\index.php(56): CodeIgniter\Boot::bootWeb(Object(Config\Paths))
WARNING - 2025-03-13 03:32:09 --> [DEPRECATED] Creation of dynamic property SysAdmin\Controllers\Authority::$nav_mold is deprecated in ROOTPATH\SysAdmin\Controllers\Authority.php on line 16.
 1 SYSTEMPATH\CodeIgniter.php(903): SysAdmin\Controllers\Authority->__construct()
 2 SYSTEMPATH\CodeIgniter.php(498): CodeIgniter\CodeIgniter->createController()
 3 SYSTEMPATH\CodeIgniter.php(354): CodeIgniter\CodeIgniter->handleRequest(null, Object(Config\Cache), false)
 4 SYSTEMPATH\Boot.php(334): CodeIgniter\CodeIgniter->run()
 5 SYSTEMPATH\Boot.php(67): CodeIgniter\Boot::runCodeIgniter(Object(CodeIgniter\CodeIgniter))
 6 FCPATH\index.php(56): CodeIgniter\Boot::bootWeb(Object(Config\Paths))
DEBUG - 2025-03-13 03:32:10 --> Session: Class initialized using 'CodeIgniter\Session\Handlers\FileHandler' driver.
WARNING - 2025-03-13 03:32:10 --> [DEPRECATED] Creation of dynamic property SysAdmin\Controllers\Authority::$session is deprecated in ROOTPATH\SysAdmin\Controllers\BaseController.php on line 51.
 1 ROOTPATH\SysAdmin\Controllers\Authority.php(15): SysAdmin\Controllers\BaseController->__construct()
 2 SYSTEMPATH\CodeIgniter.php(903): SysAdmin\Controllers\Authority->__construct()
 3 SYSTEMPATH\CodeIgniter.php(498): CodeIgniter\CodeIgniter->createController()
 4 SYSTEMPATH\CodeIgniter.php(354): CodeIgniter\CodeIgniter->handleRequest(null, Object(Config\Cache), false)
 5 SYSTEMPATH\Boot.php(334): CodeIgniter\CodeIgniter->run()
 6 SYSTEMPATH\Boot.php(67): CodeIgniter\Boot::runCodeIgniter(Object(CodeIgniter\CodeIgniter))
 7 FCPATH\index.php(56): CodeIgniter\Boot::bootWeb(Object(Config\Paths))
WARNING - 2025-03-13 03:32:10 --> [DEPRECATED] Creation of dynamic property SysAdmin\Controllers\Authority::$encrypter is deprecated in ROOTPATH\SysAdmin\Controllers\BaseController.php on line 52.
 1 ROOTPATH\SysAdmin\Controllers\Authority.php(15): SysAdmin\Controllers\BaseController->__construct()
 2 SYSTEMPATH\CodeIgniter.php(903): SysAdmin\Controllers\Authority->__construct()
 3 SYSTEMPATH\CodeIgniter.php(498): CodeIgniter\CodeIgniter->createController()
 4 SYSTEMPATH\CodeIgniter.php(354): CodeIgniter\CodeIgniter->handleRequest(null, Object(Config\Cache), false)
 5 SYSTEMPATH\Boot.php(334): CodeIgniter\CodeIgniter->run()
 6 SYSTEMPATH\Boot.php(67): CodeIgniter\Boot::runCodeIgniter(Object(CodeIgniter\CodeIgniter))
 7 FCPATH\index.php(56): CodeIgniter\Boot::bootWeb(Object(Config\Paths))
WARNING - 2025-03-13 03:32:10 --> [DEPRECATED] Creation of dynamic property SysAdmin\Controllers\Authority::$nav_mold is deprecated in ROOTPATH\SysAdmin\Controllers\Authority.php on line 16.
 1 SYSTEMPATH\CodeIgniter.php(903): SysAdmin\Controllers\Authority->__construct()
 2 SYSTEMPATH\CodeIgniter.php(498): CodeIgniter\CodeIgniter->createController()
 3 SYSTEMPATH\CodeIgniter.php(354): CodeIgniter\CodeIgniter->handleRequest(null, Object(Config\Cache), false)
 4 SYSTEMPATH\Boot.php(334): CodeIgniter\CodeIgniter->run()
 5 SYSTEMPATH\Boot.php(67): CodeIgniter\Boot::runCodeIgniter(Object(CodeIgniter\CodeIgniter))
 6 FCPATH\index.php(56): CodeIgniter\Boot::bootWeb(Object(Config\Paths))
DEBUG - 2025-03-13 03:32:32 --> Session: Class initialized using 'CodeIgniter\Session\Handlers\FileHandler' driver.
WARNING - 2025-03-13 03:32:32 --> [DEPRECATED] Creation of dynamic property SysAdmin\Controllers\Authority::$session is deprecated in ROOTPATH\SysAdmin\Controllers\BaseController.php on line 51.
 1 ROOTPATH\SysAdmin\Controllers\Authority.php(15): SysAdmin\Controllers\BaseController->__construct()
 2 SYSTEMPATH\CodeIgniter.php(903): SysAdmin\Controllers\Authority->__construct()
 3 SYSTEMPATH\CodeIgniter.php(498): CodeIgniter\CodeIgniter->createController()
 4 SYSTEMPATH\CodeIgniter.php(354): CodeIgniter\CodeIgniter->handleRequest(null, Object(Config\Cache), false)
 5 SYSTEMPATH\Boot.php(334): CodeIgniter\CodeIgniter->run()
 6 SYSTEMPATH\Boot.php(67): CodeIgniter\Boot::runCodeIgniter(Object(CodeIgniter\CodeIgniter))
 7 FCPATH\index.php(56): CodeIgniter\Boot::bootWeb(Object(Config\Paths))
WARNING - 2025-03-13 03:32:32 --> [DEPRECATED] Creation of dynamic property SysAdmin\Controllers\Authority::$encrypter is deprecated in ROOTPATH\SysAdmin\Controllers\BaseController.php on line 52.
 1 ROOTPATH\SysAdmin\Controllers\Authority.php(15): SysAdmin\Controllers\BaseController->__construct()
 2 SYSTEMPATH\CodeIgniter.php(903): SysAdmin\Controllers\Authority->__construct()
 3 SYSTEMPATH\CodeIgniter.php(498): CodeIgniter\CodeIgniter->createController()
 4 SYSTEMPATH\CodeIgniter.php(354): CodeIgniter\CodeIgniter->handleRequest(null, Object(Config\Cache), false)
 5 SYSTEMPATH\Boot.php(334): CodeIgniter\CodeIgniter->run()
 6 SYSTEMPATH\Boot.php(67): CodeIgniter\Boot::runCodeIgniter(Object(CodeIgniter\CodeIgniter))
 7 FCPATH\index.php(56): CodeIgniter\Boot::bootWeb(Object(Config\Paths))
WARNING - 2025-03-13 03:32:32 --> [DEPRECATED] Creation of dynamic property SysAdmin\Controllers\Authority::$nav_mold is deprecated in ROOTPATH\SysAdmin\Controllers\Authority.php on line 16.
 1 SYSTEMPATH\CodeIgniter.php(903): SysAdmin\Controllers\Authority->__construct()
 2 SYSTEMPATH\CodeIgniter.php(498): CodeIgniter\CodeIgniter->createController()
 3 SYSTEMPATH\CodeIgniter.php(354): CodeIgniter\CodeIgniter->handleRequest(null, Object(Config\Cache), false)
 4 SYSTEMPATH\Boot.php(334): CodeIgniter\CodeIgniter->run()
 5 SYSTEMPATH\Boot.php(67): CodeIgniter\Boot::runCodeIgniter(Object(CodeIgniter\CodeIgniter))
 6 FCPATH\index.php(56): CodeIgniter\Boot::bootWeb(Object(Config\Paths))
DEBUG - 2025-03-13 03:32:48 --> Session: Class initialized using 'CodeIgniter\Session\Handlers\FileHandler' driver.
WARNING - 2025-03-13 03:32:48 --> [DEPRECATED] Creation of dynamic property SysAdmin\Controllers\Authority::$session is deprecated in ROOTPATH\SysAdmin\Controllers\BaseController.php on line 51.
 1 ROOTPATH\SysAdmin\Controllers\Authority.php(15): SysAdmin\Controllers\BaseController->__construct()
 2 SYSTEMPATH\CodeIgniter.php(903): SysAdmin\Controllers\Authority->__construct()
 3 SYSTEMPATH\CodeIgniter.php(498): CodeIgniter\CodeIgniter->createController()
 4 SYSTEMPATH\CodeIgniter.php(354): CodeIgniter\CodeIgniter->handleRequest(null, Object(Config\Cache), false)
 5 SYSTEMPATH\Boot.php(334): CodeIgniter\CodeIgniter->run()
 6 SYSTEMPATH\Boot.php(67): CodeIgniter\Boot::runCodeIgniter(Object(CodeIgniter\CodeIgniter))
 7 FCPATH\index.php(56): CodeIgniter\Boot::bootWeb(Object(Config\Paths))
WARNING - 2025-03-13 03:32:48 --> [DEPRECATED] Creation of dynamic property SysAdmin\Controllers\Authority::$encrypter is deprecated in ROOTPATH\SysAdmin\Controllers\BaseController.php on line 52.
 1 ROOTPATH\SysAdmin\Controllers\Authority.php(15): SysAdmin\Controllers\BaseController->__construct()
 2 SYSTEMPATH\CodeIgniter.php(903): SysAdmin\Controllers\Authority->__construct()
 3 SYSTEMPATH\CodeIgniter.php(498): CodeIgniter\CodeIgniter->createController()
 4 SYSTEMPATH\CodeIgniter.php(354): CodeIgniter\CodeIgniter->handleRequest(null, Object(Config\Cache), false)
 5 SYSTEMPATH\Boot.php(334): CodeIgniter\CodeIgniter->run()
 6 SYSTEMPATH\Boot.php(67): CodeIgniter\Boot::runCodeIgniter(Object(CodeIgniter\CodeIgniter))
 7 FCPATH\index.php(56): CodeIgniter\Boot::bootWeb(Object(Config\Paths))
WARNING - 2025-03-13 03:32:48 --> [DEPRECATED] Creation of dynamic property SysAdmin\Controllers\Authority::$nav_mold is deprecated in ROOTPATH\SysAdmin\Controllers\Authority.php on line 16.
 1 SYSTEMPATH\CodeIgniter.php(903): SysAdmin\Controllers\Authority->__construct()
 2 SYSTEMPATH\CodeIgniter.php(498): CodeIgniter\CodeIgniter->createController()
 3 SYSTEMPATH\CodeIgniter.php(354): CodeIgniter\CodeIgniter->handleRequest(null, Object(Config\Cache), false)
 4 SYSTEMPATH\Boot.php(334): CodeIgniter\CodeIgniter->run()
 5 SYSTEMPATH\Boot.php(67): CodeIgniter\Boot::runCodeIgniter(Object(CodeIgniter\CodeIgniter))
 6 FCPATH\index.php(56): CodeIgniter\Boot::bootWeb(Object(Config\Paths))
DEBUG - 2025-03-13 03:32:49 --> Session: Class initialized using 'CodeIgniter\Session\Handlers\FileHandler' driver.
WARNING - 2025-03-13 03:32:49 --> [DEPRECATED] Creation of dynamic property SysAdmin\Controllers\Admin::$session is deprecated in ROOTPATH\SysAdmin\Controllers\BaseController.php on line 51.
 1 ROOTPATH\SysAdmin\Controllers\Admin.php(15): SysAdmin\Controllers\BaseController->__construct()
 2 SYSTEMPATH\CodeIgniter.php(903): SysAdmin\Controllers\Admin->__construct()
 3 SYSTEMPATH\CodeIgniter.php(498): CodeIgniter\CodeIgniter->createController()
 4 SYSTEMPATH\CodeIgniter.php(354): CodeIgniter\CodeIgniter->handleRequest(null, Object(Config\Cache), false)
 5 SYSTEMPATH\Boot.php(334): CodeIgniter\CodeIgniter->run()
 6 SYSTEMPATH\Boot.php(67): CodeIgniter\Boot::runCodeIgniter(Object(CodeIgniter\CodeIgniter))
 7 FCPATH\index.php(56): CodeIgniter\Boot::bootWeb(Object(Config\Paths))
WARNING - 2025-03-13 03:32:49 --> [DEPRECATED] Creation of dynamic property SysAdmin\Controllers\Admin::$encrypter is deprecated in ROOTPATH\SysAdmin\Controllers\BaseController.php on line 52.
 1 ROOTPATH\SysAdmin\Controllers\Admin.php(15): SysAdmin\Controllers\BaseController->__construct()
 2 SYSTEMPATH\CodeIgniter.php(903): SysAdmin\Controllers\Admin->__construct()
 3 SYSTEMPATH\CodeIgniter.php(498): CodeIgniter\CodeIgniter->createController()
 4 SYSTEMPATH\CodeIgniter.php(354): CodeIgniter\CodeIgniter->handleRequest(null, Object(Config\Cache), false)
 5 SYSTEMPATH\Boot.php(334): CodeIgniter\CodeIgniter->run()
 6 SYSTEMPATH\Boot.php(67): CodeIgniter\Boot::runCodeIgniter(Object(CodeIgniter\CodeIgniter))
 7 FCPATH\index.php(56): CodeIgniter\Boot::bootWeb(Object(Config\Paths))
WARNING - 2025-03-13 03:32:49 --> [DEPRECATED] Creation of dynamic property SysAdmin\Controllers\Admin::$nav_mold is deprecated in ROOTPATH\SysAdmin\Controllers\Admin.php on line 16.
 1 SYSTEMPATH\CodeIgniter.php(903): SysAdmin\Controllers\Admin->__construct()
 2 SYSTEMPATH\CodeIgniter.php(498): CodeIgniter\CodeIgniter->createController()
 3 SYSTEMPATH\CodeIgniter.php(354): CodeIgniter\CodeIgniter->handleRequest(null, Object(Config\Cache), false)
 4 SYSTEMPATH\Boot.php(334): CodeIgniter\CodeIgniter->run()
 5 SYSTEMPATH\Boot.php(67): CodeIgniter\Boot::runCodeIgniter(Object(CodeIgniter\CodeIgniter))
 6 FCPATH\index.php(56): CodeIgniter\Boot::bootWeb(Object(Config\Paths))
WARNING - 2025-03-13 03:32:49 --> [DEPRECATED] Creation of dynamic property SysAdmin\Controllers\Admin::$AdminModel is deprecated in ROOTPATH\SysAdmin\Controllers\Admin.php on line 28.
 1 SYSTEMPATH\CodeIgniter.php(903): SysAdmin\Controllers\Admin->__construct()
 2 SYSTEMPATH\CodeIgniter.php(498): CodeIgniter\CodeIgniter->createController()
 3 SYSTEMPATH\CodeIgniter.php(354): CodeIgniter\CodeIgniter->handleRequest(null, Object(Config\Cache), false)
 4 SYSTEMPATH\Boot.php(334): CodeIgniter\CodeIgniter->run()
 5 SYSTEMPATH\Boot.php(67): CodeIgniter\Boot::runCodeIgniter(Object(CodeIgniter\CodeIgniter))
 6 FCPATH\index.php(56): CodeIgniter\Boot::bootWeb(Object(Config\Paths))
DEBUG - 2025-03-13 03:32:51 --> Session: Class initialized using 'CodeIgniter\Session\Handlers\FileHandler' driver.
WARNING - 2025-03-13 03:32:51 --> [DEPRECATED] Creation of dynamic property SysAdmin\Controllers\Role::$session is deprecated in ROOTPATH\SysAdmin\Controllers\BaseController.php on line 51.
 1 ROOTPATH\SysAdmin\Controllers\Role.php(12): SysAdmin\Controllers\BaseController->__construct()
 2 SYSTEMPATH\CodeIgniter.php(903): SysAdmin\Controllers\Role->__construct()
 3 SYSTEMPATH\CodeIgniter.php(498): CodeIgniter\CodeIgniter->createController()
 4 SYSTEMPATH\CodeIgniter.php(354): CodeIgniter\CodeIgniter->handleRequest(null, Object(Config\Cache), false)
 5 SYSTEMPATH\Boot.php(334): CodeIgniter\CodeIgniter->run()
 6 SYSTEMPATH\Boot.php(67): CodeIgniter\Boot::runCodeIgniter(Object(CodeIgniter\CodeIgniter))
 7 FCPATH\index.php(56): CodeIgniter\Boot::bootWeb(Object(Config\Paths))
WARNING - 2025-03-13 03:32:51 --> [DEPRECATED] Creation of dynamic property SysAdmin\Controllers\Role::$encrypter is deprecated in ROOTPATH\SysAdmin\Controllers\BaseController.php on line 52.
 1 ROOTPATH\SysAdmin\Controllers\Role.php(12): SysAdmin\Controllers\BaseController->__construct()
 2 SYSTEMPATH\CodeIgniter.php(903): SysAdmin\Controllers\Role->__construct()
 3 SYSTEMPATH\CodeIgniter.php(498): CodeIgniter\CodeIgniter->createController()
 4 SYSTEMPATH\CodeIgniter.php(354): CodeIgniter\CodeIgniter->handleRequest(null, Object(Config\Cache), false)
 5 SYSTEMPATH\Boot.php(334): CodeIgniter\CodeIgniter->run()
 6 SYSTEMPATH\Boot.php(67): CodeIgniter\Boot::runCodeIgniter(Object(CodeIgniter\CodeIgniter))
 7 FCPATH\index.php(56): CodeIgniter\Boot::bootWeb(Object(Config\Paths))
WARNING - 2025-03-13 03:32:51 --> [DEPRECATED] Creation of dynamic property SysAdmin\Controllers\Role::$nav_mold is deprecated in ROOTPATH\SysAdmin\Controllers\Role.php on line 13.
 1 SYSTEMPATH\CodeIgniter.php(903): SysAdmin\Controllers\Role->__construct()
 2 SYSTEMPATH\CodeIgniter.php(498): CodeIgniter\CodeIgniter->createController()
 3 SYSTEMPATH\CodeIgniter.php(354): CodeIgniter\CodeIgniter->handleRequest(null, Object(Config\Cache), false)
 4 SYSTEMPATH\Boot.php(334): CodeIgniter\CodeIgniter->run()
 5 SYSTEMPATH\Boot.php(67): CodeIgniter\Boot::runCodeIgniter(Object(CodeIgniter\CodeIgniter))
 6 FCPATH\index.php(56): CodeIgniter\Boot::bootWeb(Object(Config\Paths))
WARNING - 2025-03-13 03:32:51 --> [DEPRECATED] Optional parameter $data declared before required parameter $rid is implicitly treated as a required parameter in ROOTPATH\SysAdmin\Models\Admin\RoleAuthModel.php on line 30.
 1 SYSTEMPATH\Autoloader\Autoloader.php(316): include_once('E:\\web\\XAMPP\\htdocs\\test\\system\\Debug\\Exceptions.php')
 2 SYSTEMPATH\Autoloader\Autoloader.php(295): CodeIgniter\Autoloader\Autoloader->includeFile('E:\\web\\XAMPP\\htdocs\\test\\SysAdmin\\Models\\Admin\\RoleAuthModel.php')
 3 SYSTEMPATH\Autoloader\Autoloader.php(271): CodeIgniter\Autoloader\Autoloader->loadInNamespace('SysAdmin\\Models\\Admin\\RoleAuthModel')
 4 ROOTPATH\SysAdmin\Controllers\Role.php(160): CodeIgniter\Autoloader\Autoloader->loadClass('SysAdmin\\Models\\Admin\\RoleAuthModel')
 5 SYSTEMPATH\CodeIgniter.php(933): SysAdmin\Controllers\Role->auth_role()
 6 SYSTEMPATH\CodeIgniter.php(507): CodeIgniter\CodeIgniter->runController(Object(SysAdmin\Controllers\Role))
 7 SYSTEMPATH\CodeIgniter.php(354): CodeIgniter\CodeIgniter->handleRequest(null, Object(Config\Cache), false)
 8 SYSTEMPATH\Boot.php(334): CodeIgniter\CodeIgniter->run()
 9 SYSTEMPATH\Boot.php(67): CodeIgniter\Boot::runCodeIgniter(Object(CodeIgniter\CodeIgniter))
10 FCPATH\index.php(56): CodeIgniter\Boot::bootWeb(Object(Config\Paths))
DEBUG - 2025-03-13 03:32:54 --> Session: Class initialized using 'CodeIgniter\Session\Handlers\FileHandler' driver.
WARNING - 2025-03-13 03:32:54 --> [DEPRECATED] Creation of dynamic property SysAdmin\Controllers\Role::$session is deprecated in ROOTPATH\SysAdmin\Controllers\BaseController.php on line 51.
 1 ROOTPATH\SysAdmin\Controllers\Role.php(12): SysAdmin\Controllers\BaseController->__construct()
 2 SYSTEMPATH\CodeIgniter.php(903): SysAdmin\Controllers\Role->__construct()
 3 SYSTEMPATH\CodeIgniter.php(498): CodeIgniter\CodeIgniter->createController()
 4 SYSTEMPATH\CodeIgniter.php(354): CodeIgniter\CodeIgniter->handleRequest(null, Object(Config\Cache), false)
 5 SYSTEMPATH\Boot.php(334): CodeIgniter\CodeIgniter->run()
 6 SYSTEMPATH\Boot.php(67): CodeIgniter\Boot::runCodeIgniter(Object(CodeIgniter\CodeIgniter))
 7 FCPATH\index.php(56): CodeIgniter\Boot::bootWeb(Object(Config\Paths))
WARNING - 2025-03-13 03:32:54 --> [DEPRECATED] Creation of dynamic property SysAdmin\Controllers\Role::$encrypter is deprecated in ROOTPATH\SysAdmin\Controllers\BaseController.php on line 52.
 1 ROOTPATH\SysAdmin\Controllers\Role.php(12): SysAdmin\Controllers\BaseController->__construct()
 2 SYSTEMPATH\CodeIgniter.php(903): SysAdmin\Controllers\Role->__construct()
 3 SYSTEMPATH\CodeIgniter.php(498): CodeIgniter\CodeIgniter->createController()
 4 SYSTEMPATH\CodeIgniter.php(354): CodeIgniter\CodeIgniter->handleRequest(null, Object(Config\Cache), false)
 5 SYSTEMPATH\Boot.php(334): CodeIgniter\CodeIgniter->run()
 6 SYSTEMPATH\Boot.php(67): CodeIgniter\Boot::runCodeIgniter(Object(CodeIgniter\CodeIgniter))
 7 FCPATH\index.php(56): CodeIgniter\Boot::bootWeb(Object(Config\Paths))
WARNING - 2025-03-13 03:32:54 --> [DEPRECATED] Creation of dynamic property SysAdmin\Controllers\Role::$nav_mold is deprecated in ROOTPATH\SysAdmin\Controllers\Role.php on line 13.
 1 SYSTEMPATH\CodeIgniter.php(903): SysAdmin\Controllers\Role->__construct()
 2 SYSTEMPATH\CodeIgniter.php(498): CodeIgniter\CodeIgniter->createController()
 3 SYSTEMPATH\CodeIgniter.php(354): CodeIgniter\CodeIgniter->handleRequest(null, Object(Config\Cache), false)
 4 SYSTEMPATH\Boot.php(334): CodeIgniter\CodeIgniter->run()
 5 SYSTEMPATH\Boot.php(67): CodeIgniter\Boot::runCodeIgniter(Object(CodeIgniter\CodeIgniter))
 6 FCPATH\index.php(56): CodeIgniter\Boot::bootWeb(Object(Config\Paths))
WARNING - 2025-03-13 03:32:54 --> [DEPRECATED] Optional parameter $id declared before required parameter $data is implicitly treated as a required parameter in ROOTPATH\SysAdmin\Models\Admin\RoleModel.php on line 34.
 1 SYSTEMPATH\Autoloader\Autoloader.php(316): include_once('E:\\web\\XAMPP\\htdocs\\test\\system\\Debug\\Exceptions.php')
 2 SYSTEMPATH\Autoloader\Autoloader.php(295): CodeIgniter\Autoloader\Autoloader->includeFile('E:\\web\\XAMPP\\htdocs\\test\\SysAdmin\\Models\\Admin\\RoleModel.php')
 3 SYSTEMPATH\Autoloader\Autoloader.php(271): CodeIgniter\Autoloader\Autoloader->loadInNamespace('SysAdmin\\Models\\Admin\\RoleModel')
 4 ROOTPATH\SysAdmin\Controllers\Role.php(93): CodeIgniter\Autoloader\Autoloader->loadClass('SysAdmin\\Models\\Admin\\RoleModel')
 5 SYSTEMPATH\CodeIgniter.php(933): SysAdmin\Controllers\Role->index()
 6 SYSTEMPATH\CodeIgniter.php(507): CodeIgniter\CodeIgniter->runController(Object(SysAdmin\Controllers\Role))
 7 SYSTEMPATH\CodeIgniter.php(354): CodeIgniter\CodeIgniter->handleRequest(null, Object(Config\Cache), false)
 8 SYSTEMPATH\Boot.php(334): CodeIgniter\CodeIgniter->run()
 9 SYSTEMPATH\Boot.php(67): CodeIgniter\Boot::runCodeIgniter(Object(CodeIgniter\CodeIgniter))
10 FCPATH\index.php(56): CodeIgniter\Boot::bootWeb(Object(Config\Paths))
DEBUG - 2025-03-13 03:32:55 --> Session: Class initialized using 'CodeIgniter\Session\Handlers\FileHandler' driver.
WARNING - 2025-03-13 03:32:55 --> [DEPRECATED] Creation of dynamic property SysAdmin\Controllers\Role::$session is deprecated in ROOTPATH\SysAdmin\Controllers\BaseController.php on line 51.
 1 ROOTPATH\SysAdmin\Controllers\Role.php(12): SysAdmin\Controllers\BaseController->__construct()
 2 SYSTEMPATH\CodeIgniter.php(903): SysAdmin\Controllers\Role->__construct()
 3 SYSTEMPATH\CodeIgniter.php(498): CodeIgniter\CodeIgniter->createController()
 4 SYSTEMPATH\CodeIgniter.php(354): CodeIgniter\CodeIgniter->handleRequest(null, Object(Config\Cache), false)
 5 SYSTEMPATH\Boot.php(334): CodeIgniter\CodeIgniter->run()
 6 SYSTEMPATH\Boot.php(67): CodeIgniter\Boot::runCodeIgniter(Object(CodeIgniter\CodeIgniter))
 7 FCPATH\index.php(56): CodeIgniter\Boot::bootWeb(Object(Config\Paths))
WARNING - 2025-03-13 03:32:55 --> [DEPRECATED] Creation of dynamic property SysAdmin\Controllers\Role::$encrypter is deprecated in ROOTPATH\SysAdmin\Controllers\BaseController.php on line 52.
 1 ROOTPATH\SysAdmin\Controllers\Role.php(12): SysAdmin\Controllers\BaseController->__construct()
 2 SYSTEMPATH\CodeIgniter.php(903): SysAdmin\Controllers\Role->__construct()
 3 SYSTEMPATH\CodeIgniter.php(498): CodeIgniter\CodeIgniter->createController()
 4 SYSTEMPATH\CodeIgniter.php(354): CodeIgniter\CodeIgniter->handleRequest(null, Object(Config\Cache), false)
 5 SYSTEMPATH\Boot.php(334): CodeIgniter\CodeIgniter->run()
 6 SYSTEMPATH\Boot.php(67): CodeIgniter\Boot::runCodeIgniter(Object(CodeIgniter\CodeIgniter))
 7 FCPATH\index.php(56): CodeIgniter\Boot::bootWeb(Object(Config\Paths))
WARNING - 2025-03-13 03:32:55 --> [DEPRECATED] Creation of dynamic property SysAdmin\Controllers\Role::$nav_mold is deprecated in ROOTPATH\SysAdmin\Controllers\Role.php on line 13.
 1 SYSTEMPATH\CodeIgniter.php(903): SysAdmin\Controllers\Role->__construct()
 2 SYSTEMPATH\CodeIgniter.php(498): CodeIgniter\CodeIgniter->createController()
 3 SYSTEMPATH\CodeIgniter.php(354): CodeIgniter\CodeIgniter->handleRequest(null, Object(Config\Cache), false)
 4 SYSTEMPATH\Boot.php(334): CodeIgniter\CodeIgniter->run()
 5 SYSTEMPATH\Boot.php(67): CodeIgniter\Boot::runCodeIgniter(Object(CodeIgniter\CodeIgniter))
 6 FCPATH\index.php(56): CodeIgniter\Boot::bootWeb(Object(Config\Paths))
WARNING - 2025-03-13 03:32:55 --> [DEPRECATED] Optional parameter $data declared before required parameter $rid is implicitly treated as a required parameter in ROOTPATH\SysAdmin\Models\Admin\RoleAuthModel.php on line 30.
 1 SYSTEMPATH\Autoloader\Autoloader.php(316): include_once('E:\\web\\XAMPP\\htdocs\\test\\system\\Debug\\Exceptions.php')
 2 SYSTEMPATH\Autoloader\Autoloader.php(295): CodeIgniter\Autoloader\Autoloader->includeFile('E:\\web\\XAMPP\\htdocs\\test\\SysAdmin\\Models\\Admin\\RoleAuthModel.php')
 3 SYSTEMPATH\Autoloader\Autoloader.php(271): CodeIgniter\Autoloader\Autoloader->loadInNamespace('SysAdmin\\Models\\Admin\\RoleAuthModel')
 4 ROOTPATH\SysAdmin\Controllers\Role.php(160): CodeIgniter\Autoloader\Autoloader->loadClass('SysAdmin\\Models\\Admin\\RoleAuthModel')
 5 SYSTEMPATH\CodeIgniter.php(933): SysAdmin\Controllers\Role->auth_role()
 6 SYSTEMPATH\CodeIgniter.php(507): CodeIgniter\CodeIgniter->runController(Object(SysAdmin\Controllers\Role))
 7 SYSTEMPATH\CodeIgniter.php(354): CodeIgniter\CodeIgniter->handleRequest(null, Object(Config\Cache), false)
 8 SYSTEMPATH\Boot.php(334): CodeIgniter\CodeIgniter->run()
 9 SYSTEMPATH\Boot.php(67): CodeIgniter\Boot::runCodeIgniter(Object(CodeIgniter\CodeIgniter))
10 FCPATH\index.php(56): CodeIgniter\Boot::bootWeb(Object(Config\Paths))
DEBUG - 2025-03-13 03:34:41 --> Session: Class initialized using 'CodeIgniter\Session\Handlers\FileHandler' driver.
WARNING - 2025-03-13 03:34:41 --> [DEPRECATED] Creation of dynamic property SysAdmin\Controllers\Admin::$session is deprecated in ROOTPATH\SysAdmin\Controllers\BaseController.php on line 51.
 1 ROOTPATH\SysAdmin\Controllers\Admin.php(15): SysAdmin\Controllers\BaseController->__construct()
 2 SYSTEMPATH\CodeIgniter.php(903): SysAdmin\Controllers\Admin->__construct()
 3 SYSTEMPATH\CodeIgniter.php(498): CodeIgniter\CodeIgniter->createController()
 4 SYSTEMPATH\CodeIgniter.php(354): CodeIgniter\CodeIgniter->handleRequest(null, Object(Config\Cache), false)
 5 SYSTEMPATH\Boot.php(334): CodeIgniter\CodeIgniter->run()
 6 SYSTEMPATH\Boot.php(67): CodeIgniter\Boot::runCodeIgniter(Object(CodeIgniter\CodeIgniter))
 7 FCPATH\index.php(56): CodeIgniter\Boot::bootWeb(Object(Config\Paths))
WARNING - 2025-03-13 03:34:41 --> [DEPRECATED] Creation of dynamic property SysAdmin\Controllers\Admin::$encrypter is deprecated in ROOTPATH\SysAdmin\Controllers\BaseController.php on line 52.
 1 ROOTPATH\SysAdmin\Controllers\Admin.php(15): SysAdmin\Controllers\BaseController->__construct()
 2 SYSTEMPATH\CodeIgniter.php(903): SysAdmin\Controllers\Admin->__construct()
 3 SYSTEMPATH\CodeIgniter.php(498): CodeIgniter\CodeIgniter->createController()
 4 SYSTEMPATH\CodeIgniter.php(354): CodeIgniter\CodeIgniter->handleRequest(null, Object(Config\Cache), false)
 5 SYSTEMPATH\Boot.php(334): CodeIgniter\CodeIgniter->run()
 6 SYSTEMPATH\Boot.php(67): CodeIgniter\Boot::runCodeIgniter(Object(CodeIgniter\CodeIgniter))
 7 FCPATH\index.php(56): CodeIgniter\Boot::bootWeb(Object(Config\Paths))
WARNING - 2025-03-13 03:34:41 --> [DEPRECATED] Creation of dynamic property SysAdmin\Controllers\Admin::$nav_mold is deprecated in ROOTPATH\SysAdmin\Controllers\Admin.php on line 16.
 1 SYSTEMPATH\CodeIgniter.php(903): SysAdmin\Controllers\Admin->__construct()
 2 SYSTEMPATH\CodeIgniter.php(498): CodeIgniter\CodeIgniter->createController()
 3 SYSTEMPATH\CodeIgniter.php(354): CodeIgniter\CodeIgniter->handleRequest(null, Object(Config\Cache), false)
 4 SYSTEMPATH\Boot.php(334): CodeIgniter\CodeIgniter->run()
 5 SYSTEMPATH\Boot.php(67): CodeIgniter\Boot::runCodeIgniter(Object(CodeIgniter\CodeIgniter))
 6 FCPATH\index.php(56): CodeIgniter\Boot::bootWeb(Object(Config\Paths))
WARNING - 2025-03-13 03:34:41 --> [DEPRECATED] Creation of dynamic property SysAdmin\Controllers\Admin::$AdminModel is deprecated in ROOTPATH\SysAdmin\Controllers\Admin.php on line 28.
 1 SYSTEMPATH\CodeIgniter.php(903): SysAdmin\Controllers\Admin->__construct()
 2 SYSTEMPATH\CodeIgniter.php(498): CodeIgniter\CodeIgniter->createController()
 3 SYSTEMPATH\CodeIgniter.php(354): CodeIgniter\CodeIgniter->handleRequest(null, Object(Config\Cache), false)
 4 SYSTEMPATH\Boot.php(334): CodeIgniter\CodeIgniter->run()
 5 SYSTEMPATH\Boot.php(67): CodeIgniter\Boot::runCodeIgniter(Object(CodeIgniter\CodeIgniter))
 6 FCPATH\index.php(56): CodeIgniter\Boot::bootWeb(Object(Config\Paths))
DEBUG - 2025-03-13 03:35:11 --> Session: Class initialized using 'CodeIgniter\Session\Handlers\FileHandler' driver.
WARNING - 2025-03-13 03:35:12 --> [DEPRECATED] Creation of dynamic property SysAdmin\Controllers\Admin::$session is deprecated in ROOTPATH\SysAdmin\Controllers\BaseController.php on line 51.
 1 ROOTPATH\SysAdmin\Controllers\Admin.php(15): SysAdmin\Controllers\BaseController->__construct()
 2 SYSTEMPATH\CodeIgniter.php(903): SysAdmin\Controllers\Admin->__construct()
 3 SYSTEMPATH\CodeIgniter.php(498): CodeIgniter\CodeIgniter->createController()
 4 SYSTEMPATH\CodeIgniter.php(354): CodeIgniter\CodeIgniter->handleRequest(null, Object(Config\Cache), false)
 5 SYSTEMPATH\Boot.php(334): CodeIgniter\CodeIgniter->run()
 6 SYSTEMPATH\Boot.php(67): CodeIgniter\Boot::runCodeIgniter(Object(CodeIgniter\CodeIgniter))
 7 FCPATH\index.php(56): CodeIgniter\Boot::bootWeb(Object(Config\Paths))
WARNING - 2025-03-13 03:35:12 --> [DEPRECATED] Creation of dynamic property SysAdmin\Controllers\Admin::$encrypter is deprecated in ROOTPATH\SysAdmin\Controllers\BaseController.php on line 52.
 1 ROOTPATH\SysAdmin\Controllers\Admin.php(15): SysAdmin\Controllers\BaseController->__construct()
 2 SYSTEMPATH\CodeIgniter.php(903): SysAdmin\Controllers\Admin->__construct()
 3 SYSTEMPATH\CodeIgniter.php(498): CodeIgniter\CodeIgniter->createController()
 4 SYSTEMPATH\CodeIgniter.php(354): CodeIgniter\CodeIgniter->handleRequest(null, Object(Config\Cache), false)
 5 SYSTEMPATH\Boot.php(334): CodeIgniter\CodeIgniter->run()
 6 SYSTEMPATH\Boot.php(67): CodeIgniter\Boot::runCodeIgniter(Object(CodeIgniter\CodeIgniter))
 7 FCPATH\index.php(56): CodeIgniter\Boot::bootWeb(Object(Config\Paths))
WARNING - 2025-03-13 03:35:12 --> [DEPRECATED] Creation of dynamic property SysAdmin\Controllers\Admin::$nav_mold is deprecated in ROOTPATH\SysAdmin\Controllers\Admin.php on line 16.
 1 SYSTEMPATH\CodeIgniter.php(903): SysAdmin\Controllers\Admin->__construct()
 2 SYSTEMPATH\CodeIgniter.php(498): CodeIgniter\CodeIgniter->createController()
 3 SYSTEMPATH\CodeIgniter.php(354): CodeIgniter\CodeIgniter->handleRequest(null, Object(Config\Cache), false)
 4 SYSTEMPATH\Boot.php(334): CodeIgniter\CodeIgniter->run()
 5 SYSTEMPATH\Boot.php(67): CodeIgniter\Boot::runCodeIgniter(Object(CodeIgniter\CodeIgniter))
 6 FCPATH\index.php(56): CodeIgniter\Boot::bootWeb(Object(Config\Paths))
WARNING - 2025-03-13 03:35:12 --> [DEPRECATED] Creation of dynamic property SysAdmin\Controllers\Admin::$AdminModel is deprecated in ROOTPATH\SysAdmin\Controllers\Admin.php on line 28.
 1 SYSTEMPATH\CodeIgniter.php(903): SysAdmin\Controllers\Admin->__construct()
 2 SYSTEMPATH\CodeIgniter.php(498): CodeIgniter\CodeIgniter->createController()
 3 SYSTEMPATH\CodeIgniter.php(354): CodeIgniter\CodeIgniter->handleRequest(null, Object(Config\Cache), false)
 4 SYSTEMPATH\Boot.php(334): CodeIgniter\CodeIgniter->run()
 5 SYSTEMPATH\Boot.php(67): CodeIgniter\Boot::runCodeIgniter(Object(CodeIgniter\CodeIgniter))
 6 FCPATH\index.php(56): CodeIgniter\Boot::bootWeb(Object(Config\Paths))
DEBUG - 2025-03-13 03:35:49 --> Session: Class initialized using 'CodeIgniter\Session\Handlers\FileHandler' driver.
WARNING - 2025-03-13 03:35:49 --> [DEPRECATED] Creation of dynamic property SysAdmin\Controllers\OPLOG::$session is deprecated in ROOTPATH\SysAdmin\Controllers\BaseController.php on line 51.
 1 ROOTPATH\SysAdmin\Controllers\OPLOG.php(9): SysAdmin\Controllers\BaseController->__construct()
 2 SYSTEMPATH\CodeIgniter.php(903): SysAdmin\Controllers\OPLOG->__construct()
 3 SYSTEMPATH\CodeIgniter.php(498): CodeIgniter\CodeIgniter->createController()
 4 SYSTEMPATH\CodeIgniter.php(354): CodeIgniter\CodeIgniter->handleRequest(null, Object(Config\Cache), false)
 5 SYSTEMPATH\Boot.php(334): CodeIgniter\CodeIgniter->run()
 6 SYSTEMPATH\Boot.php(67): CodeIgniter\Boot::runCodeIgniter(Object(CodeIgniter\CodeIgniter))
 7 FCPATH\index.php(56): CodeIgniter\Boot::bootWeb(Object(Config\Paths))
WARNING - 2025-03-13 03:35:49 --> [DEPRECATED] Creation of dynamic property SysAdmin\Controllers\OPLOG::$encrypter is deprecated in ROOTPATH\SysAdmin\Controllers\BaseController.php on line 52.
 1 ROOTPATH\SysAdmin\Controllers\OPLOG.php(9): SysAdmin\Controllers\BaseController->__construct()
 2 SYSTEMPATH\CodeIgniter.php(903): SysAdmin\Controllers\OPLOG->__construct()
 3 SYSTEMPATH\CodeIgniter.php(498): CodeIgniter\CodeIgniter->createController()
 4 SYSTEMPATH\CodeIgniter.php(354): CodeIgniter\CodeIgniter->handleRequest(null, Object(Config\Cache), false)
 5 SYSTEMPATH\Boot.php(334): CodeIgniter\CodeIgniter->run()
 6 SYSTEMPATH\Boot.php(67): CodeIgniter\Boot::runCodeIgniter(Object(CodeIgniter\CodeIgniter))
 7 FCPATH\index.php(56): CodeIgniter\Boot::bootWeb(Object(Config\Paths))
WARNING - 2025-03-13 03:35:49 --> [DEPRECATED] Creation of dynamic property SysAdmin\Controllers\OPLOG::$nav_mold is deprecated in ROOTPATH\SysAdmin\Controllers\OPLOG.php on line 10.
 1 SYSTEMPATH\CodeIgniter.php(903): SysAdmin\Controllers\OPLOG->__construct()
 2 SYSTEMPATH\CodeIgniter.php(498): CodeIgniter\CodeIgniter->createController()
 3 SYSTEMPATH\CodeIgniter.php(354): CodeIgniter\CodeIgniter->handleRequest(null, Object(Config\Cache), false)
 4 SYSTEMPATH\Boot.php(334): CodeIgniter\CodeIgniter->run()
 5 SYSTEMPATH\Boot.php(67): CodeIgniter\Boot::runCodeIgniter(Object(CodeIgniter\CodeIgniter))
 6 FCPATH\index.php(56): CodeIgniter\Boot::bootWeb(Object(Config\Paths))
WARNING - 2025-03-13 03:35:49 --> [DEPRECATED] Creation of dynamic property SysAdmin\Controllers\OPLOG::$OpLogModel is deprecated in ROOTPATH\SysAdmin\Controllers\OPLOG.php on line 22.
 1 SYSTEMPATH\CodeIgniter.php(903): SysAdmin\Controllers\OPLOG->__construct()
 2 SYSTEMPATH\CodeIgniter.php(498): CodeIgniter\CodeIgniter->createController()
 3 SYSTEMPATH\CodeIgniter.php(354): CodeIgniter\CodeIgniter->handleRequest(null, Object(Config\Cache), false)
 4 SYSTEMPATH\Boot.php(334): CodeIgniter\CodeIgniter->run()
 5 SYSTEMPATH\Boot.php(67): CodeIgniter\Boot::runCodeIgniter(Object(CodeIgniter\CodeIgniter))
 6 FCPATH\index.php(56): CodeIgniter\Boot::bootWeb(Object(Config\Paths))
WARNING - 2025-03-13 03:35:49 --> [DEPRECATED] trim(): Passing null to parameter #1 ($string) of type string is deprecated in ROOTPATH\SysAdmin\Controllers\OPLOG.php on line 49.
 1 ROOTPATH\SysAdmin\Controllers\OPLOG.php(49): trim(null)
 2 ROOTPATH\SysAdmin\Controllers\OPLOG.php(26): SysAdmin\Controllers\OPLOG->condition()
 3 SYSTEMPATH\CodeIgniter.php(933): SysAdmin\Controllers\OPLOG->index()
 4 SYSTEMPATH\CodeIgniter.php(507): CodeIgniter\CodeIgniter->runController(Object(SysAdmin\Controllers\OPLOG))
 5 SYSTEMPATH\CodeIgniter.php(354): CodeIgniter\CodeIgniter->handleRequest(null, Object(Config\Cache), false)
 6 SYSTEMPATH\Boot.php(334): CodeIgniter\CodeIgniter->run()
 7 SYSTEMPATH\Boot.php(67): CodeIgniter\Boot::runCodeIgniter(Object(CodeIgniter\CodeIgniter))
 8 FCPATH\index.php(56): CodeIgniter\Boot::bootWeb(Object(Config\Paths))
WARNING - 2025-03-13 03:35:49 --> [DEPRECATED] trim(): Passing null to parameter #1 ($string) of type string is deprecated in ROOTPATH\SysAdmin\Controllers\OPLOG.php on line 53.
 1 ROOTPATH\SysAdmin\Controllers\OPLOG.php(53): trim(null)
 2 ROOTPATH\SysAdmin\Controllers\OPLOG.php(26): SysAdmin\Controllers\OPLOG->condition()
 3 SYSTEMPATH\CodeIgniter.php(933): SysAdmin\Controllers\OPLOG->index()
 4 SYSTEMPATH\CodeIgniter.php(507): CodeIgniter\CodeIgniter->runController(Object(SysAdmin\Controllers\OPLOG))
 5 SYSTEMPATH\CodeIgniter.php(354): CodeIgniter\CodeIgniter->handleRequest(null, Object(Config\Cache), false)
 6 SYSTEMPATH\Boot.php(334): CodeIgniter\CodeIgniter->run()
 7 SYSTEMPATH\Boot.php(67): CodeIgniter\Boot::runCodeIgniter(Object(CodeIgniter\CodeIgniter))
 8 FCPATH\index.php(56): CodeIgniter\Boot::bootWeb(Object(Config\Paths))
DEBUG - 2025-03-13 04:35:07 --> Session: Class initialized using 'CodeIgniter\Session\Handlers\FileHandler' driver.
WARNING - 2025-03-13 04:35:07 --> [DEPRECATED] Creation of dynamic property SysAdmin\Controllers\OPLOG::$session is deprecated in ROOTPATH\SysAdmin\Controllers\BaseController.php on line 51.
 1 ROOTPATH\SysAdmin\Controllers\OPLOG.php(9): SysAdmin\Controllers\BaseController->__construct()
 2 SYSTEMPATH\CodeIgniter.php(903): SysAdmin\Controllers\OPLOG->__construct()
 3 SYSTEMPATH\CodeIgniter.php(498): CodeIgniter\CodeIgniter->createController()
 4 SYSTEMPATH\CodeIgniter.php(354): CodeIgniter\CodeIgniter->handleRequest(null, Object(Config\Cache), false)
 5 SYSTEMPATH\Boot.php(334): CodeIgniter\CodeIgniter->run()
 6 SYSTEMPATH\Boot.php(67): CodeIgniter\Boot::runCodeIgniter(Object(CodeIgniter\CodeIgniter))
 7 FCPATH\index.php(56): CodeIgniter\Boot::bootWeb(Object(Config\Paths))
WARNING - 2025-03-13 04:35:07 --> [DEPRECATED] Creation of dynamic property SysAdmin\Controllers\OPLOG::$encrypter is deprecated in ROOTPATH\SysAdmin\Controllers\BaseController.php on line 52.
 1 ROOTPATH\SysAdmin\Controllers\OPLOG.php(9): SysAdmin\Controllers\BaseController->__construct()
 2 SYSTEMPATH\CodeIgniter.php(903): SysAdmin\Controllers\OPLOG->__construct()
 3 SYSTEMPATH\CodeIgniter.php(498): CodeIgniter\CodeIgniter->createController()
 4 SYSTEMPATH\CodeIgniter.php(354): CodeIgniter\CodeIgniter->handleRequest(null, Object(Config\Cache), false)
 5 SYSTEMPATH\Boot.php(334): CodeIgniter\CodeIgniter->run()
 6 SYSTEMPATH\Boot.php(67): CodeIgniter\Boot::runCodeIgniter(Object(CodeIgniter\CodeIgniter))
 7 FCPATH\index.php(56): CodeIgniter\Boot::bootWeb(Object(Config\Paths))
WARNING - 2025-03-13 04:35:07 --> [DEPRECATED] Creation of dynamic property SysAdmin\Controllers\OPLOG::$nav_mold is deprecated in ROOTPATH\SysAdmin\Controllers\OPLOG.php on line 10.
 1 SYSTEMPATH\CodeIgniter.php(903): SysAdmin\Controllers\OPLOG->__construct()
 2 SYSTEMPATH\CodeIgniter.php(498): CodeIgniter\CodeIgniter->createController()
 3 SYSTEMPATH\CodeIgniter.php(354): CodeIgniter\CodeIgniter->handleRequest(null, Object(Config\Cache), false)
 4 SYSTEMPATH\Boot.php(334): CodeIgniter\CodeIgniter->run()
 5 SYSTEMPATH\Boot.php(67): CodeIgniter\Boot::runCodeIgniter(Object(CodeIgniter\CodeIgniter))
 6 FCPATH\index.php(56): CodeIgniter\Boot::bootWeb(Object(Config\Paths))
WARNING - 2025-03-13 04:35:07 --> [DEPRECATED] Creation of dynamic property SysAdmin\Controllers\OPLOG::$OpLogModel is deprecated in ROOTPATH\SysAdmin\Controllers\OPLOG.php on line 22.
 1 SYSTEMPATH\CodeIgniter.php(903): SysAdmin\Controllers\OPLOG->__construct()
 2 SYSTEMPATH\CodeIgniter.php(498): CodeIgniter\CodeIgniter->createController()
 3 SYSTEMPATH\CodeIgniter.php(354): CodeIgniter\CodeIgniter->handleRequest(null, Object(Config\Cache), false)
 4 SYSTEMPATH\Boot.php(334): CodeIgniter\CodeIgniter->run()
 5 SYSTEMPATH\Boot.php(67): CodeIgniter\Boot::runCodeIgniter(Object(CodeIgniter\CodeIgniter))
 6 FCPATH\index.php(56): CodeIgniter\Boot::bootWeb(Object(Config\Paths))
WARNING - 2025-03-13 04:35:07 --> [DEPRECATED] trim(): Passing null to parameter #1 ($string) of type string is deprecated in ROOTPATH\SysAdmin\Controllers\OPLOG.php on line 49.
 1 ROOTPATH\SysAdmin\Controllers\OPLOG.php(49): trim(null)
 2 ROOTPATH\SysAdmin\Controllers\OPLOG.php(26): SysAdmin\Controllers\OPLOG->condition()
 3 SYSTEMPATH\CodeIgniter.php(933): SysAdmin\Controllers\OPLOG->index()
 4 SYSTEMPATH\CodeIgniter.php(507): CodeIgniter\CodeIgniter->runController(Object(SysAdmin\Controllers\OPLOG))
 5 SYSTEMPATH\CodeIgniter.php(354): CodeIgniter\CodeIgniter->handleRequest(null, Object(Config\Cache), false)
 6 SYSTEMPATH\Boot.php(334): CodeIgniter\CodeIgniter->run()
 7 SYSTEMPATH\Boot.php(67): CodeIgniter\Boot::runCodeIgniter(Object(CodeIgniter\CodeIgniter))
 8 FCPATH\index.php(56): CodeIgniter\Boot::bootWeb(Object(Config\Paths))
WARNING - 2025-03-13 04:35:07 --> [DEPRECATED] trim(): Passing null to parameter #1 ($string) of type string is deprecated in ROOTPATH\SysAdmin\Controllers\OPLOG.php on line 53.
 1 ROOTPATH\SysAdmin\Controllers\OPLOG.php(53): trim(null)
 2 ROOTPATH\SysAdmin\Controllers\OPLOG.php(26): SysAdmin\Controllers\OPLOG->condition()
 3 SYSTEMPATH\CodeIgniter.php(933): SysAdmin\Controllers\OPLOG->index()
 4 SYSTEMPATH\CodeIgniter.php(507): CodeIgniter\CodeIgniter->runController(Object(SysAdmin\Controllers\OPLOG))
 5 SYSTEMPATH\CodeIgniter.php(354): CodeIgniter\CodeIgniter->handleRequest(null, Object(Config\Cache), false)
 6 SYSTEMPATH\Boot.php(334): CodeIgniter\CodeIgniter->run()
 7 SYSTEMPATH\Boot.php(67): CodeIgniter\Boot::runCodeIgniter(Object(CodeIgniter\CodeIgniter))
 8 FCPATH\index.php(56): CodeIgniter\Boot::bootWeb(Object(Config\Paths))
DEBUG - 2025-03-13 04:40:16 --> Session: Class initialized using 'CodeIgniter\Session\Handlers\FileHandler' driver.
WARNING - 2025-03-13 04:40:16 --> [DEPRECATED] Creation of dynamic property SysAdmin\Controllers\Home::$session is deprecated in ROOTPATH\SysAdmin\Controllers\BaseController.php on line 51.
 1 ROOTPATH\SysAdmin\Controllers\Home.php(10): SysAdmin\Controllers\BaseController->__construct()
 2 SYSTEMPATH\CodeIgniter.php(903): SysAdmin\Controllers\Home->__construct()
 3 SYSTEMPATH\CodeIgniter.php(498): CodeIgniter\CodeIgniter->createController()
 4 SYSTEMPATH\CodeIgniter.php(354): CodeIgniter\CodeIgniter->handleRequest(null, Object(Config\Cache), false)
 5 SYSTEMPATH\Boot.php(334): CodeIgniter\CodeIgniter->run()
 6 SYSTEMPATH\Boot.php(67): CodeIgniter\Boot::runCodeIgniter(Object(CodeIgniter\CodeIgniter))
 7 FCPATH\index.php(56): CodeIgniter\Boot::bootWeb(Object(Config\Paths))
WARNING - 2025-03-13 04:40:16 --> [DEPRECATED] Creation of dynamic property SysAdmin\Controllers\Home::$encrypter is deprecated in ROOTPATH\SysAdmin\Controllers\BaseController.php on line 52.
 1 ROOTPATH\SysAdmin\Controllers\Home.php(10): SysAdmin\Controllers\BaseController->__construct()
 2 SYSTEMPATH\CodeIgniter.php(903): SysAdmin\Controllers\Home->__construct()
 3 SYSTEMPATH\CodeIgniter.php(498): CodeIgniter\CodeIgniter->createController()
 4 SYSTEMPATH\CodeIgniter.php(354): CodeIgniter\CodeIgniter->handleRequest(null, Object(Config\Cache), false)
 5 SYSTEMPATH\Boot.php(334): CodeIgniter\CodeIgniter->run()
 6 SYSTEMPATH\Boot.php(67): CodeIgniter\Boot::runCodeIgniter(Object(CodeIgniter\CodeIgniter))
 7 FCPATH\index.php(56): CodeIgniter\Boot::bootWeb(Object(Config\Paths))
DEBUG - 2025-03-13 04:40:17 --> Session: Class initialized using 'CodeIgniter\Session\Handlers\FileHandler' driver.
WARNING - 2025-03-13 04:40:17 --> [DEPRECATED] Creation of dynamic property SysAdmin\Controllers\Home::$session is deprecated in ROOTPATH\SysAdmin\Controllers\BaseController.php on line 51.
 1 ROOTPATH\SysAdmin\Controllers\Home.php(10): SysAdmin\Controllers\BaseController->__construct()
 2 SYSTEMPATH\CodeIgniter.php(903): SysAdmin\Controllers\Home->__construct()
 3 SYSTEMPATH\CodeIgniter.php(498): CodeIgniter\CodeIgniter->createController()
 4 SYSTEMPATH\CodeIgniter.php(354): CodeIgniter\CodeIgniter->handleRequest(null, Object(Config\Cache), false)
 5 SYSTEMPATH\Boot.php(334): CodeIgniter\CodeIgniter->run()
 6 SYSTEMPATH\Boot.php(67): CodeIgniter\Boot::runCodeIgniter(Object(CodeIgniter\CodeIgniter))
 7 FCPATH\index.php(56): CodeIgniter\Boot::bootWeb(Object(Config\Paths))
WARNING - 2025-03-13 04:40:17 --> [DEPRECATED] Creation of dynamic property SysAdmin\Controllers\Home::$encrypter is deprecated in ROOTPATH\SysAdmin\Controllers\BaseController.php on line 52.
 1 ROOTPATH\SysAdmin\Controllers\Home.php(10): SysAdmin\Controllers\BaseController->__construct()
 2 SYSTEMPATH\CodeIgniter.php(903): SysAdmin\Controllers\Home->__construct()
 3 SYSTEMPATH\CodeIgniter.php(498): CodeIgniter\CodeIgniter->createController()
 4 SYSTEMPATH\CodeIgniter.php(354): CodeIgniter\CodeIgniter->handleRequest(null, Object(Config\Cache), false)
 5 SYSTEMPATH\Boot.php(334): CodeIgniter\CodeIgniter->run()
 6 SYSTEMPATH\Boot.php(67): CodeIgniter\Boot::runCodeIgniter(Object(CodeIgniter\CodeIgniter))
 7 FCPATH\index.php(56): CodeIgniter\Boot::bootWeb(Object(Config\Paths))
DEBUG - 2025-03-13 04:40:17 --> Session: Class initialized using 'CodeIgniter\Session\Handlers\FileHandler' driver.
WARNING - 2025-03-13 04:40:17 --> [DEPRECATED] Creation of dynamic property SysAdmin\Controllers\Home::$session is deprecated in ROOTPATH\SysAdmin\Controllers\BaseController.php on line 51.
 1 ROOTPATH\SysAdmin\Controllers\Home.php(10): SysAdmin\Controllers\BaseController->__construct()
 2 SYSTEMPATH\CodeIgniter.php(903): SysAdmin\Controllers\Home->__construct()
 3 SYSTEMPATH\CodeIgniter.php(498): CodeIgniter\CodeIgniter->createController()
 4 SYSTEMPATH\CodeIgniter.php(354): CodeIgniter\CodeIgniter->handleRequest(null, Object(Config\Cache), false)
 5 SYSTEMPATH\Boot.php(334): CodeIgniter\CodeIgniter->run()
 6 SYSTEMPATH\Boot.php(67): CodeIgniter\Boot::runCodeIgniter(Object(CodeIgniter\CodeIgniter))
 7 FCPATH\index.php(56): CodeIgniter\Boot::bootWeb(Object(Config\Paths))
WARNING - 2025-03-13 04:40:17 --> [DEPRECATED] Creation of dynamic property SysAdmin\Controllers\Home::$encrypter is deprecated in ROOTPATH\SysAdmin\Controllers\BaseController.php on line 52.
 1 ROOTPATH\SysAdmin\Controllers\Home.php(10): SysAdmin\Controllers\BaseController->__construct()
 2 SYSTEMPATH\CodeIgniter.php(903): SysAdmin\Controllers\Home->__construct()
 3 SYSTEMPATH\CodeIgniter.php(498): CodeIgniter\CodeIgniter->createController()
 4 SYSTEMPATH\CodeIgniter.php(354): CodeIgniter\CodeIgniter->handleRequest(null, Object(Config\Cache), false)
 5 SYSTEMPATH\Boot.php(334): CodeIgniter\CodeIgniter->run()
 6 SYSTEMPATH\Boot.php(67): CodeIgniter\Boot::runCodeIgniter(Object(CodeIgniter\CodeIgniter))
 7 FCPATH\index.php(56): CodeIgniter\Boot::bootWeb(Object(Config\Paths))
DEBUG - 2025-03-13 04:40:37 --> Session: Class initialized using 'CodeIgniter\Session\Handlers\FileHandler' driver.
WARNING - 2025-03-13 04:40:37 --> [DEPRECATED] Creation of dynamic property SysAdmin\Controllers\Home::$session is deprecated in ROOTPATH\SysAdmin\Controllers\BaseController.php on line 51.
 1 ROOTPATH\SysAdmin\Controllers\Home.php(10): SysAdmin\Controllers\BaseController->__construct()
 2 SYSTEMPATH\CodeIgniter.php(903): SysAdmin\Controllers\Home->__construct()
 3 SYSTEMPATH\CodeIgniter.php(498): CodeIgniter\CodeIgniter->createController()
 4 SYSTEMPATH\CodeIgniter.php(354): CodeIgniter\CodeIgniter->handleRequest(null, Object(Config\Cache), false)
 5 SYSTEMPATH\Boot.php(334): CodeIgniter\CodeIgniter->run()
 6 SYSTEMPATH\Boot.php(67): CodeIgniter\Boot::runCodeIgniter(Object(CodeIgniter\CodeIgniter))
 7 FCPATH\index.php(56): CodeIgniter\Boot::bootWeb(Object(Config\Paths))
WARNING - 2025-03-13 04:40:37 --> [DEPRECATED] Creation of dynamic property SysAdmin\Controllers\Home::$encrypter is deprecated in ROOTPATH\SysAdmin\Controllers\BaseController.php on line 52.
 1 ROOTPATH\SysAdmin\Controllers\Home.php(10): SysAdmin\Controllers\BaseController->__construct()
 2 SYSTEMPATH\CodeIgniter.php(903): SysAdmin\Controllers\Home->__construct()
 3 SYSTEMPATH\CodeIgniter.php(498): CodeIgniter\CodeIgniter->createController()
 4 SYSTEMPATH\CodeIgniter.php(354): CodeIgniter\CodeIgniter->handleRequest(null, Object(Config\Cache), false)
 5 SYSTEMPATH\Boot.php(334): CodeIgniter\CodeIgniter->run()
 6 SYSTEMPATH\Boot.php(67): CodeIgniter\Boot::runCodeIgniter(Object(CodeIgniter\CodeIgniter))
 7 FCPATH\index.php(56): CodeIgniter\Boot::bootWeb(Object(Config\Paths))
DEBUG - 2025-03-13 04:42:39 --> Session: Class initialized using 'CodeIgniter\Session\Handlers\FileHandler' driver.
WARNING - 2025-03-13 04:42:39 --> [DEPRECATED] Creation of dynamic property SysAdmin\Controllers\Article::$session is deprecated in ROOTPATH\SysAdmin\Controllers\BaseController.php on line 51.
 1 ROOTPATH\SysAdmin\Controllers\Article.php(10): SysAdmin\Controllers\BaseController->__construct()
 2 SYSTEMPATH\CodeIgniter.php(903): SysAdmin\Controllers\Article->__construct()
 3 SYSTEMPATH\CodeIgniter.php(498): CodeIgniter\CodeIgniter->createController()
 4 SYSTEMPATH\CodeIgniter.php(354): CodeIgniter\CodeIgniter->handleRequest(null, Object(Config\Cache), false)
 5 SYSTEMPATH\Boot.php(334): CodeIgniter\CodeIgniter->run()
 6 SYSTEMPATH\Boot.php(67): CodeIgniter\Boot::runCodeIgniter(Object(CodeIgniter\CodeIgniter))
 7 FCPATH\index.php(56): CodeIgniter\Boot::bootWeb(Object(Config\Paths))
WARNING - 2025-03-13 04:42:39 --> [DEPRECATED] Creation of dynamic property SysAdmin\Controllers\Article::$encrypter is deprecated in ROOTPATH\SysAdmin\Controllers\BaseController.php on line 52.
 1 ROOTPATH\SysAdmin\Controllers\Article.php(10): SysAdmin\Controllers\BaseController->__construct()
 2 SYSTEMPATH\CodeIgniter.php(903): SysAdmin\Controllers\Article->__construct()
 3 SYSTEMPATH\CodeIgniter.php(498): CodeIgniter\CodeIgniter->createController()
 4 SYSTEMPATH\CodeIgniter.php(354): CodeIgniter\CodeIgniter->handleRequest(null, Object(Config\Cache), false)
 5 SYSTEMPATH\Boot.php(334): CodeIgniter\CodeIgniter->run()
 6 SYSTEMPATH\Boot.php(67): CodeIgniter\Boot::runCodeIgniter(Object(CodeIgniter\CodeIgniter))
 7 FCPATH\index.php(56): CodeIgniter\Boot::bootWeb(Object(Config\Paths))
WARNING - 2025-03-13 04:42:39 --> [DEPRECATED] Creation of dynamic property SysAdmin\Controllers\Article::$nav_mold is deprecated in ROOTPATH\SysAdmin\Controllers\Article.php on line 11.
 1 SYSTEMPATH\CodeIgniter.php(903): SysAdmin\Controllers\Article->__construct()
 2 SYSTEMPATH\CodeIgniter.php(498): CodeIgniter\CodeIgniter->createController()
 3 SYSTEMPATH\CodeIgniter.php(354): CodeIgniter\CodeIgniter->handleRequest(null, Object(Config\Cache), false)
 4 SYSTEMPATH\Boot.php(334): CodeIgniter\CodeIgniter->run()
 5 SYSTEMPATH\Boot.php(67): CodeIgniter\Boot::runCodeIgniter(Object(CodeIgniter\CodeIgniter))
 6 FCPATH\index.php(56): CodeIgniter\Boot::bootWeb(Object(Config\Paths))
WARNING - 2025-03-13 04:42:39 --> [DEPRECATED] trim(): Passing null to parameter #1 ($string) of type string is deprecated in ROOTPATH\SysAdmin\Controllers\Article.php on line 55.
 1 ROOTPATH\SysAdmin\Controllers\Article.php(55): trim(null)
 2 ROOTPATH\SysAdmin\Controllers\Article.php(26): SysAdmin\Controllers\Article->condition()
 3 SYSTEMPATH\CodeIgniter.php(933): SysAdmin\Controllers\Article->index()
 4 SYSTEMPATH\CodeIgniter.php(507): CodeIgniter\CodeIgniter->runController(Object(SysAdmin\Controllers\Article))
 5 SYSTEMPATH\CodeIgniter.php(354): CodeIgniter\CodeIgniter->handleRequest(null, Object(Config\Cache), false)
 6 SYSTEMPATH\Boot.php(334): CodeIgniter\CodeIgniter->run()
 7 SYSTEMPATH\Boot.php(67): CodeIgniter\Boot::runCodeIgniter(Object(CodeIgniter\CodeIgniter))
 8 FCPATH\index.php(56): CodeIgniter\Boot::bootWeb(Object(Config\Paths))
WARNING - 2025-03-13 04:42:39 --> [DEPRECATED] trim(): Passing null to parameter #1 ($string) of type string is deprecated in ROOTPATH\SysAdmin\Controllers\Article.php on line 59.
 1 ROOTPATH\SysAdmin\Controllers\Article.php(59): trim(null)
 2 ROOTPATH\SysAdmin\Controllers\Article.php(26): SysAdmin\Controllers\Article->condition()
 3 SYSTEMPATH\CodeIgniter.php(933): SysAdmin\Controllers\Article->index()
 4 SYSTEMPATH\CodeIgniter.php(507): CodeIgniter\CodeIgniter->runController(Object(SysAdmin\Controllers\Article))
 5 SYSTEMPATH\CodeIgniter.php(354): CodeIgniter\CodeIgniter->handleRequest(null, Object(Config\Cache), false)
 6 SYSTEMPATH\Boot.php(334): CodeIgniter\CodeIgniter->run()
 7 SYSTEMPATH\Boot.php(67): CodeIgniter\Boot::runCodeIgniter(Object(CodeIgniter\CodeIgniter))
 8 FCPATH\index.php(56): CodeIgniter\Boot::bootWeb(Object(Config\Paths))
WARNING - 2025-03-13 04:42:39 --> [DEPRECATED] trim(): Passing null to parameter #1 ($string) of type string is deprecated in ROOTPATH\SysAdmin\Controllers\Article.php on line 63.
 1 ROOTPATH\SysAdmin\Controllers\Article.php(63): trim(null)
 2 ROOTPATH\SysAdmin\Controllers\Article.php(26): SysAdmin\Controllers\Article->condition()
 3 SYSTEMPATH\CodeIgniter.php(933): SysAdmin\Controllers\Article->index()
 4 SYSTEMPATH\CodeIgniter.php(507): CodeIgniter\CodeIgniter->runController(Object(SysAdmin\Controllers\Article))
 5 SYSTEMPATH\CodeIgniter.php(354): CodeIgniter\CodeIgniter->handleRequest(null, Object(Config\Cache), false)
 6 SYSTEMPATH\Boot.php(334): CodeIgniter\CodeIgniter->run()
 7 SYSTEMPATH\Boot.php(67): CodeIgniter\Boot::runCodeIgniter(Object(CodeIgniter\CodeIgniter))
 8 FCPATH\index.php(56): CodeIgniter\Boot::bootWeb(Object(Config\Paths))
WARNING - 2025-03-13 04:42:39 --> [DEPRECATED] trim(): Passing null to parameter #1 ($string) of type string is deprecated in ROOTPATH\SysAdmin\Controllers\Article.php on line 67.
 1 ROOTPATH\SysAdmin\Controllers\Article.php(67): trim(null)
 2 ROOTPATH\SysAdmin\Controllers\Article.php(26): SysAdmin\Controllers\Article->condition()
 3 SYSTEMPATH\CodeIgniter.php(933): SysAdmin\Controllers\Article->index()
 4 SYSTEMPATH\CodeIgniter.php(507): CodeIgniter\CodeIgniter->runController(Object(SysAdmin\Controllers\Article))
 5 SYSTEMPATH\CodeIgniter.php(354): CodeIgniter\CodeIgniter->handleRequest(null, Object(Config\Cache), false)
 6 SYSTEMPATH\Boot.php(334): CodeIgniter\CodeIgniter->run()
 7 SYSTEMPATH\Boot.php(67): CodeIgniter\Boot::runCodeIgniter(Object(CodeIgniter\CodeIgniter))
 8 FCPATH\index.php(56): CodeIgniter\Boot::bootWeb(Object(Config\Paths))
WARNING - 2025-03-13 04:42:39 --> [DEPRECATED] trim(): Passing null to parameter #1 ($string) of type string is deprecated in ROOTPATH\SysAdmin\Controllers\Article.php on line 71.
 1 ROOTPATH\SysAdmin\Controllers\Article.php(71): trim(null)
 2 ROOTPATH\SysAdmin\Controllers\Article.php(26): SysAdmin\Controllers\Article->condition()
 3 SYSTEMPATH\CodeIgniter.php(933): SysAdmin\Controllers\Article->index()
 4 SYSTEMPATH\CodeIgniter.php(507): CodeIgniter\CodeIgniter->runController(Object(SysAdmin\Controllers\Article))
 5 SYSTEMPATH\CodeIgniter.php(354): CodeIgniter\CodeIgniter->handleRequest(null, Object(Config\Cache), false)
 6 SYSTEMPATH\Boot.php(334): CodeIgniter\CodeIgniter->run()
 7 SYSTEMPATH\Boot.php(67): CodeIgniter\Boot::runCodeIgniter(Object(CodeIgniter\CodeIgniter))
 8 FCPATH\index.php(56): CodeIgniter\Boot::bootWeb(Object(Config\Paths))
WARNING - 2025-03-13 04:42:39 --> [DEPRECATED] Optional parameter $id declared before required parameter $content is implicitly treated as a required parameter in ROOTPATH\SysAdmin\Models\ArticleModel.php on line 34.
 1 SYSTEMPATH\Autoloader\Autoloader.php(316): include_once('E:\\web\\XAMPP\\htdocs\\test\\system\\Debug\\Exceptions.php')
 2 SYSTEMPATH\Autoloader\Autoloader.php(295): CodeIgniter\Autoloader\Autoloader->includeFile('E:\\web\\XAMPP\\htdocs\\test\\SysAdmin\\Models\\ArticleModel.php')
 3 SYSTEMPATH\Autoloader\Autoloader.php(271): CodeIgniter\Autoloader\Autoloader->loadInNamespace('SysAdmin\\Models\\ArticleModel')
 4 ROOTPATH\SysAdmin\Controllers\Article.php(29): CodeIgniter\Autoloader\Autoloader->loadClass('SysAdmin\\Models\\ArticleModel')
 5 SYSTEMPATH\CodeIgniter.php(933): SysAdmin\Controllers\Article->index()
 6 SYSTEMPATH\CodeIgniter.php(507): CodeIgniter\CodeIgniter->runController(Object(SysAdmin\Controllers\Article))
 7 SYSTEMPATH\CodeIgniter.php(354): CodeIgniter\CodeIgniter->handleRequest(null, Object(Config\Cache), false)
 8 SYSTEMPATH\Boot.php(334): CodeIgniter\CodeIgniter->run()
 9 SYSTEMPATH\Boot.php(67): CodeIgniter\Boot::runCodeIgniter(Object(CodeIgniter\CodeIgniter))
10 FCPATH\index.php(56): CodeIgniter\Boot::bootWeb(Object(Config\Paths))
WARNING - 2025-03-13 04:42:39 --> [DEPRECATED] Optional parameter $sarray declared before required parameter $id is implicitly treated as a required parameter in ROOTPATH\SysAdmin\Models\NavModel.php on line 17.
 1 SYSTEMPATH\Autoloader\Autoloader.php(316): include_once('E:\\web\\XAMPP\\htdocs\\test\\system\\Debug\\Exceptions.php')
 2 SYSTEMPATH\Autoloader\Autoloader.php(295): CodeIgniter\Autoloader\Autoloader->includeFile('E:\\web\\XAMPP\\htdocs\\test\\SysAdmin\\Models\\NavModel.php')
 3 SYSTEMPATH\Autoloader\Autoloader.php(271): CodeIgniter\Autoloader\Autoloader->loadInNamespace('SysAdmin\\Models\\NavModel')
 4 ROOTPATH\SysAdmin\Controllers\Article.php(30): CodeIgniter\Autoloader\Autoloader->loadClass('SysAdmin\\Models\\NavModel')
 5 SYSTEMPATH\CodeIgniter.php(933): SysAdmin\Controllers\Article->index()
 6 SYSTEMPATH\CodeIgniter.php(507): CodeIgniter\CodeIgniter->runController(Object(SysAdmin\Controllers\Article))
 7 SYSTEMPATH\CodeIgniter.php(354): CodeIgniter\CodeIgniter->handleRequest(null, Object(Config\Cache), false)
 8 SYSTEMPATH\Boot.php(334): CodeIgniter\CodeIgniter->run()
 9 SYSTEMPATH\Boot.php(67): CodeIgniter\Boot::runCodeIgniter(Object(CodeIgniter\CodeIgniter))
10 FCPATH\index.php(56): CodeIgniter\Boot::bootWeb(Object(Config\Paths))
WARNING - 2025-03-13 04:42:39 --> [DEPRECATED] Optional parameter $sarray declared before required parameter $id is implicitly treated as a required parameter in ROOTPATH\SysAdmin\Models\NavModel.php on line 25.
 1 SYSTEMPATH\Autoloader\Autoloader.php(316): include_once('E:\\web\\XAMPP\\htdocs\\test\\system\\Debug\\Exceptions.php')
 2 SYSTEMPATH\Autoloader\Autoloader.php(295): CodeIgniter\Autoloader\Autoloader->includeFile('E:\\web\\XAMPP\\htdocs\\test\\SysAdmin\\Models\\NavModel.php')
 3 SYSTEMPATH\Autoloader\Autoloader.php(271): CodeIgniter\Autoloader\Autoloader->loadInNamespace('SysAdmin\\Models\\NavModel')
 4 ROOTPATH\SysAdmin\Controllers\Article.php(30): CodeIgniter\Autoloader\Autoloader->loadClass('SysAdmin\\Models\\NavModel')
 5 SYSTEMPATH\CodeIgniter.php(933): SysAdmin\Controllers\Article->index()
 6 SYSTEMPATH\CodeIgniter.php(507): CodeIgniter\CodeIgniter->runController(Object(SysAdmin\Controllers\Article))
 7 SYSTEMPATH\CodeIgniter.php(354): CodeIgniter\CodeIgniter->handleRequest(null, Object(Config\Cache), false)
 8 SYSTEMPATH\Boot.php(334): CodeIgniter\CodeIgniter->run()
 9 SYSTEMPATH\Boot.php(67): CodeIgniter\Boot::runCodeIgniter(Object(CodeIgniter\CodeIgniter))
10 FCPATH\index.php(56): CodeIgniter\Boot::bootWeb(Object(Config\Paths))
DEBUG - 2025-03-13 04:42:41 --> Session: Class initialized using 'CodeIgniter\Session\Handlers\FileHandler' driver.
WARNING - 2025-03-13 04:42:41 --> [DEPRECATED] Creation of dynamic property SysAdmin\Controllers\Article::$session is deprecated in ROOTPATH\SysAdmin\Controllers\BaseController.php on line 51.
 1 ROOTPATH\SysAdmin\Controllers\Article.php(10): SysAdmin\Controllers\BaseController->__construct()
 2 SYSTEMPATH\CodeIgniter.php(903): SysAdmin\Controllers\Article->__construct()
 3 SYSTEMPATH\CodeIgniter.php(498): CodeIgniter\CodeIgniter->createController()
 4 SYSTEMPATH\CodeIgniter.php(354): CodeIgniter\CodeIgniter->handleRequest(null, Object(Config\Cache), false)
 5 SYSTEMPATH\Boot.php(334): CodeIgniter\CodeIgniter->run()
 6 SYSTEMPATH\Boot.php(67): CodeIgniter\Boot::runCodeIgniter(Object(CodeIgniter\CodeIgniter))
 7 FCPATH\index.php(56): CodeIgniter\Boot::bootWeb(Object(Config\Paths))
WARNING - 2025-03-13 04:42:41 --> [DEPRECATED] Creation of dynamic property SysAdmin\Controllers\Article::$encrypter is deprecated in ROOTPATH\SysAdmin\Controllers\BaseController.php on line 52.
 1 ROOTPATH\SysAdmin\Controllers\Article.php(10): SysAdmin\Controllers\BaseController->__construct()
 2 SYSTEMPATH\CodeIgniter.php(903): SysAdmin\Controllers\Article->__construct()
 3 SYSTEMPATH\CodeIgniter.php(498): CodeIgniter\CodeIgniter->createController()
 4 SYSTEMPATH\CodeIgniter.php(354): CodeIgniter\CodeIgniter->handleRequest(null, Object(Config\Cache), false)
 5 SYSTEMPATH\Boot.php(334): CodeIgniter\CodeIgniter->run()
 6 SYSTEMPATH\Boot.php(67): CodeIgniter\Boot::runCodeIgniter(Object(CodeIgniter\CodeIgniter))
 7 FCPATH\index.php(56): CodeIgniter\Boot::bootWeb(Object(Config\Paths))
WARNING - 2025-03-13 04:42:41 --> [DEPRECATED] Creation of dynamic property SysAdmin\Controllers\Article::$nav_mold is deprecated in ROOTPATH\SysAdmin\Controllers\Article.php on line 11.
 1 SYSTEMPATH\CodeIgniter.php(903): SysAdmin\Controllers\Article->__construct()
 2 SYSTEMPATH\CodeIgniter.php(498): CodeIgniter\CodeIgniter->createController()
 3 SYSTEMPATH\CodeIgniter.php(354): CodeIgniter\CodeIgniter->handleRequest(null, Object(Config\Cache), false)
 4 SYSTEMPATH\Boot.php(334): CodeIgniter\CodeIgniter->run()
 5 SYSTEMPATH\Boot.php(67): CodeIgniter\Boot::runCodeIgniter(Object(CodeIgniter\CodeIgniter))
 6 FCPATH\index.php(56): CodeIgniter\Boot::bootWeb(Object(Config\Paths))
WARNING - 2025-03-13 04:42:41 --> [DEPRECATED] Optional parameter $id declared before required parameter $content is implicitly treated as a required parameter in ROOTPATH\SysAdmin\Models\ArticleModel.php on line 34.
 1 SYSTEMPATH\Autoloader\Autoloader.php(316): include_once('E:\\web\\XAMPP\\htdocs\\test\\system\\Debug\\Exceptions.php')
 2 SYSTEMPATH\Autoloader\Autoloader.php(295): CodeIgniter\Autoloader\Autoloader->includeFile('E:\\web\\XAMPP\\htdocs\\test\\SysAdmin\\Models\\ArticleModel.php')
 3 SYSTEMPATH\Autoloader\Autoloader.php(271): CodeIgniter\Autoloader\Autoloader->loadInNamespace('SysAdmin\\Models\\ArticleModel')
 4 ROOTPATH\SysAdmin\Controllers\Article.php(191): CodeIgniter\Autoloader\Autoloader->loadClass('SysAdmin\\Models\\ArticleModel')
 5 SYSTEMPATH\CodeIgniter.php(933): SysAdmin\Controllers\Article->form()
 6 SYSTEMPATH\CodeIgniter.php(507): CodeIgniter\CodeIgniter->runController(Object(SysAdmin\Controllers\Article))
 7 SYSTEMPATH\CodeIgniter.php(354): CodeIgniter\CodeIgniter->handleRequest(null, Object(Config\Cache), false)
 8 SYSTEMPATH\Boot.php(334): CodeIgniter\CodeIgniter->run()
 9 SYSTEMPATH\Boot.php(67): CodeIgniter\Boot::runCodeIgniter(Object(CodeIgniter\CodeIgniter))
10 FCPATH\index.php(56): CodeIgniter\Boot::bootWeb(Object(Config\Paths))
WARNING - 2025-03-13 04:42:41 --> [DEPRECATED] Optional parameter $sarray declared before required parameter $id is implicitly treated as a required parameter in ROOTPATH\SysAdmin\Models\NavModel.php on line 17.
 1 SYSTEMPATH\Autoloader\Autoloader.php(316): include_once('E:\\web\\XAMPP\\htdocs\\test\\system\\Debug\\Exceptions.php')
 2 SYSTEMPATH\Autoloader\Autoloader.php(295): CodeIgniter\Autoloader\Autoloader->includeFile('E:\\web\\XAMPP\\htdocs\\test\\SysAdmin\\Models\\NavModel.php')
 3 SYSTEMPATH\Autoloader\Autoloader.php(271): CodeIgniter\Autoloader\Autoloader->loadInNamespace('SysAdmin\\Models\\NavModel')
 4 ROOTPATH\SysAdmin\Controllers\Article.php(193): CodeIgniter\Autoloader\Autoloader->loadClass('SysAdmin\\Models\\NavModel')
 5 SYSTEMPATH\CodeIgniter.php(933): SysAdmin\Controllers\Article->form()
 6 SYSTEMPATH\CodeIgniter.php(507): CodeIgniter\CodeIgniter->runController(Object(SysAdmin\Controllers\Article))
 7 SYSTEMPATH\CodeIgniter.php(354): CodeIgniter\CodeIgniter->handleRequest(null, Object(Config\Cache), false)
 8 SYSTEMPATH\Boot.php(334): CodeIgniter\CodeIgniter->run()
 9 SYSTEMPATH\Boot.php(67): CodeIgniter\Boot::runCodeIgniter(Object(CodeIgniter\CodeIgniter))
10 FCPATH\index.php(56): CodeIgniter\Boot::bootWeb(Object(Config\Paths))
WARNING - 2025-03-13 04:42:41 --> [DEPRECATED] Optional parameter $sarray declared before required parameter $id is implicitly treated as a required parameter in ROOTPATH\SysAdmin\Models\NavModel.php on line 25.
 1 SYSTEMPATH\Autoloader\Autoloader.php(316): include_once('E:\\web\\XAMPP\\htdocs\\test\\system\\Debug\\Exceptions.php')
 2 SYSTEMPATH\Autoloader\Autoloader.php(295): CodeIgniter\Autoloader\Autoloader->includeFile('E:\\web\\XAMPP\\htdocs\\test\\SysAdmin\\Models\\NavModel.php')
 3 SYSTEMPATH\Autoloader\Autoloader.php(271): CodeIgniter\Autoloader\Autoloader->loadInNamespace('SysAdmin\\Models\\NavModel')
 4 ROOTPATH\SysAdmin\Controllers\Article.php(193): CodeIgniter\Autoloader\Autoloader->loadClass('SysAdmin\\Models\\NavModel')
 5 SYSTEMPATH\CodeIgniter.php(933): SysAdmin\Controllers\Article->form()
 6 SYSTEMPATH\CodeIgniter.php(507): CodeIgniter\CodeIgniter->runController(Object(SysAdmin\Controllers\Article))
 7 SYSTEMPATH\CodeIgniter.php(354): CodeIgniter\CodeIgniter->handleRequest(null, Object(Config\Cache), false)
 8 SYSTEMPATH\Boot.php(334): CodeIgniter\CodeIgniter->run()
 9 SYSTEMPATH\Boot.php(67): CodeIgniter\Boot::runCodeIgniter(Object(CodeIgniter\CodeIgniter))
10 FCPATH\index.php(56): CodeIgniter\Boot::bootWeb(Object(Config\Paths))
DEBUG - 2025-03-13 04:42:51 --> Session: Class initialized using 'CodeIgniter\Session\Handlers\FileHandler' driver.
WARNING - 2025-03-13 04:42:51 --> [DEPRECATED] Creation of dynamic property SysAdmin\Controllers\Article::$session is deprecated in ROOTPATH\SysAdmin\Controllers\BaseController.php on line 51.
 1 ROOTPATH\SysAdmin\Controllers\Article.php(10): SysAdmin\Controllers\BaseController->__construct()
 2 SYSTEMPATH\CodeIgniter.php(903): SysAdmin\Controllers\Article->__construct()
 3 SYSTEMPATH\CodeIgniter.php(498): CodeIgniter\CodeIgniter->createController()
 4 SYSTEMPATH\CodeIgniter.php(354): CodeIgniter\CodeIgniter->handleRequest(null, Object(Config\Cache), false)
 5 SYSTEMPATH\Boot.php(334): CodeIgniter\CodeIgniter->run()
 6 SYSTEMPATH\Boot.php(67): CodeIgniter\Boot::runCodeIgniter(Object(CodeIgniter\CodeIgniter))
 7 FCPATH\index.php(56): CodeIgniter\Boot::bootWeb(Object(Config\Paths))
WARNING - 2025-03-13 04:42:51 --> [DEPRECATED] Creation of dynamic property SysAdmin\Controllers\Article::$encrypter is deprecated in ROOTPATH\SysAdmin\Controllers\BaseController.php on line 52.
 1 ROOTPATH\SysAdmin\Controllers\Article.php(10): SysAdmin\Controllers\BaseController->__construct()
 2 SYSTEMPATH\CodeIgniter.php(903): SysAdmin\Controllers\Article->__construct()
 3 SYSTEMPATH\CodeIgniter.php(498): CodeIgniter\CodeIgniter->createController()
 4 SYSTEMPATH\CodeIgniter.php(354): CodeIgniter\CodeIgniter->handleRequest(null, Object(Config\Cache), false)
 5 SYSTEMPATH\Boot.php(334): CodeIgniter\CodeIgniter->run()
 6 SYSTEMPATH\Boot.php(67): CodeIgniter\Boot::runCodeIgniter(Object(CodeIgniter\CodeIgniter))
 7 FCPATH\index.php(56): CodeIgniter\Boot::bootWeb(Object(Config\Paths))
WARNING - 2025-03-13 04:42:51 --> [DEPRECATED] Creation of dynamic property SysAdmin\Controllers\Article::$nav_mold is deprecated in ROOTPATH\SysAdmin\Controllers\Article.php on line 11.
 1 SYSTEMPATH\CodeIgniter.php(903): SysAdmin\Controllers\Article->__construct()
 2 SYSTEMPATH\CodeIgniter.php(498): CodeIgniter\CodeIgniter->createController()
 3 SYSTEMPATH\CodeIgniter.php(354): CodeIgniter\CodeIgniter->handleRequest(null, Object(Config\Cache), false)
 4 SYSTEMPATH\Boot.php(334): CodeIgniter\CodeIgniter->run()
 5 SYSTEMPATH\Boot.php(67): CodeIgniter\Boot::runCodeIgniter(Object(CodeIgniter\CodeIgniter))
 6 FCPATH\index.php(56): CodeIgniter\Boot::bootWeb(Object(Config\Paths))
WARNING - 2025-03-13 04:42:51 --> [DEPRECATED] Optional parameter $id declared before required parameter $content is implicitly treated as a required parameter in ROOTPATH\SysAdmin\Models\ArticleModel.php on line 34.
 1 SYSTEMPATH\Autoloader\Autoloader.php(316): include_once('E:\\web\\XAMPP\\htdocs\\test\\system\\Debug\\Exceptions.php')
 2 SYSTEMPATH\Autoloader\Autoloader.php(295): CodeIgniter\Autoloader\Autoloader->includeFile('E:\\web\\XAMPP\\htdocs\\test\\SysAdmin\\Models\\ArticleModel.php')
 3 SYSTEMPATH\Autoloader\Autoloader.php(271): CodeIgniter\Autoloader\Autoloader->loadInNamespace('SysAdmin\\Models\\ArticleModel')
 4 ROOTPATH\SysAdmin\Controllers\Article.php(84): CodeIgniter\Autoloader\Autoloader->loadClass('SysAdmin\\Models\\ArticleModel')
 5 SYSTEMPATH\CodeIgniter.php(933): SysAdmin\Controllers\Article->eform()
 6 SYSTEMPATH\CodeIgniter.php(507): CodeIgniter\CodeIgniter->runController(Object(SysAdmin\Controllers\Article))
 7 SYSTEMPATH\CodeIgniter.php(354): CodeIgniter\CodeIgniter->handleRequest(null, Object(Config\Cache), false)
 8 SYSTEMPATH\Boot.php(334): CodeIgniter\CodeIgniter->run()
 9 SYSTEMPATH\Boot.php(67): CodeIgniter\Boot::runCodeIgniter(Object(CodeIgniter\CodeIgniter))
10 FCPATH\index.php(56): CodeIgniter\Boot::bootWeb(Object(Config\Paths))
DEBUG - 2025-03-13 04:42:52 --> Session: Class initialized using 'CodeIgniter\Session\Handlers\FileHandler' driver.
WARNING - 2025-03-13 04:42:52 --> [DEPRECATED] Creation of dynamic property SysAdmin\Controllers\Article::$session is deprecated in ROOTPATH\SysAdmin\Controllers\BaseController.php on line 51.
 1 ROOTPATH\SysAdmin\Controllers\Article.php(10): SysAdmin\Controllers\BaseController->__construct()
 2 SYSTEMPATH\CodeIgniter.php(903): SysAdmin\Controllers\Article->__construct()
 3 SYSTEMPATH\CodeIgniter.php(498): CodeIgniter\CodeIgniter->createController()
 4 SYSTEMPATH\CodeIgniter.php(354): CodeIgniter\CodeIgniter->handleRequest(null, Object(Config\Cache), false)
 5 SYSTEMPATH\Boot.php(334): CodeIgniter\CodeIgniter->run()
 6 SYSTEMPATH\Boot.php(67): CodeIgniter\Boot::runCodeIgniter(Object(CodeIgniter\CodeIgniter))
 7 FCPATH\index.php(56): CodeIgniter\Boot::bootWeb(Object(Config\Paths))
WARNING - 2025-03-13 04:42:52 --> [DEPRECATED] Creation of dynamic property SysAdmin\Controllers\Article::$encrypter is deprecated in ROOTPATH\SysAdmin\Controllers\BaseController.php on line 52.
 1 ROOTPATH\SysAdmin\Controllers\Article.php(10): SysAdmin\Controllers\BaseController->__construct()
 2 SYSTEMPATH\CodeIgniter.php(903): SysAdmin\Controllers\Article->__construct()
 3 SYSTEMPATH\CodeIgniter.php(498): CodeIgniter\CodeIgniter->createController()
 4 SYSTEMPATH\CodeIgniter.php(354): CodeIgniter\CodeIgniter->handleRequest(null, Object(Config\Cache), false)
 5 SYSTEMPATH\Boot.php(334): CodeIgniter\CodeIgniter->run()
 6 SYSTEMPATH\Boot.php(67): CodeIgniter\Boot::runCodeIgniter(Object(CodeIgniter\CodeIgniter))
 7 FCPATH\index.php(56): CodeIgniter\Boot::bootWeb(Object(Config\Paths))
WARNING - 2025-03-13 04:42:52 --> [DEPRECATED] Creation of dynamic property SysAdmin\Controllers\Article::$nav_mold is deprecated in ROOTPATH\SysAdmin\Controllers\Article.php on line 11.
 1 SYSTEMPATH\CodeIgniter.php(903): SysAdmin\Controllers\Article->__construct()
 2 SYSTEMPATH\CodeIgniter.php(498): CodeIgniter\CodeIgniter->createController()
 3 SYSTEMPATH\CodeIgniter.php(354): CodeIgniter\CodeIgniter->handleRequest(null, Object(Config\Cache), false)
 4 SYSTEMPATH\Boot.php(334): CodeIgniter\CodeIgniter->run()
 5 SYSTEMPATH\Boot.php(67): CodeIgniter\Boot::runCodeIgniter(Object(CodeIgniter\CodeIgniter))
 6 FCPATH\index.php(56): CodeIgniter\Boot::bootWeb(Object(Config\Paths))
WARNING - 2025-03-13 04:42:52 --> [DEPRECATED] trim(): Passing null to parameter #1 ($string) of type string is deprecated in ROOTPATH\SysAdmin\Controllers\Article.php on line 55.
 1 ROOTPATH\SysAdmin\Controllers\Article.php(55): trim(null)
 2 ROOTPATH\SysAdmin\Controllers\Article.php(26): SysAdmin\Controllers\Article->condition()
 3 SYSTEMPATH\CodeIgniter.php(933): SysAdmin\Controllers\Article->index()
 4 SYSTEMPATH\CodeIgniter.php(507): CodeIgniter\CodeIgniter->runController(Object(SysAdmin\Controllers\Article))
 5 SYSTEMPATH\CodeIgniter.php(354): CodeIgniter\CodeIgniter->handleRequest(null, Object(Config\Cache), false)
 6 SYSTEMPATH\Boot.php(334): CodeIgniter\CodeIgniter->run()
 7 SYSTEMPATH\Boot.php(67): CodeIgniter\Boot::runCodeIgniter(Object(CodeIgniter\CodeIgniter))
 8 FCPATH\index.php(56): CodeIgniter\Boot::bootWeb(Object(Config\Paths))
WARNING - 2025-03-13 04:42:52 --> [DEPRECATED] trim(): Passing null to parameter #1 ($string) of type string is deprecated in ROOTPATH\SysAdmin\Controllers\Article.php on line 59.
 1 ROOTPATH\SysAdmin\Controllers\Article.php(59): trim(null)
 2 ROOTPATH\SysAdmin\Controllers\Article.php(26): SysAdmin\Controllers\Article->condition()
 3 SYSTEMPATH\CodeIgniter.php(933): SysAdmin\Controllers\Article->index()
 4 SYSTEMPATH\CodeIgniter.php(507): CodeIgniter\CodeIgniter->runController(Object(SysAdmin\Controllers\Article))
 5 SYSTEMPATH\CodeIgniter.php(354): CodeIgniter\CodeIgniter->handleRequest(null, Object(Config\Cache), false)
 6 SYSTEMPATH\Boot.php(334): CodeIgniter\CodeIgniter->run()
 7 SYSTEMPATH\Boot.php(67): CodeIgniter\Boot::runCodeIgniter(Object(CodeIgniter\CodeIgniter))
 8 FCPATH\index.php(56): CodeIgniter\Boot::bootWeb(Object(Config\Paths))
WARNING - 2025-03-13 04:42:52 --> [DEPRECATED] trim(): Passing null to parameter #1 ($string) of type string is deprecated in ROOTPATH\SysAdmin\Controllers\Article.php on line 63.
 1 ROOTPATH\SysAdmin\Controllers\Article.php(63): trim(null)
 2 ROOTPATH\SysAdmin\Controllers\Article.php(26): SysAdmin\Controllers\Article->condition()
 3 SYSTEMPATH\CodeIgniter.php(933): SysAdmin\Controllers\Article->index()
 4 SYSTEMPATH\CodeIgniter.php(507): CodeIgniter\CodeIgniter->runController(Object(SysAdmin\Controllers\Article))
 5 SYSTEMPATH\CodeIgniter.php(354): CodeIgniter\CodeIgniter->handleRequest(null, Object(Config\Cache), false)
 6 SYSTEMPATH\Boot.php(334): CodeIgniter\CodeIgniter->run()
 7 SYSTEMPATH\Boot.php(67): CodeIgniter\Boot::runCodeIgniter(Object(CodeIgniter\CodeIgniter))
 8 FCPATH\index.php(56): CodeIgniter\Boot::bootWeb(Object(Config\Paths))
WARNING - 2025-03-13 04:42:52 --> [DEPRECATED] trim(): Passing null to parameter #1 ($string) of type string is deprecated in ROOTPATH\SysAdmin\Controllers\Article.php on line 67.
 1 ROOTPATH\SysAdmin\Controllers\Article.php(67): trim(null)
 2 ROOTPATH\SysAdmin\Controllers\Article.php(26): SysAdmin\Controllers\Article->condition()
 3 SYSTEMPATH\CodeIgniter.php(933): SysAdmin\Controllers\Article->index()
 4 SYSTEMPATH\CodeIgniter.php(507): CodeIgniter\CodeIgniter->runController(Object(SysAdmin\Controllers\Article))
 5 SYSTEMPATH\CodeIgniter.php(354): CodeIgniter\CodeIgniter->handleRequest(null, Object(Config\Cache), false)
 6 SYSTEMPATH\Boot.php(334): CodeIgniter\CodeIgniter->run()
 7 SYSTEMPATH\Boot.php(67): CodeIgniter\Boot::runCodeIgniter(Object(CodeIgniter\CodeIgniter))
 8 FCPATH\index.php(56): CodeIgniter\Boot::bootWeb(Object(Config\Paths))
WARNING - 2025-03-13 04:42:52 --> [DEPRECATED] trim(): Passing null to parameter #1 ($string) of type string is deprecated in ROOTPATH\SysAdmin\Controllers\Article.php on line 71.
 1 ROOTPATH\SysAdmin\Controllers\Article.php(71): trim(null)
 2 ROOTPATH\SysAdmin\Controllers\Article.php(26): SysAdmin\Controllers\Article->condition()
 3 SYSTEMPATH\CodeIgniter.php(933): SysAdmin\Controllers\Article->index()
 4 SYSTEMPATH\CodeIgniter.php(507): CodeIgniter\CodeIgniter->runController(Object(SysAdmin\Controllers\Article))
 5 SYSTEMPATH\CodeIgniter.php(354): CodeIgniter\CodeIgniter->handleRequest(null, Object(Config\Cache), false)
 6 SYSTEMPATH\Boot.php(334): CodeIgniter\CodeIgniter->run()
 7 SYSTEMPATH\Boot.php(67): CodeIgniter\Boot::runCodeIgniter(Object(CodeIgniter\CodeIgniter))
 8 FCPATH\index.php(56): CodeIgniter\Boot::bootWeb(Object(Config\Paths))
WARNING - 2025-03-13 04:42:52 --> [DEPRECATED] Optional parameter $id declared before required parameter $content is implicitly treated as a required parameter in ROOTPATH\SysAdmin\Models\ArticleModel.php on line 34.
 1 SYSTEMPATH\Autoloader\Autoloader.php(316): include_once('E:\\web\\XAMPP\\htdocs\\test\\system\\Debug\\Exceptions.php')
 2 SYSTEMPATH\Autoloader\Autoloader.php(295): CodeIgniter\Autoloader\Autoloader->includeFile('E:\\web\\XAMPP\\htdocs\\test\\SysAdmin\\Models\\ArticleModel.php')
 3 SYSTEMPATH\Autoloader\Autoloader.php(271): CodeIgniter\Autoloader\Autoloader->loadInNamespace('SysAdmin\\Models\\ArticleModel')
 4 ROOTPATH\SysAdmin\Controllers\Article.php(29): CodeIgniter\Autoloader\Autoloader->loadClass('SysAdmin\\Models\\ArticleModel')
 5 SYSTEMPATH\CodeIgniter.php(933): SysAdmin\Controllers\Article->index()
 6 SYSTEMPATH\CodeIgniter.php(507): CodeIgniter\CodeIgniter->runController(Object(SysAdmin\Controllers\Article))
 7 SYSTEMPATH\CodeIgniter.php(354): CodeIgniter\CodeIgniter->handleRequest(null, Object(Config\Cache), false)
 8 SYSTEMPATH\Boot.php(334): CodeIgniter\CodeIgniter->run()
 9 SYSTEMPATH\Boot.php(67): CodeIgniter\Boot::runCodeIgniter(Object(CodeIgniter\CodeIgniter))
10 FCPATH\index.php(56): CodeIgniter\Boot::bootWeb(Object(Config\Paths))
WARNING - 2025-03-13 04:42:52 --> [DEPRECATED] Optional parameter $sarray declared before required parameter $id is implicitly treated as a required parameter in ROOTPATH\SysAdmin\Models\NavModel.php on line 17.
 1 SYSTEMPATH\Autoloader\Autoloader.php(316): include_once('E:\\web\\XAMPP\\htdocs\\test\\system\\Debug\\Exceptions.php')
 2 SYSTEMPATH\Autoloader\Autoloader.php(295): CodeIgniter\Autoloader\Autoloader->includeFile('E:\\web\\XAMPP\\htdocs\\test\\SysAdmin\\Models\\NavModel.php')
 3 SYSTEMPATH\Autoloader\Autoloader.php(271): CodeIgniter\Autoloader\Autoloader->loadInNamespace('SysAdmin\\Models\\NavModel')
 4 ROOTPATH\SysAdmin\Controllers\Article.php(30): CodeIgniter\Autoloader\Autoloader->loadClass('SysAdmin\\Models\\NavModel')
 5 SYSTEMPATH\CodeIgniter.php(933): SysAdmin\Controllers\Article->index()
 6 SYSTEMPATH\CodeIgniter.php(507): CodeIgniter\CodeIgniter->runController(Object(SysAdmin\Controllers\Article))
 7 SYSTEMPATH\CodeIgniter.php(354): CodeIgniter\CodeIgniter->handleRequest(null, Object(Config\Cache), false)
 8 SYSTEMPATH\Boot.php(334): CodeIgniter\CodeIgniter->run()
 9 SYSTEMPATH\Boot.php(67): CodeIgniter\Boot::runCodeIgniter(Object(CodeIgniter\CodeIgniter))
10 FCPATH\index.php(56): CodeIgniter\Boot::bootWeb(Object(Config\Paths))
WARNING - 2025-03-13 04:42:52 --> [DEPRECATED] Optional parameter $sarray declared before required parameter $id is implicitly treated as a required parameter in ROOTPATH\SysAdmin\Models\NavModel.php on line 25.
 1 SYSTEMPATH\Autoloader\Autoloader.php(316): include_once('E:\\web\\XAMPP\\htdocs\\test\\system\\Debug\\Exceptions.php')
 2 SYSTEMPATH\Autoloader\Autoloader.php(295): CodeIgniter\Autoloader\Autoloader->includeFile('E:\\web\\XAMPP\\htdocs\\test\\SysAdmin\\Models\\NavModel.php')
 3 SYSTEMPATH\Autoloader\Autoloader.php(271): CodeIgniter\Autoloader\Autoloader->loadInNamespace('SysAdmin\\Models\\NavModel')
 4 ROOTPATH\SysAdmin\Controllers\Article.php(30): CodeIgniter\Autoloader\Autoloader->loadClass('SysAdmin\\Models\\NavModel')
 5 SYSTEMPATH\CodeIgniter.php(933): SysAdmin\Controllers\Article->index()
 6 SYSTEMPATH\CodeIgniter.php(507): CodeIgniter\CodeIgniter->runController(Object(SysAdmin\Controllers\Article))
 7 SYSTEMPATH\CodeIgniter.php(354): CodeIgniter\CodeIgniter->handleRequest(null, Object(Config\Cache), false)
 8 SYSTEMPATH\Boot.php(334): CodeIgniter\CodeIgniter->run()
 9 SYSTEMPATH\Boot.php(67): CodeIgniter\Boot::runCodeIgniter(Object(CodeIgniter\CodeIgniter))
10 FCPATH\index.php(56): CodeIgniter\Boot::bootWeb(Object(Config\Paths))
DEBUG - 2025-03-13 04:42:52 --> Session: Class initialized using 'CodeIgniter\Session\Handlers\FileHandler' driver.
WARNING - 2025-03-13 04:42:52 --> [DEPRECATED] Creation of dynamic property SysAdmin\Controllers\Article::$session is deprecated in ROOTPATH\SysAdmin\Controllers\BaseController.php on line 51.
 1 ROOTPATH\SysAdmin\Controllers\Article.php(10): SysAdmin\Controllers\BaseController->__construct()
 2 SYSTEMPATH\CodeIgniter.php(903): SysAdmin\Controllers\Article->__construct()
 3 SYSTEMPATH\CodeIgniter.php(498): CodeIgniter\CodeIgniter->createController()
 4 SYSTEMPATH\CodeIgniter.php(354): CodeIgniter\CodeIgniter->handleRequest(null, Object(Config\Cache), false)
 5 SYSTEMPATH\Boot.php(334): CodeIgniter\CodeIgniter->run()
 6 SYSTEMPATH\Boot.php(67): CodeIgniter\Boot::runCodeIgniter(Object(CodeIgniter\CodeIgniter))
 7 FCPATH\index.php(56): CodeIgniter\Boot::bootWeb(Object(Config\Paths))
WARNING - 2025-03-13 04:42:52 --> [DEPRECATED] Creation of dynamic property SysAdmin\Controllers\Article::$encrypter is deprecated in ROOTPATH\SysAdmin\Controllers\BaseController.php on line 52.
 1 ROOTPATH\SysAdmin\Controllers\Article.php(10): SysAdmin\Controllers\BaseController->__construct()
 2 SYSTEMPATH\CodeIgniter.php(903): SysAdmin\Controllers\Article->__construct()
 3 SYSTEMPATH\CodeIgniter.php(498): CodeIgniter\CodeIgniter->createController()
 4 SYSTEMPATH\CodeIgniter.php(354): CodeIgniter\CodeIgniter->handleRequest(null, Object(Config\Cache), false)
 5 SYSTEMPATH\Boot.php(334): CodeIgniter\CodeIgniter->run()
 6 SYSTEMPATH\Boot.php(67): CodeIgniter\Boot::runCodeIgniter(Object(CodeIgniter\CodeIgniter))
 7 FCPATH\index.php(56): CodeIgniter\Boot::bootWeb(Object(Config\Paths))
WARNING - 2025-03-13 04:42:52 --> [DEPRECATED] Creation of dynamic property SysAdmin\Controllers\Article::$nav_mold is deprecated in ROOTPATH\SysAdmin\Controllers\Article.php on line 11.
 1 SYSTEMPATH\CodeIgniter.php(903): SysAdmin\Controllers\Article->__construct()
 2 SYSTEMPATH\CodeIgniter.php(498): CodeIgniter\CodeIgniter->createController()
 3 SYSTEMPATH\CodeIgniter.php(354): CodeIgniter\CodeIgniter->handleRequest(null, Object(Config\Cache), false)
 4 SYSTEMPATH\Boot.php(334): CodeIgniter\CodeIgniter->run()
 5 SYSTEMPATH\Boot.php(67): CodeIgniter\Boot::runCodeIgniter(Object(CodeIgniter\CodeIgniter))
 6 FCPATH\index.php(56): CodeIgniter\Boot::bootWeb(Object(Config\Paths))
WARNING - 2025-03-13 04:42:52 --> [DEPRECATED] trim(): Passing null to parameter #1 ($string) of type string is deprecated in ROOTPATH\SysAdmin\Controllers\Article.php on line 55.
 1 ROOTPATH\SysAdmin\Controllers\Article.php(55): trim(null)
 2 ROOTPATH\SysAdmin\Controllers\Article.php(26): SysAdmin\Controllers\Article->condition()
 3 SYSTEMPATH\CodeIgniter.php(933): SysAdmin\Controllers\Article->index()
 4 SYSTEMPATH\CodeIgniter.php(507): CodeIgniter\CodeIgniter->runController(Object(SysAdmin\Controllers\Article))
 5 SYSTEMPATH\CodeIgniter.php(354): CodeIgniter\CodeIgniter->handleRequest(null, Object(Config\Cache), false)
 6 SYSTEMPATH\Boot.php(334): CodeIgniter\CodeIgniter->run()
 7 SYSTEMPATH\Boot.php(67): CodeIgniter\Boot::runCodeIgniter(Object(CodeIgniter\CodeIgniter))
 8 FCPATH\index.php(56): CodeIgniter\Boot::bootWeb(Object(Config\Paths))
WARNING - 2025-03-13 04:42:52 --> [DEPRECATED] trim(): Passing null to parameter #1 ($string) of type string is deprecated in ROOTPATH\SysAdmin\Controllers\Article.php on line 59.
 1 ROOTPATH\SysAdmin\Controllers\Article.php(59): trim(null)
 2 ROOTPATH\SysAdmin\Controllers\Article.php(26): SysAdmin\Controllers\Article->condition()
 3 SYSTEMPATH\CodeIgniter.php(933): SysAdmin\Controllers\Article->index()
 4 SYSTEMPATH\CodeIgniter.php(507): CodeIgniter\CodeIgniter->runController(Object(SysAdmin\Controllers\Article))
 5 SYSTEMPATH\CodeIgniter.php(354): CodeIgniter\CodeIgniter->handleRequest(null, Object(Config\Cache), false)
 6 SYSTEMPATH\Boot.php(334): CodeIgniter\CodeIgniter->run()
 7 SYSTEMPATH\Boot.php(67): CodeIgniter\Boot::runCodeIgniter(Object(CodeIgniter\CodeIgniter))
 8 FCPATH\index.php(56): CodeIgniter\Boot::bootWeb(Object(Config\Paths))
WARNING - 2025-03-13 04:42:52 --> [DEPRECATED] trim(): Passing null to parameter #1 ($string) of type string is deprecated in ROOTPATH\SysAdmin\Controllers\Article.php on line 63.
 1 ROOTPATH\SysAdmin\Controllers\Article.php(63): trim(null)
 2 ROOTPATH\SysAdmin\Controllers\Article.php(26): SysAdmin\Controllers\Article->condition()
 3 SYSTEMPATH\CodeIgniter.php(933): SysAdmin\Controllers\Article->index()
 4 SYSTEMPATH\CodeIgniter.php(507): CodeIgniter\CodeIgniter->runController(Object(SysAdmin\Controllers\Article))
 5 SYSTEMPATH\CodeIgniter.php(354): CodeIgniter\CodeIgniter->handleRequest(null, Object(Config\Cache), false)
 6 SYSTEMPATH\Boot.php(334): CodeIgniter\CodeIgniter->run()
 7 SYSTEMPATH\Boot.php(67): CodeIgniter\Boot::runCodeIgniter(Object(CodeIgniter\CodeIgniter))
 8 FCPATH\index.php(56): CodeIgniter\Boot::bootWeb(Object(Config\Paths))
WARNING - 2025-03-13 04:42:52 --> [DEPRECATED] trim(): Passing null to parameter #1 ($string) of type string is deprecated in ROOTPATH\SysAdmin\Controllers\Article.php on line 67.
 1 ROOTPATH\SysAdmin\Controllers\Article.php(67): trim(null)
 2 ROOTPATH\SysAdmin\Controllers\Article.php(26): SysAdmin\Controllers\Article->condition()
 3 SYSTEMPATH\CodeIgniter.php(933): SysAdmin\Controllers\Article->index()
 4 SYSTEMPATH\CodeIgniter.php(507): CodeIgniter\CodeIgniter->runController(Object(SysAdmin\Controllers\Article))
 5 SYSTEMPATH\CodeIgniter.php(354): CodeIgniter\CodeIgniter->handleRequest(null, Object(Config\Cache), false)
 6 SYSTEMPATH\Boot.php(334): CodeIgniter\CodeIgniter->run()
 7 SYSTEMPATH\Boot.php(67): CodeIgniter\Boot::runCodeIgniter(Object(CodeIgniter\CodeIgniter))
 8 FCPATH\index.php(56): CodeIgniter\Boot::bootWeb(Object(Config\Paths))
WARNING - 2025-03-13 04:42:52 --> [DEPRECATED] trim(): Passing null to parameter #1 ($string) of type string is deprecated in ROOTPATH\SysAdmin\Controllers\Article.php on line 71.
 1 ROOTPATH\SysAdmin\Controllers\Article.php(71): trim(null)
 2 ROOTPATH\SysAdmin\Controllers\Article.php(26): SysAdmin\Controllers\Article->condition()
 3 SYSTEMPATH\CodeIgniter.php(933): SysAdmin\Controllers\Article->index()
 4 SYSTEMPATH\CodeIgniter.php(507): CodeIgniter\CodeIgniter->runController(Object(SysAdmin\Controllers\Article))
 5 SYSTEMPATH\CodeIgniter.php(354): CodeIgniter\CodeIgniter->handleRequest(null, Object(Config\Cache), false)
 6 SYSTEMPATH\Boot.php(334): CodeIgniter\CodeIgniter->run()
 7 SYSTEMPATH\Boot.php(67): CodeIgniter\Boot::runCodeIgniter(Object(CodeIgniter\CodeIgniter))
 8 FCPATH\index.php(56): CodeIgniter\Boot::bootWeb(Object(Config\Paths))
WARNING - 2025-03-13 04:42:52 --> [DEPRECATED] Optional parameter $id declared before required parameter $content is implicitly treated as a required parameter in ROOTPATH\SysAdmin\Models\ArticleModel.php on line 34.
 1 SYSTEMPATH\Autoloader\Autoloader.php(316): include_once('E:\\web\\XAMPP\\htdocs\\test\\system\\Debug\\Exceptions.php')
 2 SYSTEMPATH\Autoloader\Autoloader.php(295): CodeIgniter\Autoloader\Autoloader->includeFile('E:\\web\\XAMPP\\htdocs\\test\\SysAdmin\\Models\\ArticleModel.php')
 3 SYSTEMPATH\Autoloader\Autoloader.php(271): CodeIgniter\Autoloader\Autoloader->loadInNamespace('SysAdmin\\Models\\ArticleModel')
 4 ROOTPATH\SysAdmin\Controllers\Article.php(29): CodeIgniter\Autoloader\Autoloader->loadClass('SysAdmin\\Models\\ArticleModel')
 5 SYSTEMPATH\CodeIgniter.php(933): SysAdmin\Controllers\Article->index()
 6 SYSTEMPATH\CodeIgniter.php(507): CodeIgniter\CodeIgniter->runController(Object(SysAdmin\Controllers\Article))
 7 SYSTEMPATH\CodeIgniter.php(354): CodeIgniter\CodeIgniter->handleRequest(null, Object(Config\Cache), false)
 8 SYSTEMPATH\Boot.php(334): CodeIgniter\CodeIgniter->run()
 9 SYSTEMPATH\Boot.php(67): CodeIgniter\Boot::runCodeIgniter(Object(CodeIgniter\CodeIgniter))
10 FCPATH\index.php(56): CodeIgniter\Boot::bootWeb(Object(Config\Paths))
WARNING - 2025-03-13 04:42:52 --> [DEPRECATED] Optional parameter $sarray declared before required parameter $id is implicitly treated as a required parameter in ROOTPATH\SysAdmin\Models\NavModel.php on line 17.
 1 SYSTEMPATH\Autoloader\Autoloader.php(316): include_once('E:\\web\\XAMPP\\htdocs\\test\\system\\Debug\\Exceptions.php')
 2 SYSTEMPATH\Autoloader\Autoloader.php(295): CodeIgniter\Autoloader\Autoloader->includeFile('E:\\web\\XAMPP\\htdocs\\test\\SysAdmin\\Models\\NavModel.php')
 3 SYSTEMPATH\Autoloader\Autoloader.php(271): CodeIgniter\Autoloader\Autoloader->loadInNamespace('SysAdmin\\Models\\NavModel')
 4 ROOTPATH\SysAdmin\Controllers\Article.php(30): CodeIgniter\Autoloader\Autoloader->loadClass('SysAdmin\\Models\\NavModel')
 5 SYSTEMPATH\CodeIgniter.php(933): SysAdmin\Controllers\Article->index()
 6 SYSTEMPATH\CodeIgniter.php(507): CodeIgniter\CodeIgniter->runController(Object(SysAdmin\Controllers\Article))
 7 SYSTEMPATH\CodeIgniter.php(354): CodeIgniter\CodeIgniter->handleRequest(null, Object(Config\Cache), false)
 8 SYSTEMPATH\Boot.php(334): CodeIgniter\CodeIgniter->run()
 9 SYSTEMPATH\Boot.php(67): CodeIgniter\Boot::runCodeIgniter(Object(CodeIgniter\CodeIgniter))
10 FCPATH\index.php(56): CodeIgniter\Boot::bootWeb(Object(Config\Paths))
WARNING - 2025-03-13 04:42:52 --> [DEPRECATED] Optional parameter $sarray declared before required parameter $id is implicitly treated as a required parameter in ROOTPATH\SysAdmin\Models\NavModel.php on line 25.
 1 SYSTEMPATH\Autoloader\Autoloader.php(316): include_once('E:\\web\\XAMPP\\htdocs\\test\\system\\Debug\\Exceptions.php')
 2 SYSTEMPATH\Autoloader\Autoloader.php(295): CodeIgniter\Autoloader\Autoloader->includeFile('E:\\web\\XAMPP\\htdocs\\test\\SysAdmin\\Models\\NavModel.php')
 3 SYSTEMPATH\Autoloader\Autoloader.php(271): CodeIgniter\Autoloader\Autoloader->loadInNamespace('SysAdmin\\Models\\NavModel')
 4 ROOTPATH\SysAdmin\Controllers\Article.php(30): CodeIgniter\Autoloader\Autoloader->loadClass('SysAdmin\\Models\\NavModel')
 5 SYSTEMPATH\CodeIgniter.php(933): SysAdmin\Controllers\Article->index()
 6 SYSTEMPATH\CodeIgniter.php(507): CodeIgniter\CodeIgniter->runController(Object(SysAdmin\Controllers\Article))
 7 SYSTEMPATH\CodeIgniter.php(354): CodeIgniter\CodeIgniter->handleRequest(null, Object(Config\Cache), false)
 8 SYSTEMPATH\Boot.php(334): CodeIgniter\CodeIgniter->run()
 9 SYSTEMPATH\Boot.php(67): CodeIgniter\Boot::runCodeIgniter(Object(CodeIgniter\CodeIgniter))
10 FCPATH\index.php(56): CodeIgniter\Boot::bootWeb(Object(Config\Paths))
DEBUG - 2025-03-13 04:42:56 --> Session: Class initialized using 'CodeIgniter\Session\Handlers\FileHandler' driver.
WARNING - 2025-03-13 04:42:56 --> [DEPRECATED] Creation of dynamic property SysAdmin\Controllers\Article::$session is deprecated in ROOTPATH\SysAdmin\Controllers\BaseController.php on line 51.
 1 ROOTPATH\SysAdmin\Controllers\Article.php(10): SysAdmin\Controllers\BaseController->__construct()
 2 SYSTEMPATH\CodeIgniter.php(903): SysAdmin\Controllers\Article->__construct()
 3 SYSTEMPATH\CodeIgniter.php(498): CodeIgniter\CodeIgniter->createController()
 4 SYSTEMPATH\CodeIgniter.php(354): CodeIgniter\CodeIgniter->handleRequest(null, Object(Config\Cache), false)
 5 SYSTEMPATH\Boot.php(334): CodeIgniter\CodeIgniter->run()
 6 SYSTEMPATH\Boot.php(67): CodeIgniter\Boot::runCodeIgniter(Object(CodeIgniter\CodeIgniter))
 7 FCPATH\index.php(56): CodeIgniter\Boot::bootWeb(Object(Config\Paths))
WARNING - 2025-03-13 04:42:56 --> [DEPRECATED] Creation of dynamic property SysAdmin\Controllers\Article::$encrypter is deprecated in ROOTPATH\SysAdmin\Controllers\BaseController.php on line 52.
 1 ROOTPATH\SysAdmin\Controllers\Article.php(10): SysAdmin\Controllers\BaseController->__construct()
 2 SYSTEMPATH\CodeIgniter.php(903): SysAdmin\Controllers\Article->__construct()
 3 SYSTEMPATH\CodeIgniter.php(498): CodeIgniter\CodeIgniter->createController()
 4 SYSTEMPATH\CodeIgniter.php(354): CodeIgniter\CodeIgniter->handleRequest(null, Object(Config\Cache), false)
 5 SYSTEMPATH\Boot.php(334): CodeIgniter\CodeIgniter->run()
 6 SYSTEMPATH\Boot.php(67): CodeIgniter\Boot::runCodeIgniter(Object(CodeIgniter\CodeIgniter))
 7 FCPATH\index.php(56): CodeIgniter\Boot::bootWeb(Object(Config\Paths))
WARNING - 2025-03-13 04:42:56 --> [DEPRECATED] Creation of dynamic property SysAdmin\Controllers\Article::$nav_mold is deprecated in ROOTPATH\SysAdmin\Controllers\Article.php on line 11.
 1 SYSTEMPATH\CodeIgniter.php(903): SysAdmin\Controllers\Article->__construct()
 2 SYSTEMPATH\CodeIgniter.php(498): CodeIgniter\CodeIgniter->createController()
 3 SYSTEMPATH\CodeIgniter.php(354): CodeIgniter\CodeIgniter->handleRequest(null, Object(Config\Cache), false)
 4 SYSTEMPATH\Boot.php(334): CodeIgniter\CodeIgniter->run()
 5 SYSTEMPATH\Boot.php(67): CodeIgniter\Boot::runCodeIgniter(Object(CodeIgniter\CodeIgniter))
 6 FCPATH\index.php(56): CodeIgniter\Boot::bootWeb(Object(Config\Paths))
WARNING - 2025-03-13 04:42:56 --> [DEPRECATED] trim(): Passing null to parameter #1 ($string) of type string is deprecated in ROOTPATH\SysAdmin\Controllers\Article.php on line 55.
 1 ROOTPATH\SysAdmin\Controllers\Article.php(55): trim(null)
 2 ROOTPATH\SysAdmin\Controllers\Article.php(26): SysAdmin\Controllers\Article->condition()
 3 SYSTEMPATH\CodeIgniter.php(933): SysAdmin\Controllers\Article->index()
 4 SYSTEMPATH\CodeIgniter.php(507): CodeIgniter\CodeIgniter->runController(Object(SysAdmin\Controllers\Article))
 5 SYSTEMPATH\CodeIgniter.php(354): CodeIgniter\CodeIgniter->handleRequest(null, Object(Config\Cache), false)
 6 SYSTEMPATH\Boot.php(334): CodeIgniter\CodeIgniter->run()
 7 SYSTEMPATH\Boot.php(67): CodeIgniter\Boot::runCodeIgniter(Object(CodeIgniter\CodeIgniter))
 8 FCPATH\index.php(56): CodeIgniter\Boot::bootWeb(Object(Config\Paths))
WARNING - 2025-03-13 04:42:56 --> [DEPRECATED] trim(): Passing null to parameter #1 ($string) of type string is deprecated in ROOTPATH\SysAdmin\Controllers\Article.php on line 59.
 1 ROOTPATH\SysAdmin\Controllers\Article.php(59): trim(null)
 2 ROOTPATH\SysAdmin\Controllers\Article.php(26): SysAdmin\Controllers\Article->condition()
 3 SYSTEMPATH\CodeIgniter.php(933): SysAdmin\Controllers\Article->index()
 4 SYSTEMPATH\CodeIgniter.php(507): CodeIgniter\CodeIgniter->runController(Object(SysAdmin\Controllers\Article))
 5 SYSTEMPATH\CodeIgniter.php(354): CodeIgniter\CodeIgniter->handleRequest(null, Object(Config\Cache), false)
 6 SYSTEMPATH\Boot.php(334): CodeIgniter\CodeIgniter->run()
 7 SYSTEMPATH\Boot.php(67): CodeIgniter\Boot::runCodeIgniter(Object(CodeIgniter\CodeIgniter))
 8 FCPATH\index.php(56): CodeIgniter\Boot::bootWeb(Object(Config\Paths))
WARNING - 2025-03-13 04:42:56 --> [DEPRECATED] trim(): Passing null to parameter #1 ($string) of type string is deprecated in ROOTPATH\SysAdmin\Controllers\Article.php on line 63.
 1 ROOTPATH\SysAdmin\Controllers\Article.php(63): trim(null)
 2 ROOTPATH\SysAdmin\Controllers\Article.php(26): SysAdmin\Controllers\Article->condition()
 3 SYSTEMPATH\CodeIgniter.php(933): SysAdmin\Controllers\Article->index()
 4 SYSTEMPATH\CodeIgniter.php(507): CodeIgniter\CodeIgniter->runController(Object(SysAdmin\Controllers\Article))
 5 SYSTEMPATH\CodeIgniter.php(354): CodeIgniter\CodeIgniter->handleRequest(null, Object(Config\Cache), false)
 6 SYSTEMPATH\Boot.php(334): CodeIgniter\CodeIgniter->run()
 7 SYSTEMPATH\Boot.php(67): CodeIgniter\Boot::runCodeIgniter(Object(CodeIgniter\CodeIgniter))
 8 FCPATH\index.php(56): CodeIgniter\Boot::bootWeb(Object(Config\Paths))
WARNING - 2025-03-13 04:42:56 --> [DEPRECATED] trim(): Passing null to parameter #1 ($string) of type string is deprecated in ROOTPATH\SysAdmin\Controllers\Article.php on line 67.
 1 ROOTPATH\SysAdmin\Controllers\Article.php(67): trim(null)
 2 ROOTPATH\SysAdmin\Controllers\Article.php(26): SysAdmin\Controllers\Article->condition()
 3 SYSTEMPATH\CodeIgniter.php(933): SysAdmin\Controllers\Article->index()
 4 SYSTEMPATH\CodeIgniter.php(507): CodeIgniter\CodeIgniter->runController(Object(SysAdmin\Controllers\Article))
 5 SYSTEMPATH\CodeIgniter.php(354): CodeIgniter\CodeIgniter->handleRequest(null, Object(Config\Cache), false)
 6 SYSTEMPATH\Boot.php(334): CodeIgniter\CodeIgniter->run()
 7 SYSTEMPATH\Boot.php(67): CodeIgniter\Boot::runCodeIgniter(Object(CodeIgniter\CodeIgniter))
 8 FCPATH\index.php(56): CodeIgniter\Boot::bootWeb(Object(Config\Paths))
WARNING - 2025-03-13 04:42:56 --> [DEPRECATED] trim(): Passing null to parameter #1 ($string) of type string is deprecated in ROOTPATH\SysAdmin\Controllers\Article.php on line 71.
 1 ROOTPATH\SysAdmin\Controllers\Article.php(71): trim(null)
 2 ROOTPATH\SysAdmin\Controllers\Article.php(26): SysAdmin\Controllers\Article->condition()
 3 SYSTEMPATH\CodeIgniter.php(933): SysAdmin\Controllers\Article->index()
 4 SYSTEMPATH\CodeIgniter.php(507): CodeIgniter\CodeIgniter->runController(Object(SysAdmin\Controllers\Article))
 5 SYSTEMPATH\CodeIgniter.php(354): CodeIgniter\CodeIgniter->handleRequest(null, Object(Config\Cache), false)
 6 SYSTEMPATH\Boot.php(334): CodeIgniter\CodeIgniter->run()
 7 SYSTEMPATH\Boot.php(67): CodeIgniter\Boot::runCodeIgniter(Object(CodeIgniter\CodeIgniter))
 8 FCPATH\index.php(56): CodeIgniter\Boot::bootWeb(Object(Config\Paths))
WARNING - 2025-03-13 04:42:56 --> [DEPRECATED] Optional parameter $id declared before required parameter $content is implicitly treated as a required parameter in ROOTPATH\SysAdmin\Models\ArticleModel.php on line 34.
 1 SYSTEMPATH\Autoloader\Autoloader.php(316): include_once('E:\\web\\XAMPP\\htdocs\\test\\system\\Debug\\Exceptions.php')
 2 SYSTEMPATH\Autoloader\Autoloader.php(295): CodeIgniter\Autoloader\Autoloader->includeFile('E:\\web\\XAMPP\\htdocs\\test\\SysAdmin\\Models\\ArticleModel.php')
 3 SYSTEMPATH\Autoloader\Autoloader.php(271): CodeIgniter\Autoloader\Autoloader->loadInNamespace('SysAdmin\\Models\\ArticleModel')
 4 ROOTPATH\SysAdmin\Controllers\Article.php(29): CodeIgniter\Autoloader\Autoloader->loadClass('SysAdmin\\Models\\ArticleModel')
 5 SYSTEMPATH\CodeIgniter.php(933): SysAdmin\Controllers\Article->index()
 6 SYSTEMPATH\CodeIgniter.php(507): CodeIgniter\CodeIgniter->runController(Object(SysAdmin\Controllers\Article))
 7 SYSTEMPATH\CodeIgniter.php(354): CodeIgniter\CodeIgniter->handleRequest(null, Object(Config\Cache), false)
 8 SYSTEMPATH\Boot.php(334): CodeIgniter\CodeIgniter->run()
 9 SYSTEMPATH\Boot.php(67): CodeIgniter\Boot::runCodeIgniter(Object(CodeIgniter\CodeIgniter))
10 FCPATH\index.php(56): CodeIgniter\Boot::bootWeb(Object(Config\Paths))
WARNING - 2025-03-13 04:42:56 --> [DEPRECATED] Optional parameter $sarray declared before required parameter $id is implicitly treated as a required parameter in ROOTPATH\SysAdmin\Models\NavModel.php on line 17.
 1 SYSTEMPATH\Autoloader\Autoloader.php(316): include_once('E:\\web\\XAMPP\\htdocs\\test\\system\\Debug\\Exceptions.php')
 2 SYSTEMPATH\Autoloader\Autoloader.php(295): CodeIgniter\Autoloader\Autoloader->includeFile('E:\\web\\XAMPP\\htdocs\\test\\SysAdmin\\Models\\NavModel.php')
 3 SYSTEMPATH\Autoloader\Autoloader.php(271): CodeIgniter\Autoloader\Autoloader->loadInNamespace('SysAdmin\\Models\\NavModel')
 4 ROOTPATH\SysAdmin\Controllers\Article.php(30): CodeIgniter\Autoloader\Autoloader->loadClass('SysAdmin\\Models\\NavModel')
 5 SYSTEMPATH\CodeIgniter.php(933): SysAdmin\Controllers\Article->index()
 6 SYSTEMPATH\CodeIgniter.php(507): CodeIgniter\CodeIgniter->runController(Object(SysAdmin\Controllers\Article))
 7 SYSTEMPATH\CodeIgniter.php(354): CodeIgniter\CodeIgniter->handleRequest(null, Object(Config\Cache), false)
 8 SYSTEMPATH\Boot.php(334): CodeIgniter\CodeIgniter->run()
 9 SYSTEMPATH\Boot.php(67): CodeIgniter\Boot::runCodeIgniter(Object(CodeIgniter\CodeIgniter))
10 FCPATH\index.php(56): CodeIgniter\Boot::bootWeb(Object(Config\Paths))
WARNING - 2025-03-13 04:42:56 --> [DEPRECATED] Optional parameter $sarray declared before required parameter $id is implicitly treated as a required parameter in ROOTPATH\SysAdmin\Models\NavModel.php on line 25.
 1 SYSTEMPATH\Autoloader\Autoloader.php(316): include_once('E:\\web\\XAMPP\\htdocs\\test\\system\\Debug\\Exceptions.php')
 2 SYSTEMPATH\Autoloader\Autoloader.php(295): CodeIgniter\Autoloader\Autoloader->includeFile('E:\\web\\XAMPP\\htdocs\\test\\SysAdmin\\Models\\NavModel.php')
 3 SYSTEMPATH\Autoloader\Autoloader.php(271): CodeIgniter\Autoloader\Autoloader->loadInNamespace('SysAdmin\\Models\\NavModel')
 4 ROOTPATH\SysAdmin\Controllers\Article.php(30): CodeIgniter\Autoloader\Autoloader->loadClass('SysAdmin\\Models\\NavModel')
 5 SYSTEMPATH\CodeIgniter.php(933): SysAdmin\Controllers\Article->index()
 6 SYSTEMPATH\CodeIgniter.php(507): CodeIgniter\CodeIgniter->runController(Object(SysAdmin\Controllers\Article))
 7 SYSTEMPATH\CodeIgniter.php(354): CodeIgniter\CodeIgniter->handleRequest(null, Object(Config\Cache), false)
 8 SYSTEMPATH\Boot.php(334): CodeIgniter\CodeIgniter->run()
 9 SYSTEMPATH\Boot.php(67): CodeIgniter\Boot::runCodeIgniter(Object(CodeIgniter\CodeIgniter))
10 FCPATH\index.php(56): CodeIgniter\Boot::bootWeb(Object(Config\Paths))
DEBUG - 2025-03-13 04:42:58 --> Session: Class initialized using 'CodeIgniter\Session\Handlers\FileHandler' driver.
WARNING - 2025-03-13 04:42:58 --> [DEPRECATED] Creation of dynamic property SysAdmin\Controllers\Article::$session is deprecated in ROOTPATH\SysAdmin\Controllers\BaseController.php on line 51.
 1 ROOTPATH\SysAdmin\Controllers\Article.php(10): SysAdmin\Controllers\BaseController->__construct()
 2 SYSTEMPATH\CodeIgniter.php(903): SysAdmin\Controllers\Article->__construct()
 3 SYSTEMPATH\CodeIgniter.php(498): CodeIgniter\CodeIgniter->createController()
 4 SYSTEMPATH\CodeIgniter.php(354): CodeIgniter\CodeIgniter->handleRequest(null, Object(Config\Cache), false)
 5 SYSTEMPATH\Boot.php(334): CodeIgniter\CodeIgniter->run()
 6 SYSTEMPATH\Boot.php(67): CodeIgniter\Boot::runCodeIgniter(Object(CodeIgniter\CodeIgniter))
 7 FCPATH\index.php(56): CodeIgniter\Boot::bootWeb(Object(Config\Paths))
WARNING - 2025-03-13 04:42:58 --> [DEPRECATED] Creation of dynamic property SysAdmin\Controllers\Article::$encrypter is deprecated in ROOTPATH\SysAdmin\Controllers\BaseController.php on line 52.
 1 ROOTPATH\SysAdmin\Controllers\Article.php(10): SysAdmin\Controllers\BaseController->__construct()
 2 SYSTEMPATH\CodeIgniter.php(903): SysAdmin\Controllers\Article->__construct()
 3 SYSTEMPATH\CodeIgniter.php(498): CodeIgniter\CodeIgniter->createController()
 4 SYSTEMPATH\CodeIgniter.php(354): CodeIgniter\CodeIgniter->handleRequest(null, Object(Config\Cache), false)
 5 SYSTEMPATH\Boot.php(334): CodeIgniter\CodeIgniter->run()
 6 SYSTEMPATH\Boot.php(67): CodeIgniter\Boot::runCodeIgniter(Object(CodeIgniter\CodeIgniter))
 7 FCPATH\index.php(56): CodeIgniter\Boot::bootWeb(Object(Config\Paths))
WARNING - 2025-03-13 04:42:58 --> [DEPRECATED] Creation of dynamic property SysAdmin\Controllers\Article::$nav_mold is deprecated in ROOTPATH\SysAdmin\Controllers\Article.php on line 11.
 1 SYSTEMPATH\CodeIgniter.php(903): SysAdmin\Controllers\Article->__construct()
 2 SYSTEMPATH\CodeIgniter.php(498): CodeIgniter\CodeIgniter->createController()
 3 SYSTEMPATH\CodeIgniter.php(354): CodeIgniter\CodeIgniter->handleRequest(null, Object(Config\Cache), false)
 4 SYSTEMPATH\Boot.php(334): CodeIgniter\CodeIgniter->run()
 5 SYSTEMPATH\Boot.php(67): CodeIgniter\Boot::runCodeIgniter(Object(CodeIgniter\CodeIgniter))
 6 FCPATH\index.php(56): CodeIgniter\Boot::bootWeb(Object(Config\Paths))
WARNING - 2025-03-13 04:42:58 --> [DEPRECATED] trim(): Passing null to parameter #1 ($string) of type string is deprecated in ROOTPATH\SysAdmin\Controllers\Article.php on line 55.
 1 ROOTPATH\SysAdmin\Controllers\Article.php(55): trim(null)
 2 ROOTPATH\SysAdmin\Controllers\Article.php(26): SysAdmin\Controllers\Article->condition()
 3 SYSTEMPATH\CodeIgniter.php(933): SysAdmin\Controllers\Article->index()
 4 SYSTEMPATH\CodeIgniter.php(507): CodeIgniter\CodeIgniter->runController(Object(SysAdmin\Controllers\Article))
 5 SYSTEMPATH\CodeIgniter.php(354): CodeIgniter\CodeIgniter->handleRequest(null, Object(Config\Cache), false)
 6 SYSTEMPATH\Boot.php(334): CodeIgniter\CodeIgniter->run()
 7 SYSTEMPATH\Boot.php(67): CodeIgniter\Boot::runCodeIgniter(Object(CodeIgniter\CodeIgniter))
 8 FCPATH\index.php(56): CodeIgniter\Boot::bootWeb(Object(Config\Paths))
WARNING - 2025-03-13 04:42:58 --> [DEPRECATED] trim(): Passing null to parameter #1 ($string) of type string is deprecated in ROOTPATH\SysAdmin\Controllers\Article.php on line 59.
 1 ROOTPATH\SysAdmin\Controllers\Article.php(59): trim(null)
 2 ROOTPATH\SysAdmin\Controllers\Article.php(26): SysAdmin\Controllers\Article->condition()
 3 SYSTEMPATH\CodeIgniter.php(933): SysAdmin\Controllers\Article->index()
 4 SYSTEMPATH\CodeIgniter.php(507): CodeIgniter\CodeIgniter->runController(Object(SysAdmin\Controllers\Article))
 5 SYSTEMPATH\CodeIgniter.php(354): CodeIgniter\CodeIgniter->handleRequest(null, Object(Config\Cache), false)
 6 SYSTEMPATH\Boot.php(334): CodeIgniter\CodeIgniter->run()
 7 SYSTEMPATH\Boot.php(67): CodeIgniter\Boot::runCodeIgniter(Object(CodeIgniter\CodeIgniter))
 8 FCPATH\index.php(56): CodeIgniter\Boot::bootWeb(Object(Config\Paths))
WARNING - 2025-03-13 04:42:58 --> [DEPRECATED] trim(): Passing null to parameter #1 ($string) of type string is deprecated in ROOTPATH\SysAdmin\Controllers\Article.php on line 63.
 1 ROOTPATH\SysAdmin\Controllers\Article.php(63): trim(null)
 2 ROOTPATH\SysAdmin\Controllers\Article.php(26): SysAdmin\Controllers\Article->condition()
 3 SYSTEMPATH\CodeIgniter.php(933): SysAdmin\Controllers\Article->index()
 4 SYSTEMPATH\CodeIgniter.php(507): CodeIgniter\CodeIgniter->runController(Object(SysAdmin\Controllers\Article))
 5 SYSTEMPATH\CodeIgniter.php(354): CodeIgniter\CodeIgniter->handleRequest(null, Object(Config\Cache), false)
 6 SYSTEMPATH\Boot.php(334): CodeIgniter\CodeIgniter->run()
 7 SYSTEMPATH\Boot.php(67): CodeIgniter\Boot::runCodeIgniter(Object(CodeIgniter\CodeIgniter))
 8 FCPATH\index.php(56): CodeIgniter\Boot::bootWeb(Object(Config\Paths))
WARNING - 2025-03-13 04:42:58 --> [DEPRECATED] trim(): Passing null to parameter #1 ($string) of type string is deprecated in ROOTPATH\SysAdmin\Controllers\Article.php on line 67.
 1 ROOTPATH\SysAdmin\Controllers\Article.php(67): trim(null)
 2 ROOTPATH\SysAdmin\Controllers\Article.php(26): SysAdmin\Controllers\Article->condition()
 3 SYSTEMPATH\CodeIgniter.php(933): SysAdmin\Controllers\Article->index()
 4 SYSTEMPATH\CodeIgniter.php(507): CodeIgniter\CodeIgniter->runController(Object(SysAdmin\Controllers\Article))
 5 SYSTEMPATH\CodeIgniter.php(354): CodeIgniter\CodeIgniter->handleRequest(null, Object(Config\Cache), false)
 6 SYSTEMPATH\Boot.php(334): CodeIgniter\CodeIgniter->run()
 7 SYSTEMPATH\Boot.php(67): CodeIgniter\Boot::runCodeIgniter(Object(CodeIgniter\CodeIgniter))
 8 FCPATH\index.php(56): CodeIgniter\Boot::bootWeb(Object(Config\Paths))
WARNING - 2025-03-13 04:42:58 --> [DEPRECATED] trim(): Passing null to parameter #1 ($string) of type string is deprecated in ROOTPATH\SysAdmin\Controllers\Article.php on line 71.
 1 ROOTPATH\SysAdmin\Controllers\Article.php(71): trim(null)
 2 ROOTPATH\SysAdmin\Controllers\Article.php(26): SysAdmin\Controllers\Article->condition()
 3 SYSTEMPATH\CodeIgniter.php(933): SysAdmin\Controllers\Article->index()
 4 SYSTEMPATH\CodeIgniter.php(507): CodeIgniter\CodeIgniter->runController(Object(SysAdmin\Controllers\Article))
 5 SYSTEMPATH\CodeIgniter.php(354): CodeIgniter\CodeIgniter->handleRequest(null, Object(Config\Cache), false)
 6 SYSTEMPATH\Boot.php(334): CodeIgniter\CodeIgniter->run()
 7 SYSTEMPATH\Boot.php(67): CodeIgniter\Boot::runCodeIgniter(Object(CodeIgniter\CodeIgniter))
 8 FCPATH\index.php(56): CodeIgniter\Boot::bootWeb(Object(Config\Paths))
WARNING - 2025-03-13 04:42:58 --> [DEPRECATED] Optional parameter $id declared before required parameter $content is implicitly treated as a required parameter in ROOTPATH\SysAdmin\Models\ArticleModel.php on line 34.
 1 SYSTEMPATH\Autoloader\Autoloader.php(316): include_once('E:\\web\\XAMPP\\htdocs\\test\\system\\Debug\\Exceptions.php')
 2 SYSTEMPATH\Autoloader\Autoloader.php(295): CodeIgniter\Autoloader\Autoloader->includeFile('E:\\web\\XAMPP\\htdocs\\test\\SysAdmin\\Models\\ArticleModel.php')
 3 SYSTEMPATH\Autoloader\Autoloader.php(271): CodeIgniter\Autoloader\Autoloader->loadInNamespace('SysAdmin\\Models\\ArticleModel')
 4 ROOTPATH\SysAdmin\Controllers\Article.php(29): CodeIgniter\Autoloader\Autoloader->loadClass('SysAdmin\\Models\\ArticleModel')
 5 SYSTEMPATH\CodeIgniter.php(933): SysAdmin\Controllers\Article->index()
 6 SYSTEMPATH\CodeIgniter.php(507): CodeIgniter\CodeIgniter->runController(Object(SysAdmin\Controllers\Article))
 7 SYSTEMPATH\CodeIgniter.php(354): CodeIgniter\CodeIgniter->handleRequest(null, Object(Config\Cache), false)
 8 SYSTEMPATH\Boot.php(334): CodeIgniter\CodeIgniter->run()
 9 SYSTEMPATH\Boot.php(67): CodeIgniter\Boot::runCodeIgniter(Object(CodeIgniter\CodeIgniter))
10 FCPATH\index.php(56): CodeIgniter\Boot::bootWeb(Object(Config\Paths))
WARNING - 2025-03-13 04:42:58 --> [DEPRECATED] Optional parameter $sarray declared before required parameter $id is implicitly treated as a required parameter in ROOTPATH\SysAdmin\Models\NavModel.php on line 17.
 1 SYSTEMPATH\Autoloader\Autoloader.php(316): include_once('E:\\web\\XAMPP\\htdocs\\test\\system\\Debug\\Exceptions.php')
 2 SYSTEMPATH\Autoloader\Autoloader.php(295): CodeIgniter\Autoloader\Autoloader->includeFile('E:\\web\\XAMPP\\htdocs\\test\\SysAdmin\\Models\\NavModel.php')
 3 SYSTEMPATH\Autoloader\Autoloader.php(271): CodeIgniter\Autoloader\Autoloader->loadInNamespace('SysAdmin\\Models\\NavModel')
 4 ROOTPATH\SysAdmin\Controllers\Article.php(30): CodeIgniter\Autoloader\Autoloader->loadClass('SysAdmin\\Models\\NavModel')
 5 SYSTEMPATH\CodeIgniter.php(933): SysAdmin\Controllers\Article->index()
 6 SYSTEMPATH\CodeIgniter.php(507): CodeIgniter\CodeIgniter->runController(Object(SysAdmin\Controllers\Article))
 7 SYSTEMPATH\CodeIgniter.php(354): CodeIgniter\CodeIgniter->handleRequest(null, Object(Config\Cache), false)
 8 SYSTEMPATH\Boot.php(334): CodeIgniter\CodeIgniter->run()
 9 SYSTEMPATH\Boot.php(67): CodeIgniter\Boot::runCodeIgniter(Object(CodeIgniter\CodeIgniter))
10 FCPATH\index.php(56): CodeIgniter\Boot::bootWeb(Object(Config\Paths))
WARNING - 2025-03-13 04:42:58 --> [DEPRECATED] Optional parameter $sarray declared before required parameter $id is implicitly treated as a required parameter in ROOTPATH\SysAdmin\Models\NavModel.php on line 25.
 1 SYSTEMPATH\Autoloader\Autoloader.php(316): include_once('E:\\web\\XAMPP\\htdocs\\test\\system\\Debug\\Exceptions.php')
 2 SYSTEMPATH\Autoloader\Autoloader.php(295): CodeIgniter\Autoloader\Autoloader->includeFile('E:\\web\\XAMPP\\htdocs\\test\\SysAdmin\\Models\\NavModel.php')
 3 SYSTEMPATH\Autoloader\Autoloader.php(271): CodeIgniter\Autoloader\Autoloader->loadInNamespace('SysAdmin\\Models\\NavModel')
 4 ROOTPATH\SysAdmin\Controllers\Article.php(30): CodeIgniter\Autoloader\Autoloader->loadClass('SysAdmin\\Models\\NavModel')
 5 SYSTEMPATH\CodeIgniter.php(933): SysAdmin\Controllers\Article->index()
 6 SYSTEMPATH\CodeIgniter.php(507): CodeIgniter\CodeIgniter->runController(Object(SysAdmin\Controllers\Article))
 7 SYSTEMPATH\CodeIgniter.php(354): CodeIgniter\CodeIgniter->handleRequest(null, Object(Config\Cache), false)
 8 SYSTEMPATH\Boot.php(334): CodeIgniter\CodeIgniter->run()
 9 SYSTEMPATH\Boot.php(67): CodeIgniter\Boot::runCodeIgniter(Object(CodeIgniter\CodeIgniter))
10 FCPATH\index.php(56): CodeIgniter\Boot::bootWeb(Object(Config\Paths))
DEBUG - 2025-03-13 04:43:00 --> Session: Class initialized using 'CodeIgniter\Session\Handlers\FileHandler' driver.
WARNING - 2025-03-13 04:43:00 --> [DEPRECATED] Creation of dynamic property SysAdmin\Controllers\Article::$session is deprecated in ROOTPATH\SysAdmin\Controllers\BaseController.php on line 51.
 1 ROOTPATH\SysAdmin\Controllers\Article.php(10): SysAdmin\Controllers\BaseController->__construct()
 2 SYSTEMPATH\CodeIgniter.php(903): SysAdmin\Controllers\Article->__construct()
 3 SYSTEMPATH\CodeIgniter.php(498): CodeIgniter\CodeIgniter->createController()
 4 SYSTEMPATH\CodeIgniter.php(354): CodeIgniter\CodeIgniter->handleRequest(null, Object(Config\Cache), false)
 5 SYSTEMPATH\Boot.php(334): CodeIgniter\CodeIgniter->run()
 6 SYSTEMPATH\Boot.php(67): CodeIgniter\Boot::runCodeIgniter(Object(CodeIgniter\CodeIgniter))
 7 FCPATH\index.php(56): CodeIgniter\Boot::bootWeb(Object(Config\Paths))
WARNING - 2025-03-13 04:43:00 --> [DEPRECATED] Creation of dynamic property SysAdmin\Controllers\Article::$encrypter is deprecated in ROOTPATH\SysAdmin\Controllers\BaseController.php on line 52.
 1 ROOTPATH\SysAdmin\Controllers\Article.php(10): SysAdmin\Controllers\BaseController->__construct()
 2 SYSTEMPATH\CodeIgniter.php(903): SysAdmin\Controllers\Article->__construct()
 3 SYSTEMPATH\CodeIgniter.php(498): CodeIgniter\CodeIgniter->createController()
 4 SYSTEMPATH\CodeIgniter.php(354): CodeIgniter\CodeIgniter->handleRequest(null, Object(Config\Cache), false)
 5 SYSTEMPATH\Boot.php(334): CodeIgniter\CodeIgniter->run()
 6 SYSTEMPATH\Boot.php(67): CodeIgniter\Boot::runCodeIgniter(Object(CodeIgniter\CodeIgniter))
 7 FCPATH\index.php(56): CodeIgniter\Boot::bootWeb(Object(Config\Paths))
WARNING - 2025-03-13 04:43:00 --> [DEPRECATED] Creation of dynamic property SysAdmin\Controllers\Article::$nav_mold is deprecated in ROOTPATH\SysAdmin\Controllers\Article.php on line 11.
 1 SYSTEMPATH\CodeIgniter.php(903): SysAdmin\Controllers\Article->__construct()
 2 SYSTEMPATH\CodeIgniter.php(498): CodeIgniter\CodeIgniter->createController()
 3 SYSTEMPATH\CodeIgniter.php(354): CodeIgniter\CodeIgniter->handleRequest(null, Object(Config\Cache), false)
 4 SYSTEMPATH\Boot.php(334): CodeIgniter\CodeIgniter->run()
 5 SYSTEMPATH\Boot.php(67): CodeIgniter\Boot::runCodeIgniter(Object(CodeIgniter\CodeIgniter))
 6 FCPATH\index.php(56): CodeIgniter\Boot::bootWeb(Object(Config\Paths))
WARNING - 2025-03-13 04:43:00 --> [DEPRECATED] trim(): Passing null to parameter #1 ($string) of type string is deprecated in ROOTPATH\SysAdmin\Controllers\Article.php on line 55.
 1 ROOTPATH\SysAdmin\Controllers\Article.php(55): trim(null)
 2 ROOTPATH\SysAdmin\Controllers\Article.php(26): SysAdmin\Controllers\Article->condition()
 3 SYSTEMPATH\CodeIgniter.php(933): SysAdmin\Controllers\Article->index()
 4 SYSTEMPATH\CodeIgniter.php(507): CodeIgniter\CodeIgniter->runController(Object(SysAdmin\Controllers\Article))
 5 SYSTEMPATH\CodeIgniter.php(354): CodeIgniter\CodeIgniter->handleRequest(null, Object(Config\Cache), false)
 6 SYSTEMPATH\Boot.php(334): CodeIgniter\CodeIgniter->run()
 7 SYSTEMPATH\Boot.php(67): CodeIgniter\Boot::runCodeIgniter(Object(CodeIgniter\CodeIgniter))
 8 FCPATH\index.php(56): CodeIgniter\Boot::bootWeb(Object(Config\Paths))
WARNING - 2025-03-13 04:43:00 --> [DEPRECATED] trim(): Passing null to parameter #1 ($string) of type string is deprecated in ROOTPATH\SysAdmin\Controllers\Article.php on line 59.
 1 ROOTPATH\SysAdmin\Controllers\Article.php(59): trim(null)
 2 ROOTPATH\SysAdmin\Controllers\Article.php(26): SysAdmin\Controllers\Article->condition()
 3 SYSTEMPATH\CodeIgniter.php(933): SysAdmin\Controllers\Article->index()
 4 SYSTEMPATH\CodeIgniter.php(507): CodeIgniter\CodeIgniter->runController(Object(SysAdmin\Controllers\Article))
 5 SYSTEMPATH\CodeIgniter.php(354): CodeIgniter\CodeIgniter->handleRequest(null, Object(Config\Cache), false)
 6 SYSTEMPATH\Boot.php(334): CodeIgniter\CodeIgniter->run()
 7 SYSTEMPATH\Boot.php(67): CodeIgniter\Boot::runCodeIgniter(Object(CodeIgniter\CodeIgniter))
 8 FCPATH\index.php(56): CodeIgniter\Boot::bootWeb(Object(Config\Paths))
WARNING - 2025-03-13 04:43:00 --> [DEPRECATED] trim(): Passing null to parameter #1 ($string) of type string is deprecated in ROOTPATH\SysAdmin\Controllers\Article.php on line 63.
 1 ROOTPATH\SysAdmin\Controllers\Article.php(63): trim(null)
 2 ROOTPATH\SysAdmin\Controllers\Article.php(26): SysAdmin\Controllers\Article->condition()
 3 SYSTEMPATH\CodeIgniter.php(933): SysAdmin\Controllers\Article->index()
 4 SYSTEMPATH\CodeIgniter.php(507): CodeIgniter\CodeIgniter->runController(Object(SysAdmin\Controllers\Article))
 5 SYSTEMPATH\CodeIgniter.php(354): CodeIgniter\CodeIgniter->handleRequest(null, Object(Config\Cache), false)
 6 SYSTEMPATH\Boot.php(334): CodeIgniter\CodeIgniter->run()
 7 SYSTEMPATH\Boot.php(67): CodeIgniter\Boot::runCodeIgniter(Object(CodeIgniter\CodeIgniter))
 8 FCPATH\index.php(56): CodeIgniter\Boot::bootWeb(Object(Config\Paths))
WARNING - 2025-03-13 04:43:00 --> [DEPRECATED] trim(): Passing null to parameter #1 ($string) of type string is deprecated in ROOTPATH\SysAdmin\Controllers\Article.php on line 67.
 1 ROOTPATH\SysAdmin\Controllers\Article.php(67): trim(null)
 2 ROOTPATH\SysAdmin\Controllers\Article.php(26): SysAdmin\Controllers\Article->condition()
 3 SYSTEMPATH\CodeIgniter.php(933): SysAdmin\Controllers\Article->index()
 4 SYSTEMPATH\CodeIgniter.php(507): CodeIgniter\CodeIgniter->runController(Object(SysAdmin\Controllers\Article))
 5 SYSTEMPATH\CodeIgniter.php(354): CodeIgniter\CodeIgniter->handleRequest(null, Object(Config\Cache), false)
 6 SYSTEMPATH\Boot.php(334): CodeIgniter\CodeIgniter->run()
 7 SYSTEMPATH\Boot.php(67): CodeIgniter\Boot::runCodeIgniter(Object(CodeIgniter\CodeIgniter))
 8 FCPATH\index.php(56): CodeIgniter\Boot::bootWeb(Object(Config\Paths))
WARNING - 2025-03-13 04:43:00 --> [DEPRECATED] trim(): Passing null to parameter #1 ($string) of type string is deprecated in ROOTPATH\SysAdmin\Controllers\Article.php on line 71.
 1 ROOTPATH\SysAdmin\Controllers\Article.php(71): trim(null)
 2 ROOTPATH\SysAdmin\Controllers\Article.php(26): SysAdmin\Controllers\Article->condition()
 3 SYSTEMPATH\CodeIgniter.php(933): SysAdmin\Controllers\Article->index()
 4 SYSTEMPATH\CodeIgniter.php(507): CodeIgniter\CodeIgniter->runController(Object(SysAdmin\Controllers\Article))
 5 SYSTEMPATH\CodeIgniter.php(354): CodeIgniter\CodeIgniter->handleRequest(null, Object(Config\Cache), false)
 6 SYSTEMPATH\Boot.php(334): CodeIgniter\CodeIgniter->run()
 7 SYSTEMPATH\Boot.php(67): CodeIgniter\Boot::runCodeIgniter(Object(CodeIgniter\CodeIgniter))
 8 FCPATH\index.php(56): CodeIgniter\Boot::bootWeb(Object(Config\Paths))
WARNING - 2025-03-13 04:43:00 --> [DEPRECATED] Optional parameter $id declared before required parameter $content is implicitly treated as a required parameter in ROOTPATH\SysAdmin\Models\ArticleModel.php on line 34.
 1 SYSTEMPATH\Autoloader\Autoloader.php(316): include_once('E:\\web\\XAMPP\\htdocs\\test\\system\\Debug\\Exceptions.php')
 2 SYSTEMPATH\Autoloader\Autoloader.php(295): CodeIgniter\Autoloader\Autoloader->includeFile('E:\\web\\XAMPP\\htdocs\\test\\SysAdmin\\Models\\ArticleModel.php')
 3 SYSTEMPATH\Autoloader\Autoloader.php(271): CodeIgniter\Autoloader\Autoloader->loadInNamespace('SysAdmin\\Models\\ArticleModel')
 4 ROOTPATH\SysAdmin\Controllers\Article.php(29): CodeIgniter\Autoloader\Autoloader->loadClass('SysAdmin\\Models\\ArticleModel')
 5 SYSTEMPATH\CodeIgniter.php(933): SysAdmin\Controllers\Article->index()
 6 SYSTEMPATH\CodeIgniter.php(507): CodeIgniter\CodeIgniter->runController(Object(SysAdmin\Controllers\Article))
 7 SYSTEMPATH\CodeIgniter.php(354): CodeIgniter\CodeIgniter->handleRequest(null, Object(Config\Cache), false)
 8 SYSTEMPATH\Boot.php(334): CodeIgniter\CodeIgniter->run()
 9 SYSTEMPATH\Boot.php(67): CodeIgniter\Boot::runCodeIgniter(Object(CodeIgniter\CodeIgniter))
10 FCPATH\index.php(56): CodeIgniter\Boot::bootWeb(Object(Config\Paths))
WARNING - 2025-03-13 04:43:00 --> [DEPRECATED] Optional parameter $sarray declared before required parameter $id is implicitly treated as a required parameter in ROOTPATH\SysAdmin\Models\NavModel.php on line 17.
 1 SYSTEMPATH\Autoloader\Autoloader.php(316): include_once('E:\\web\\XAMPP\\htdocs\\test\\system\\Debug\\Exceptions.php')
 2 SYSTEMPATH\Autoloader\Autoloader.php(295): CodeIgniter\Autoloader\Autoloader->includeFile('E:\\web\\XAMPP\\htdocs\\test\\SysAdmin\\Models\\NavModel.php')
 3 SYSTEMPATH\Autoloader\Autoloader.php(271): CodeIgniter\Autoloader\Autoloader->loadInNamespace('SysAdmin\\Models\\NavModel')
 4 ROOTPATH\SysAdmin\Controllers\Article.php(30): CodeIgniter\Autoloader\Autoloader->loadClass('SysAdmin\\Models\\NavModel')
 5 SYSTEMPATH\CodeIgniter.php(933): SysAdmin\Controllers\Article->index()
 6 SYSTEMPATH\CodeIgniter.php(507): CodeIgniter\CodeIgniter->runController(Object(SysAdmin\Controllers\Article))
 7 SYSTEMPATH\CodeIgniter.php(354): CodeIgniter\CodeIgniter->handleRequest(null, Object(Config\Cache), false)
 8 SYSTEMPATH\Boot.php(334): CodeIgniter\CodeIgniter->run()
 9 SYSTEMPATH\Boot.php(67): CodeIgniter\Boot::runCodeIgniter(Object(CodeIgniter\CodeIgniter))
10 FCPATH\index.php(56): CodeIgniter\Boot::bootWeb(Object(Config\Paths))
WARNING - 2025-03-13 04:43:00 --> [DEPRECATED] Optional parameter $sarray declared before required parameter $id is implicitly treated as a required parameter in ROOTPATH\SysAdmin\Models\NavModel.php on line 25.
 1 SYSTEMPATH\Autoloader\Autoloader.php(316): include_once('E:\\web\\XAMPP\\htdocs\\test\\system\\Debug\\Exceptions.php')
 2 SYSTEMPATH\Autoloader\Autoloader.php(295): CodeIgniter\Autoloader\Autoloader->includeFile('E:\\web\\XAMPP\\htdocs\\test\\SysAdmin\\Models\\NavModel.php')
 3 SYSTEMPATH\Autoloader\Autoloader.php(271): CodeIgniter\Autoloader\Autoloader->loadInNamespace('SysAdmin\\Models\\NavModel')
 4 ROOTPATH\SysAdmin\Controllers\Article.php(30): CodeIgniter\Autoloader\Autoloader->loadClass('SysAdmin\\Models\\NavModel')
 5 SYSTEMPATH\CodeIgniter.php(933): SysAdmin\Controllers\Article->index()
 6 SYSTEMPATH\CodeIgniter.php(507): CodeIgniter\CodeIgniter->runController(Object(SysAdmin\Controllers\Article))
 7 SYSTEMPATH\CodeIgniter.php(354): CodeIgniter\CodeIgniter->handleRequest(null, Object(Config\Cache), false)
 8 SYSTEMPATH\Boot.php(334): CodeIgniter\CodeIgniter->run()
 9 SYSTEMPATH\Boot.php(67): CodeIgniter\Boot::runCodeIgniter(Object(CodeIgniter\CodeIgniter))
10 FCPATH\index.php(56): CodeIgniter\Boot::bootWeb(Object(Config\Paths))
DEBUG - 2025-03-13 04:43:07 --> Session: Class initialized using 'CodeIgniter\Session\Handlers\FileHandler' driver.
WARNING - 2025-03-13 04:43:07 --> [DEPRECATED] Creation of dynamic property SysAdmin\Controllers\OPLOG::$session is deprecated in ROOTPATH\SysAdmin\Controllers\BaseController.php on line 51.
 1 ROOTPATH\SysAdmin\Controllers\OPLOG.php(9): SysAdmin\Controllers\BaseController->__construct()
 2 SYSTEMPATH\CodeIgniter.php(903): SysAdmin\Controllers\OPLOG->__construct()
 3 SYSTEMPATH\CodeIgniter.php(498): CodeIgniter\CodeIgniter->createController()
 4 SYSTEMPATH\CodeIgniter.php(354): CodeIgniter\CodeIgniter->handleRequest(null, Object(Config\Cache), false)
 5 SYSTEMPATH\Boot.php(334): CodeIgniter\CodeIgniter->run()
 6 SYSTEMPATH\Boot.php(67): CodeIgniter\Boot::runCodeIgniter(Object(CodeIgniter\CodeIgniter))
 7 FCPATH\index.php(56): CodeIgniter\Boot::bootWeb(Object(Config\Paths))
WARNING - 2025-03-13 04:43:07 --> [DEPRECATED] Creation of dynamic property SysAdmin\Controllers\OPLOG::$encrypter is deprecated in ROOTPATH\SysAdmin\Controllers\BaseController.php on line 52.
 1 ROOTPATH\SysAdmin\Controllers\OPLOG.php(9): SysAdmin\Controllers\BaseController->__construct()
 2 SYSTEMPATH\CodeIgniter.php(903): SysAdmin\Controllers\OPLOG->__construct()
 3 SYSTEMPATH\CodeIgniter.php(498): CodeIgniter\CodeIgniter->createController()
 4 SYSTEMPATH\CodeIgniter.php(354): CodeIgniter\CodeIgniter->handleRequest(null, Object(Config\Cache), false)
 5 SYSTEMPATH\Boot.php(334): CodeIgniter\CodeIgniter->run()
 6 SYSTEMPATH\Boot.php(67): CodeIgniter\Boot::runCodeIgniter(Object(CodeIgniter\CodeIgniter))
 7 FCPATH\index.php(56): CodeIgniter\Boot::bootWeb(Object(Config\Paths))
WARNING - 2025-03-13 04:43:07 --> [DEPRECATED] Creation of dynamic property SysAdmin\Controllers\OPLOG::$nav_mold is deprecated in ROOTPATH\SysAdmin\Controllers\OPLOG.php on line 10.
 1 SYSTEMPATH\CodeIgniter.php(903): SysAdmin\Controllers\OPLOG->__construct()
 2 SYSTEMPATH\CodeIgniter.php(498): CodeIgniter\CodeIgniter->createController()
 3 SYSTEMPATH\CodeIgniter.php(354): CodeIgniter\CodeIgniter->handleRequest(null, Object(Config\Cache), false)
 4 SYSTEMPATH\Boot.php(334): CodeIgniter\CodeIgniter->run()
 5 SYSTEMPATH\Boot.php(67): CodeIgniter\Boot::runCodeIgniter(Object(CodeIgniter\CodeIgniter))
 6 FCPATH\index.php(56): CodeIgniter\Boot::bootWeb(Object(Config\Paths))
WARNING - 2025-03-13 04:43:07 --> [DEPRECATED] Creation of dynamic property SysAdmin\Controllers\OPLOG::$OpLogModel is deprecated in ROOTPATH\SysAdmin\Controllers\OPLOG.php on line 22.
 1 SYSTEMPATH\CodeIgniter.php(903): SysAdmin\Controllers\OPLOG->__construct()
 2 SYSTEMPATH\CodeIgniter.php(498): CodeIgniter\CodeIgniter->createController()
 3 SYSTEMPATH\CodeIgniter.php(354): CodeIgniter\CodeIgniter->handleRequest(null, Object(Config\Cache), false)
 4 SYSTEMPATH\Boot.php(334): CodeIgniter\CodeIgniter->run()
 5 SYSTEMPATH\Boot.php(67): CodeIgniter\Boot::runCodeIgniter(Object(CodeIgniter\CodeIgniter))
 6 FCPATH\index.php(56): CodeIgniter\Boot::bootWeb(Object(Config\Paths))
WARNING - 2025-03-13 04:43:07 --> [DEPRECATED] trim(): Passing null to parameter #1 ($string) of type string is deprecated in ROOTPATH\SysAdmin\Controllers\OPLOG.php on line 49.
 1 ROOTPATH\SysAdmin\Controllers\OPLOG.php(49): trim(null)
 2 ROOTPATH\SysAdmin\Controllers\OPLOG.php(26): SysAdmin\Controllers\OPLOG->condition()
 3 SYSTEMPATH\CodeIgniter.php(933): SysAdmin\Controllers\OPLOG->index()
 4 SYSTEMPATH\CodeIgniter.php(507): CodeIgniter\CodeIgniter->runController(Object(SysAdmin\Controllers\OPLOG))
 5 SYSTEMPATH\CodeIgniter.php(354): CodeIgniter\CodeIgniter->handleRequest(null, Object(Config\Cache), false)
 6 SYSTEMPATH\Boot.php(334): CodeIgniter\CodeIgniter->run()
 7 SYSTEMPATH\Boot.php(67): CodeIgniter\Boot::runCodeIgniter(Object(CodeIgniter\CodeIgniter))
 8 FCPATH\index.php(56): CodeIgniter\Boot::bootWeb(Object(Config\Paths))
WARNING - 2025-03-13 04:43:07 --> [DEPRECATED] trim(): Passing null to parameter #1 ($string) of type string is deprecated in ROOTPATH\SysAdmin\Controllers\OPLOG.php on line 53.
 1 ROOTPATH\SysAdmin\Controllers\OPLOG.php(53): trim(null)
 2 ROOTPATH\SysAdmin\Controllers\OPLOG.php(26): SysAdmin\Controllers\OPLOG->condition()
 3 SYSTEMPATH\CodeIgniter.php(933): SysAdmin\Controllers\OPLOG->index()
 4 SYSTEMPATH\CodeIgniter.php(507): CodeIgniter\CodeIgniter->runController(Object(SysAdmin\Controllers\OPLOG))
 5 SYSTEMPATH\CodeIgniter.php(354): CodeIgniter\CodeIgniter->handleRequest(null, Object(Config\Cache), false)
 6 SYSTEMPATH\Boot.php(334): CodeIgniter\CodeIgniter->run()
 7 SYSTEMPATH\Boot.php(67): CodeIgniter\Boot::runCodeIgniter(Object(CodeIgniter\CodeIgniter))
 8 FCPATH\index.php(56): CodeIgniter\Boot::bootWeb(Object(Config\Paths))
