DEBUG - 2025-03-21 01:41:59 --> Session: Class initialized using 'CodeIgniter\Session\Handlers\FileHandler' driver.
WARNING - 2025-03-21 01:41:59 --> [DEPRECATED] Creation of dynamic property SysAdmin\Controllers\Login::$session is deprecated in ROOTPATH\SysAdmin\Controllers\BaseController.php on line 51.
 1 SYSTEMPATH\CodeIgniter.php(903): SysAdmin\Controllers\BaseController->__construct()
 2 SYSTEMPATH\CodeIgniter.php(498): CodeIgniter\CodeIgniter->createController()
 3 SYSTEMPATH\CodeIgniter.php(354): CodeIgniter\CodeIgniter->handleRequest(null, Object(Config\Cache), false)
 4 SYSTEMPATH\Boot.php(334): CodeIgniter\CodeIgniter->run()
 5 SYSTEMPATH\Boot.php(67): CodeIgniter\Boot::runCodeIgniter(Object(CodeIgniter\CodeIgniter))
 6 FCPATH\index.php(56): CodeIgniter\Boot::bootWeb(Object(Config\Paths))
WARNING - 2025-03-21 01:41:59 --> [DEPRECATED] Creation of dynamic property SysAdmin\Controllers\Login::$encrypter is deprecated in ROOTPATH\SysAdmin\Controllers\BaseController.php on line 52.
 1 SYSTEMPATH\CodeIgniter.php(903): SysAdmin\Controllers\BaseController->__construct()
 2 SYSTEMPATH\CodeIgniter.php(498): CodeIgniter\CodeIgniter->createController()
 3 SYSTEMPATH\CodeIgniter.php(354): CodeIgniter\CodeIgniter->handleRequest(null, Object(Config\Cache), false)
 4 SYSTEMPATH\Boot.php(334): CodeIgniter\CodeIgniter->run()
 5 SYSTEMPATH\Boot.php(67): CodeIgniter\Boot::runCodeIgniter(Object(CodeIgniter\CodeIgniter))
 6 FCPATH\index.php(56): CodeIgniter\Boot::bootWeb(Object(Config\Paths))
DEBUG - 2025-03-21 02:27:43 --> Session: Class initialized using 'CodeIgniter\Session\Handlers\FileHandler' driver.
WARNING - 2025-03-21 02:27:43 --> [DEPRECATED] Creation of dynamic property SysAdmin\Controllers\Login::$session is deprecated in ROOTPATH\SysAdmin\Controllers\BaseController.php on line 51.
 1 SYSTEMPATH\CodeIgniter.php(903): SysAdmin\Controllers\BaseController->__construct()
 2 SYSTEMPATH\CodeIgniter.php(498): CodeIgniter\CodeIgniter->createController()
 3 SYSTEMPATH\CodeIgniter.php(354): CodeIgniter\CodeIgniter->handleRequest(null, Object(Config\Cache), false)
 4 SYSTEMPATH\Boot.php(334): CodeIgniter\CodeIgniter->run()
 5 SYSTEMPATH\Boot.php(67): CodeIgniter\Boot::runCodeIgniter(Object(CodeIgniter\CodeIgniter))
 6 FCPATH\index.php(56): CodeIgniter\Boot::bootWeb(Object(Config\Paths))
WARNING - 2025-03-21 02:27:43 --> [DEPRECATED] Creation of dynamic property SysAdmin\Controllers\Login::$encrypter is deprecated in ROOTPATH\SysAdmin\Controllers\BaseController.php on line 52.
 1 SYSTEMPATH\CodeIgniter.php(903): SysAdmin\Controllers\BaseController->__construct()
 2 SYSTEMPATH\CodeIgniter.php(498): CodeIgniter\CodeIgniter->createController()
 3 SYSTEMPATH\CodeIgniter.php(354): CodeIgniter\CodeIgniter->handleRequest(null, Object(Config\Cache), false)
 4 SYSTEMPATH\Boot.php(334): CodeIgniter\CodeIgniter->run()
 5 SYSTEMPATH\Boot.php(67): CodeIgniter\Boot::runCodeIgniter(Object(CodeIgniter\CodeIgniter))
 6 FCPATH\index.php(56): CodeIgniter\Boot::bootWeb(Object(Config\Paths))
DEBUG - 2025-03-21 02:27:50 --> Session: Class initialized using 'CodeIgniter\Session\Handlers\FileHandler' driver.
WARNING - 2025-03-21 02:27:50 --> [DEPRECATED] Creation of dynamic property SysAdmin\Controllers\Login::$session is deprecated in ROOTPATH\SysAdmin\Controllers\BaseController.php on line 51.
 1 SYSTEMPATH\CodeIgniter.php(903): SysAdmin\Controllers\BaseController->__construct()
 2 SYSTEMPATH\CodeIgniter.php(498): CodeIgniter\CodeIgniter->createController()
 3 SYSTEMPATH\CodeIgniter.php(354): CodeIgniter\CodeIgniter->handleRequest(null, Object(Config\Cache), false)
 4 SYSTEMPATH\Boot.php(334): CodeIgniter\CodeIgniter->run()
 5 SYSTEMPATH\Boot.php(67): CodeIgniter\Boot::runCodeIgniter(Object(CodeIgniter\CodeIgniter))
 6 FCPATH\index.php(56): CodeIgniter\Boot::bootWeb(Object(Config\Paths))
WARNING - 2025-03-21 02:27:50 --> [DEPRECATED] Creation of dynamic property SysAdmin\Controllers\Login::$encrypter is deprecated in ROOTPATH\SysAdmin\Controllers\BaseController.php on line 52.
 1 SYSTEMPATH\CodeIgniter.php(903): SysAdmin\Controllers\BaseController->__construct()
 2 SYSTEMPATH\CodeIgniter.php(498): CodeIgniter\CodeIgniter->createController()
 3 SYSTEMPATH\CodeIgniter.php(354): CodeIgniter\CodeIgniter->handleRequest(null, Object(Config\Cache), false)
 4 SYSTEMPATH\Boot.php(334): CodeIgniter\CodeIgniter->run()
 5 SYSTEMPATH\Boot.php(67): CodeIgniter\Boot::runCodeIgniter(Object(CodeIgniter\CodeIgniter))
 6 FCPATH\index.php(56): CodeIgniter\Boot::bootWeb(Object(Config\Paths))
ERROR - 2025-03-21 02:27:50 --> mysqli_sql_exception: Unknown storage engine 'InnoDB' in E:\web\XAMPP\htdocs\test\system\Database\MySQLi\Connection.php:327
Stack trace:
#0 E:\web\XAMPP\htdocs\test\system\Database\MySQLi\Connection.php(327): mysqli->query('SELECT `scopes`...', 0)
#1 E:\web\XAMPP\htdocs\test\system\Database\BaseConnection.php(738): CodeIgniter\Database\MySQLi\Connection->execute('SELECT `scopes`...')
#2 E:\web\XAMPP\htdocs\test\system\Database\BaseConnection.php(652): CodeIgniter\Database\BaseConnection->simpleQuery('SELECT `scopes`...')
#3 E:\web\XAMPP\htdocs\test\system\Database\BaseBuilder.php(1649): CodeIgniter\Database\BaseConnection->query('SELECT `scopes`...', Array, false)
#4 E:\web\XAMPP\htdocs\test\SysAdmin\Models\LoginModel.php(29): CodeIgniter\Database\BaseBuilder->get()
#5 E:\web\XAMPP\htdocs\test\SysAdmin\Controllers\Login.php(21): SysAdmin\Models\LoginModel->identifyID('admin', 'BIm51nJWCZM2HPl...')
#6 E:\web\XAMPP\htdocs\test\system\CodeIgniter.php(933): SysAdmin\Controllers\Login->index()
#7 E:\web\XAMPP\htdocs\test\system\CodeIgniter.php(507): CodeIgniter\CodeIgniter->runController(Object(SysAdmin\Controllers\Login))
#8 E:\web\XAMPP\htdocs\test\system\CodeIgniter.php(354): CodeIgniter\CodeIgniter->handleRequest(NULL, Object(Config\Cache), false)
#9 E:\web\XAMPP\htdocs\test\system\Boot.php(334): CodeIgniter\CodeIgniter->run()
#10 E:\web\XAMPP\htdocs\test\system\Boot.php(67): CodeIgniter\Boot::runCodeIgniter(Object(CodeIgniter\CodeIgniter))
#11 E:\web\XAMPP\htdocs\test\public\index.php(56): CodeIgniter\Boot::bootWeb(Object(Config\Paths))
#12 {main}
CRITICAL - 2025-03-21 02:27:50 --> CodeIgniter\Database\Exceptions\DatabaseException: Unknown storage engine 'InnoDB'
[Method: POST, Route: login]
in SYSTEMPATH\Database\BaseConnection.php on line 692.
 1 SYSTEMPATH\Database\BaseBuilder.php(1649): CodeIgniter\Database\BaseConnection->query('SELECT `scopes`, `mold`
FROM `c_role_auth`
JOIN `c_authority` ON `c_authority`.`id`=`c_role_auth`.`aid`
WHERE `rid` IN :rid:
ORDER BY `mold` DESC', [...], false)
 2 ROOTPATH\SysAdmin\Models\LoginModel.php(29): CodeIgniter\Database\BaseBuilder->get()
 3 ROOTPATH\SysAdmin\Controllers\Login.php(21): SysAdmin\Models\LoginModel->identifyID('admin', 'BIm51nJWCZM2HPlXF3jIoprNK756nWwDWe/H7DeEIJ6CAydfIKsqJkxTzqKXjHHtsxXxz99QkmBbYbenbylJ9p6r0TPMSO8zeDrwSVcjbPVlcqDr18mWApE5TPEjIodfOxDaMlSpsAlAt1czpuBWduT0on3KBxLM68MFyn2L5T8=')
 4 SYSTEMPATH\CodeIgniter.php(933): SysAdmin\Controllers\Login->index()
 5 SYSTEMPATH\CodeIgniter.php(507): CodeIgniter\CodeIgniter->runController(Object(SysAdmin\Controllers\Login))
 6 SYSTEMPATH\CodeIgniter.php(354): CodeIgniter\CodeIgniter->handleRequest(null, Object(Config\Cache), false)
 7 SYSTEMPATH\Boot.php(334): CodeIgniter\CodeIgniter->run()
 8 SYSTEMPATH\Boot.php(67): CodeIgniter\Boot::runCodeIgniter(Object(CodeIgniter\CodeIgniter))
 9 FCPATH\index.php(56): CodeIgniter\Boot::bootWeb(Object(Config\Paths))
CRITICAL - 2025-03-21 02:27:50 --> [Caused by] CodeIgniter\Database\Exceptions\DatabaseException: Unknown storage engine 'InnoDB'
in SYSTEMPATH\Database\MySQLi\Connection.php on line 332.
 1 SYSTEMPATH\Database\BaseConnection.php(738): CodeIgniter\Database\MySQLi\Connection->execute('SELECT `scopes`, `mold`
FROM `c_role_auth`
JOIN `c_authority` ON `c_authority`.`id`=`c_role_auth`.`aid`
WHERE `rid` IN (\'5\')
ORDER BY `mold` DESC')
 2 SYSTEMPATH\Database\BaseConnection.php(652): CodeIgniter\Database\BaseConnection->simpleQuery('SELECT `scopes`, `mold`
FROM `c_role_auth`
JOIN `c_authority` ON `c_authority`.`id`=`c_role_auth`.`aid`
WHERE `rid` IN (\'5\')
ORDER BY `mold` DESC')
 3 SYSTEMPATH\Database\BaseBuilder.php(1649): CodeIgniter\Database\BaseConnection->query('SELECT `scopes`, `mold`
FROM `c_role_auth`
JOIN `c_authority` ON `c_authority`.`id`=`c_role_auth`.`aid`
WHERE `rid` IN :rid:
ORDER BY `mold` DESC', [...], false)
 4 ROOTPATH\SysAdmin\Models\LoginModel.php(29): CodeIgniter\Database\BaseBuilder->get()
 5 ROOTPATH\SysAdmin\Controllers\Login.php(21): SysAdmin\Models\LoginModel->identifyID('admin', 'BIm51nJWCZM2HPlXF3jIoprNK756nWwDWe/H7DeEIJ6CAydfIKsqJkxTzqKXjHHtsxXxz99QkmBbYbenbylJ9p6r0TPMSO8zeDrwSVcjbPVlcqDr18mWApE5TPEjIodfOxDaMlSpsAlAt1czpuBWduT0on3KBxLM68MFyn2L5T8=')
 6 SYSTEMPATH\CodeIgniter.php(933): SysAdmin\Controllers\Login->index()
 7 SYSTEMPATH\CodeIgniter.php(507): CodeIgniter\CodeIgniter->runController(Object(SysAdmin\Controllers\Login))
 8 SYSTEMPATH\CodeIgniter.php(354): CodeIgniter\CodeIgniter->handleRequest(null, Object(Config\Cache), false)
 9 SYSTEMPATH\Boot.php(334): CodeIgniter\CodeIgniter->run()
10 SYSTEMPATH\Boot.php(67): CodeIgniter\Boot::runCodeIgniter(Object(CodeIgniter\CodeIgniter))
11 FCPATH\index.php(56): CodeIgniter\Boot::bootWeb(Object(Config\Paths))
CRITICAL - 2025-03-21 02:27:50 --> [Caused by] mysqli_sql_exception: Unknown storage engine 'InnoDB'
in SYSTEMPATH\Database\MySQLi\Connection.php on line 327.
 1 SYSTEMPATH\Database\MySQLi\Connection.php(327): mysqli->query('SELECT `scopes`, `mold`
FROM `c_role_auth`
JOIN `c_authority` ON `c_authority`.`id`=`c_role_auth`.`aid`
WHERE `rid` IN (\'5\')
ORDER BY `mold` DESC', 0)
 2 SYSTEMPATH\Database\BaseConnection.php(738): CodeIgniter\Database\MySQLi\Connection->execute('SELECT `scopes`, `mold`
FROM `c_role_auth`
JOIN `c_authority` ON `c_authority`.`id`=`c_role_auth`.`aid`
WHERE `rid` IN (\'5\')
ORDER BY `mold` DESC')
 3 SYSTEMPATH\Database\BaseConnection.php(652): CodeIgniter\Database\BaseConnection->simpleQuery('SELECT `scopes`, `mold`
FROM `c_role_auth`
JOIN `c_authority` ON `c_authority`.`id`=`c_role_auth`.`aid`
WHERE `rid` IN (\'5\')
ORDER BY `mold` DESC')
 4 SYSTEMPATH\Database\BaseBuilder.php(1649): CodeIgniter\Database\BaseConnection->query('SELECT `scopes`, `mold`
FROM `c_role_auth`
JOIN `c_authority` ON `c_authority`.`id`=`c_role_auth`.`aid`
WHERE `rid` IN :rid:
ORDER BY `mold` DESC', [...], false)
 5 ROOTPATH\SysAdmin\Models\LoginModel.php(29): CodeIgniter\Database\BaseBuilder->get()
 6 ROOTPATH\SysAdmin\Controllers\Login.php(21): SysAdmin\Models\LoginModel->identifyID('admin', 'BIm51nJWCZM2HPlXF3jIoprNK756nWwDWe/H7DeEIJ6CAydfIKsqJkxTzqKXjHHtsxXxz99QkmBbYbenbylJ9p6r0TPMSO8zeDrwSVcjbPVlcqDr18mWApE5TPEjIodfOxDaMlSpsAlAt1czpuBWduT0on3KBxLM68MFyn2L5T8=')
 7 SYSTEMPATH\CodeIgniter.php(933): SysAdmin\Controllers\Login->index()
 8 SYSTEMPATH\CodeIgniter.php(507): CodeIgniter\CodeIgniter->runController(Object(SysAdmin\Controllers\Login))
 9 SYSTEMPATH\CodeIgniter.php(354): CodeIgniter\CodeIgniter->handleRequest(null, Object(Config\Cache), false)
10 SYSTEMPATH\Boot.php(334): CodeIgniter\CodeIgniter->run()
11 SYSTEMPATH\Boot.php(67): CodeIgniter\Boot::runCodeIgniter(Object(CodeIgniter\CodeIgniter))
12 FCPATH\index.php(56): CodeIgniter\Boot::bootWeb(Object(Config\Paths))
DEBUG - 2025-03-21 02:28:02 --> Session: Class initialized using 'CodeIgniter\Session\Handlers\FileHandler' driver.
WARNING - 2025-03-21 02:28:02 --> [DEPRECATED] Creation of dynamic property SysAdmin\Controllers\Login::$session is deprecated in ROOTPATH\SysAdmin\Controllers\BaseController.php on line 51.
 1 SYSTEMPATH\CodeIgniter.php(903): SysAdmin\Controllers\BaseController->__construct()
 2 SYSTEMPATH\CodeIgniter.php(498): CodeIgniter\CodeIgniter->createController()
 3 SYSTEMPATH\CodeIgniter.php(354): CodeIgniter\CodeIgniter->handleRequest(null, Object(Config\Cache), false)
 4 SYSTEMPATH\Boot.php(334): CodeIgniter\CodeIgniter->run()
 5 SYSTEMPATH\Boot.php(67): CodeIgniter\Boot::runCodeIgniter(Object(CodeIgniter\CodeIgniter))
 6 FCPATH\index.php(56): CodeIgniter\Boot::bootWeb(Object(Config\Paths))
WARNING - 2025-03-21 02:28:02 --> [DEPRECATED] Creation of dynamic property SysAdmin\Controllers\Login::$encrypter is deprecated in ROOTPATH\SysAdmin\Controllers\BaseController.php on line 52.
 1 SYSTEMPATH\CodeIgniter.php(903): SysAdmin\Controllers\BaseController->__construct()
 2 SYSTEMPATH\CodeIgniter.php(498): CodeIgniter\CodeIgniter->createController()
 3 SYSTEMPATH\CodeIgniter.php(354): CodeIgniter\CodeIgniter->handleRequest(null, Object(Config\Cache), false)
 4 SYSTEMPATH\Boot.php(334): CodeIgniter\CodeIgniter->run()
 5 SYSTEMPATH\Boot.php(67): CodeIgniter\Boot::runCodeIgniter(Object(CodeIgniter\CodeIgniter))
 6 FCPATH\index.php(56): CodeIgniter\Boot::bootWeb(Object(Config\Paths))
DEBUG - 2025-03-21 02:28:09 --> Session: Class initialized using 'CodeIgniter\Session\Handlers\FileHandler' driver.
WARNING - 2025-03-21 02:28:09 --> [DEPRECATED] Creation of dynamic property SysAdmin\Controllers\Login::$session is deprecated in ROOTPATH\SysAdmin\Controllers\BaseController.php on line 51.
 1 SYSTEMPATH\CodeIgniter.php(903): SysAdmin\Controllers\BaseController->__construct()
 2 SYSTEMPATH\CodeIgniter.php(498): CodeIgniter\CodeIgniter->createController()
 3 SYSTEMPATH\CodeIgniter.php(354): CodeIgniter\CodeIgniter->handleRequest(null, Object(Config\Cache), false)
 4 SYSTEMPATH\Boot.php(334): CodeIgniter\CodeIgniter->run()
 5 SYSTEMPATH\Boot.php(67): CodeIgniter\Boot::runCodeIgniter(Object(CodeIgniter\CodeIgniter))
 6 FCPATH\index.php(56): CodeIgniter\Boot::bootWeb(Object(Config\Paths))
WARNING - 2025-03-21 02:28:09 --> [DEPRECATED] Creation of dynamic property SysAdmin\Controllers\Login::$encrypter is deprecated in ROOTPATH\SysAdmin\Controllers\BaseController.php on line 52.
 1 SYSTEMPATH\CodeIgniter.php(903): SysAdmin\Controllers\BaseController->__construct()
 2 SYSTEMPATH\CodeIgniter.php(498): CodeIgniter\CodeIgniter->createController()
 3 SYSTEMPATH\CodeIgniter.php(354): CodeIgniter\CodeIgniter->handleRequest(null, Object(Config\Cache), false)
 4 SYSTEMPATH\Boot.php(334): CodeIgniter\CodeIgniter->run()
 5 SYSTEMPATH\Boot.php(67): CodeIgniter\Boot::runCodeIgniter(Object(CodeIgniter\CodeIgniter))
 6 FCPATH\index.php(56): CodeIgniter\Boot::bootWeb(Object(Config\Paths))
DEBUG - 2025-03-21 02:28:15 --> Session: Class initialized using 'CodeIgniter\Session\Handlers\FileHandler' driver.
WARNING - 2025-03-21 02:28:15 --> [DEPRECATED] Creation of dynamic property SysAdmin\Controllers\Login::$session is deprecated in ROOTPATH\SysAdmin\Controllers\BaseController.php on line 51.
 1 SYSTEMPATH\CodeIgniter.php(903): SysAdmin\Controllers\BaseController->__construct()
 2 SYSTEMPATH\CodeIgniter.php(498): CodeIgniter\CodeIgniter->createController()
 3 SYSTEMPATH\CodeIgniter.php(354): CodeIgniter\CodeIgniter->handleRequest(null, Object(Config\Cache), false)
 4 SYSTEMPATH\Boot.php(334): CodeIgniter\CodeIgniter->run()
 5 SYSTEMPATH\Boot.php(67): CodeIgniter\Boot::runCodeIgniter(Object(CodeIgniter\CodeIgniter))
 6 FCPATH\index.php(56): CodeIgniter\Boot::bootWeb(Object(Config\Paths))
WARNING - 2025-03-21 02:28:15 --> [DEPRECATED] Creation of dynamic property SysAdmin\Controllers\Login::$encrypter is deprecated in ROOTPATH\SysAdmin\Controllers\BaseController.php on line 52.
 1 SYSTEMPATH\CodeIgniter.php(903): SysAdmin\Controllers\BaseController->__construct()
 2 SYSTEMPATH\CodeIgniter.php(498): CodeIgniter\CodeIgniter->createController()
 3 SYSTEMPATH\CodeIgniter.php(354): CodeIgniter\CodeIgniter->handleRequest(null, Object(Config\Cache), false)
 4 SYSTEMPATH\Boot.php(334): CodeIgniter\CodeIgniter->run()
 5 SYSTEMPATH\Boot.php(67): CodeIgniter\Boot::runCodeIgniter(Object(CodeIgniter\CodeIgniter))
 6 FCPATH\index.php(56): CodeIgniter\Boot::bootWeb(Object(Config\Paths))
DEBUG - 2025-03-21 02:28:56 --> Session: Class initialized using 'CodeIgniter\Session\Handlers\FileHandler' driver.
WARNING - 2025-03-21 02:28:56 --> [DEPRECATED] Creation of dynamic property SysAdmin\Controllers\Login::$session is deprecated in ROOTPATH\SysAdmin\Controllers\BaseController.php on line 51.
 1 SYSTEMPATH\CodeIgniter.php(903): SysAdmin\Controllers\BaseController->__construct()
 2 SYSTEMPATH\CodeIgniter.php(498): CodeIgniter\CodeIgniter->createController()
 3 SYSTEMPATH\CodeIgniter.php(354): CodeIgniter\CodeIgniter->handleRequest(null, Object(Config\Cache), false)
 4 SYSTEMPATH\Boot.php(334): CodeIgniter\CodeIgniter->run()
 5 SYSTEMPATH\Boot.php(67): CodeIgniter\Boot::runCodeIgniter(Object(CodeIgniter\CodeIgniter))
 6 FCPATH\index.php(56): CodeIgniter\Boot::bootWeb(Object(Config\Paths))
WARNING - 2025-03-21 02:28:56 --> [DEPRECATED] Creation of dynamic property SysAdmin\Controllers\Login::$encrypter is deprecated in ROOTPATH\SysAdmin\Controllers\BaseController.php on line 52.
 1 SYSTEMPATH\CodeIgniter.php(903): SysAdmin\Controllers\BaseController->__construct()
 2 SYSTEMPATH\CodeIgniter.php(498): CodeIgniter\CodeIgniter->createController()
 3 SYSTEMPATH\CodeIgniter.php(354): CodeIgniter\CodeIgniter->handleRequest(null, Object(Config\Cache), false)
 4 SYSTEMPATH\Boot.php(334): CodeIgniter\CodeIgniter->run()
 5 SYSTEMPATH\Boot.php(67): CodeIgniter\Boot::runCodeIgniter(Object(CodeIgniter\CodeIgniter))
 6 FCPATH\index.php(56): CodeIgniter\Boot::bootWeb(Object(Config\Paths))
DEBUG - 2025-03-21 02:29:06 --> Session: Class initialized using 'CodeIgniter\Session\Handlers\FileHandler' driver.
WARNING - 2025-03-21 02:29:06 --> [DEPRECATED] Creation of dynamic property SysAdmin\Controllers\Login::$session is deprecated in ROOTPATH\SysAdmin\Controllers\BaseController.php on line 51.
 1 SYSTEMPATH\CodeIgniter.php(903): SysAdmin\Controllers\BaseController->__construct()
 2 SYSTEMPATH\CodeIgniter.php(498): CodeIgniter\CodeIgniter->createController()
 3 SYSTEMPATH\CodeIgniter.php(354): CodeIgniter\CodeIgniter->handleRequest(null, Object(Config\Cache), false)
 4 SYSTEMPATH\Boot.php(334): CodeIgniter\CodeIgniter->run()
 5 SYSTEMPATH\Boot.php(67): CodeIgniter\Boot::runCodeIgniter(Object(CodeIgniter\CodeIgniter))
 6 FCPATH\index.php(56): CodeIgniter\Boot::bootWeb(Object(Config\Paths))
WARNING - 2025-03-21 02:29:06 --> [DEPRECATED] Creation of dynamic property SysAdmin\Controllers\Login::$encrypter is deprecated in ROOTPATH\SysAdmin\Controllers\BaseController.php on line 52.
 1 SYSTEMPATH\CodeIgniter.php(903): SysAdmin\Controllers\BaseController->__construct()
 2 SYSTEMPATH\CodeIgniter.php(498): CodeIgniter\CodeIgniter->createController()
 3 SYSTEMPATH\CodeIgniter.php(354): CodeIgniter\CodeIgniter->handleRequest(null, Object(Config\Cache), false)
 4 SYSTEMPATH\Boot.php(334): CodeIgniter\CodeIgniter->run()
 5 SYSTEMPATH\Boot.php(67): CodeIgniter\Boot::runCodeIgniter(Object(CodeIgniter\CodeIgniter))
 6 FCPATH\index.php(56): CodeIgniter\Boot::bootWeb(Object(Config\Paths))
ERROR - 2025-03-21 02:29:06 --> mysqli_sql_exception: Unknown storage engine 'InnoDB' in E:\web\XAMPP\htdocs\test\system\Database\MySQLi\Connection.php:327
Stack trace:
#0 E:\web\XAMPP\htdocs\test\system\Database\MySQLi\Connection.php(327): mysqli->query('SELECT `scopes`...', 0)
#1 E:\web\XAMPP\htdocs\test\system\Database\BaseConnection.php(738): CodeIgniter\Database\MySQLi\Connection->execute('SELECT `scopes`...')
#2 E:\web\XAMPP\htdocs\test\system\Database\BaseConnection.php(652): CodeIgniter\Database\BaseConnection->simpleQuery('SELECT `scopes`...')
#3 E:\web\XAMPP\htdocs\test\system\Database\BaseBuilder.php(1649): CodeIgniter\Database\BaseConnection->query('SELECT `scopes`...', Array, false)
#4 E:\web\XAMPP\htdocs\test\SysAdmin\Models\LoginModel.php(29): CodeIgniter\Database\BaseBuilder->get()
#5 E:\web\XAMPP\htdocs\test\SysAdmin\Controllers\Login.php(21): SysAdmin\Models\LoginModel->identifyID('admin', 'fgNTGI9vDgD2DKO...')
#6 E:\web\XAMPP\htdocs\test\system\CodeIgniter.php(933): SysAdmin\Controllers\Login->index()
#7 E:\web\XAMPP\htdocs\test\system\CodeIgniter.php(507): CodeIgniter\CodeIgniter->runController(Object(SysAdmin\Controllers\Login))
#8 E:\web\XAMPP\htdocs\test\system\CodeIgniter.php(354): CodeIgniter\CodeIgniter->handleRequest(NULL, Object(Config\Cache), false)
#9 E:\web\XAMPP\htdocs\test\system\Boot.php(334): CodeIgniter\CodeIgniter->run()
#10 E:\web\XAMPP\htdocs\test\system\Boot.php(67): CodeIgniter\Boot::runCodeIgniter(Object(CodeIgniter\CodeIgniter))
#11 E:\web\XAMPP\htdocs\test\public\index.php(56): CodeIgniter\Boot::bootWeb(Object(Config\Paths))
#12 {main}
CRITICAL - 2025-03-21 02:29:06 --> CodeIgniter\Database\Exceptions\DatabaseException: Unknown storage engine 'InnoDB'
[Method: POST, Route: login]
in SYSTEMPATH\Database\BaseConnection.php on line 692.
 1 SYSTEMPATH\Database\BaseBuilder.php(1649): CodeIgniter\Database\BaseConnection->query('SELECT `scopes`, `mold`
FROM `c_role_auth`
JOIN `c_authority` ON `c_authority`.`id`=`c_role_auth`.`aid`
WHERE `rid` IN :rid:
ORDER BY `mold` DESC', [...], false)
 2 ROOTPATH\SysAdmin\Models\LoginModel.php(29): CodeIgniter\Database\BaseBuilder->get()
 3 ROOTPATH\SysAdmin\Controllers\Login.php(21): SysAdmin\Models\LoginModel->identifyID('admin', 'fgNTGI9vDgD2DKOF9U0f5ptqR8SAlLs09HBtjQzL9GSnmC2JJ4EpmbEh8x8FtliIqNpFAks+lRBstb36Kwc1bCGDq8QYm19t9QkeqWcvIO9MOqON6qN/LNvzV/ZwgXJmtlPEXW4amm88oOVNN7M24+FgN4t2eEfC56xdXEH8Xio=')
 4 SYSTEMPATH\CodeIgniter.php(933): SysAdmin\Controllers\Login->index()
 5 SYSTEMPATH\CodeIgniter.php(507): CodeIgniter\CodeIgniter->runController(Object(SysAdmin\Controllers\Login))
 6 SYSTEMPATH\CodeIgniter.php(354): CodeIgniter\CodeIgniter->handleRequest(null, Object(Config\Cache), false)
 7 SYSTEMPATH\Boot.php(334): CodeIgniter\CodeIgniter->run()
 8 SYSTEMPATH\Boot.php(67): CodeIgniter\Boot::runCodeIgniter(Object(CodeIgniter\CodeIgniter))
 9 FCPATH\index.php(56): CodeIgniter\Boot::bootWeb(Object(Config\Paths))
CRITICAL - 2025-03-21 02:29:06 --> [Caused by] CodeIgniter\Database\Exceptions\DatabaseException: Unknown storage engine 'InnoDB'
in SYSTEMPATH\Database\MySQLi\Connection.php on line 332.
 1 SYSTEMPATH\Database\BaseConnection.php(738): CodeIgniter\Database\MySQLi\Connection->execute('SELECT `scopes`, `mold`
FROM `c_role_auth`
JOIN `c_authority` ON `c_authority`.`id`=`c_role_auth`.`aid`
WHERE `rid` IN (\'5\')
ORDER BY `mold` DESC')
 2 SYSTEMPATH\Database\BaseConnection.php(652): CodeIgniter\Database\BaseConnection->simpleQuery('SELECT `scopes`, `mold`
FROM `c_role_auth`
JOIN `c_authority` ON `c_authority`.`id`=`c_role_auth`.`aid`
WHERE `rid` IN (\'5\')
ORDER BY `mold` DESC')
 3 SYSTEMPATH\Database\BaseBuilder.php(1649): CodeIgniter\Database\BaseConnection->query('SELECT `scopes`, `mold`
FROM `c_role_auth`
JOIN `c_authority` ON `c_authority`.`id`=`c_role_auth`.`aid`
WHERE `rid` IN :rid:
ORDER BY `mold` DESC', [...], false)
 4 ROOTPATH\SysAdmin\Models\LoginModel.php(29): CodeIgniter\Database\BaseBuilder->get()
 5 ROOTPATH\SysAdmin\Controllers\Login.php(21): SysAdmin\Models\LoginModel->identifyID('admin', 'fgNTGI9vDgD2DKOF9U0f5ptqR8SAlLs09HBtjQzL9GSnmC2JJ4EpmbEh8x8FtliIqNpFAks+lRBstb36Kwc1bCGDq8QYm19t9QkeqWcvIO9MOqON6qN/LNvzV/ZwgXJmtlPEXW4amm88oOVNN7M24+FgN4t2eEfC56xdXEH8Xio=')
 6 SYSTEMPATH\CodeIgniter.php(933): SysAdmin\Controllers\Login->index()
 7 SYSTEMPATH\CodeIgniter.php(507): CodeIgniter\CodeIgniter->runController(Object(SysAdmin\Controllers\Login))
 8 SYSTEMPATH\CodeIgniter.php(354): CodeIgniter\CodeIgniter->handleRequest(null, Object(Config\Cache), false)
 9 SYSTEMPATH\Boot.php(334): CodeIgniter\CodeIgniter->run()
10 SYSTEMPATH\Boot.php(67): CodeIgniter\Boot::runCodeIgniter(Object(CodeIgniter\CodeIgniter))
11 FCPATH\index.php(56): CodeIgniter\Boot::bootWeb(Object(Config\Paths))
CRITICAL - 2025-03-21 02:29:06 --> [Caused by] mysqli_sql_exception: Unknown storage engine 'InnoDB'
in SYSTEMPATH\Database\MySQLi\Connection.php on line 327.
 1 SYSTEMPATH\Database\MySQLi\Connection.php(327): mysqli->query('SELECT `scopes`, `mold`
FROM `c_role_auth`
JOIN `c_authority` ON `c_authority`.`id`=`c_role_auth`.`aid`
WHERE `rid` IN (\'5\')
ORDER BY `mold` DESC', 0)
 2 SYSTEMPATH\Database\BaseConnection.php(738): CodeIgniter\Database\MySQLi\Connection->execute('SELECT `scopes`, `mold`
FROM `c_role_auth`
JOIN `c_authority` ON `c_authority`.`id`=`c_role_auth`.`aid`
WHERE `rid` IN (\'5\')
ORDER BY `mold` DESC')
 3 SYSTEMPATH\Database\BaseConnection.php(652): CodeIgniter\Database\BaseConnection->simpleQuery('SELECT `scopes`, `mold`
FROM `c_role_auth`
JOIN `c_authority` ON `c_authority`.`id`=`c_role_auth`.`aid`
WHERE `rid` IN (\'5\')
ORDER BY `mold` DESC')
 4 SYSTEMPATH\Database\BaseBuilder.php(1649): CodeIgniter\Database\BaseConnection->query('SELECT `scopes`, `mold`
FROM `c_role_auth`
JOIN `c_authority` ON `c_authority`.`id`=`c_role_auth`.`aid`
WHERE `rid` IN :rid:
ORDER BY `mold` DESC', [...], false)
 5 ROOTPATH\SysAdmin\Models\LoginModel.php(29): CodeIgniter\Database\BaseBuilder->get()
 6 ROOTPATH\SysAdmin\Controllers\Login.php(21): SysAdmin\Models\LoginModel->identifyID('admin', 'fgNTGI9vDgD2DKOF9U0f5ptqR8SAlLs09HBtjQzL9GSnmC2JJ4EpmbEh8x8FtliIqNpFAks+lRBstb36Kwc1bCGDq8QYm19t9QkeqWcvIO9MOqON6qN/LNvzV/ZwgXJmtlPEXW4amm88oOVNN7M24+FgN4t2eEfC56xdXEH8Xio=')
 7 SYSTEMPATH\CodeIgniter.php(933): SysAdmin\Controllers\Login->index()
 8 SYSTEMPATH\CodeIgniter.php(507): CodeIgniter\CodeIgniter->runController(Object(SysAdmin\Controllers\Login))
 9 SYSTEMPATH\CodeIgniter.php(354): CodeIgniter\CodeIgniter->handleRequest(null, Object(Config\Cache), false)
10 SYSTEMPATH\Boot.php(334): CodeIgniter\CodeIgniter->run()
11 SYSTEMPATH\Boot.php(67): CodeIgniter\Boot::runCodeIgniter(Object(CodeIgniter\CodeIgniter))
12 FCPATH\index.php(56): CodeIgniter\Boot::bootWeb(Object(Config\Paths))
DEBUG - 2025-03-21 02:35:11 --> Session: Class initialized using 'CodeIgniter\Session\Handlers\FileHandler' driver.
WARNING - 2025-03-21 02:35:11 --> [DEPRECATED] Creation of dynamic property SysAdmin\Controllers\Login::$session is deprecated in ROOTPATH\SysAdmin\Controllers\BaseController.php on line 51.
 1 SYSTEMPATH\CodeIgniter.php(903): SysAdmin\Controllers\BaseController->__construct()
 2 SYSTEMPATH\CodeIgniter.php(498): CodeIgniter\CodeIgniter->createController()
 3 SYSTEMPATH\CodeIgniter.php(354): CodeIgniter\CodeIgniter->handleRequest(null, Object(Config\Cache), false)
 4 SYSTEMPATH\Boot.php(334): CodeIgniter\CodeIgniter->run()
 5 SYSTEMPATH\Boot.php(67): CodeIgniter\Boot::runCodeIgniter(Object(CodeIgniter\CodeIgniter))
 6 FCPATH\index.php(56): CodeIgniter\Boot::bootWeb(Object(Config\Paths))
WARNING - 2025-03-21 02:35:11 --> [DEPRECATED] Creation of dynamic property SysAdmin\Controllers\Login::$encrypter is deprecated in ROOTPATH\SysAdmin\Controllers\BaseController.php on line 52.
 1 SYSTEMPATH\CodeIgniter.php(903): SysAdmin\Controllers\BaseController->__construct()
 2 SYSTEMPATH\CodeIgniter.php(498): CodeIgniter\CodeIgniter->createController()
 3 SYSTEMPATH\CodeIgniter.php(354): CodeIgniter\CodeIgniter->handleRequest(null, Object(Config\Cache), false)
 4 SYSTEMPATH\Boot.php(334): CodeIgniter\CodeIgniter->run()
 5 SYSTEMPATH\Boot.php(67): CodeIgniter\Boot::runCodeIgniter(Object(CodeIgniter\CodeIgniter))
 6 FCPATH\index.php(56): CodeIgniter\Boot::bootWeb(Object(Config\Paths))
ERROR - 2025-03-21 02:35:11 --> mysqli_sql_exception: Unknown storage engine 'InnoDB' in E:\web\XAMPP\htdocs\test\system\Database\MySQLi\Connection.php:327
Stack trace:
#0 E:\web\XAMPP\htdocs\test\system\Database\MySQLi\Connection.php(327): mysqli->query('SELECT `scopes`...', 0)
#1 E:\web\XAMPP\htdocs\test\system\Database\BaseConnection.php(738): CodeIgniter\Database\MySQLi\Connection->execute('SELECT `scopes`...')
#2 E:\web\XAMPP\htdocs\test\system\Database\BaseConnection.php(652): CodeIgniter\Database\BaseConnection->simpleQuery('SELECT `scopes`...')
#3 E:\web\XAMPP\htdocs\test\system\Database\BaseBuilder.php(1649): CodeIgniter\Database\BaseConnection->query('SELECT `scopes`...', Array, false)
#4 E:\web\XAMPP\htdocs\test\SysAdmin\Models\LoginModel.php(29): CodeIgniter\Database\BaseBuilder->get()
#5 E:\web\XAMPP\htdocs\test\SysAdmin\Controllers\Login.php(21): SysAdmin\Models\LoginModel->identifyID('admin', 'fgNTGI9vDgD2DKO...')
#6 E:\web\XAMPP\htdocs\test\system\CodeIgniter.php(933): SysAdmin\Controllers\Login->index()
#7 E:\web\XAMPP\htdocs\test\system\CodeIgniter.php(507): CodeIgniter\CodeIgniter->runController(Object(SysAdmin\Controllers\Login))
#8 E:\web\XAMPP\htdocs\test\system\CodeIgniter.php(354): CodeIgniter\CodeIgniter->handleRequest(NULL, Object(Config\Cache), false)
#9 E:\web\XAMPP\htdocs\test\system\Boot.php(334): CodeIgniter\CodeIgniter->run()
#10 E:\web\XAMPP\htdocs\test\system\Boot.php(67): CodeIgniter\Boot::runCodeIgniter(Object(CodeIgniter\CodeIgniter))
#11 E:\web\XAMPP\htdocs\test\public\index.php(56): CodeIgniter\Boot::bootWeb(Object(Config\Paths))
#12 {main}
CRITICAL - 2025-03-21 02:35:11 --> CodeIgniter\Database\Exceptions\DatabaseException: Unknown storage engine 'InnoDB'
[Method: POST, Route: login]
in SYSTEMPATH\Database\BaseConnection.php on line 692.
 1 SYSTEMPATH\Database\BaseBuilder.php(1649): CodeIgniter\Database\BaseConnection->query('SELECT `scopes`, `mold`
FROM `c_role_auth`
JOIN `c_authority` ON `c_authority`.`id`=`c_role_auth`.`aid`
WHERE `rid` IN :rid:
ORDER BY `mold` DESC', [...], false)
 2 ROOTPATH\SysAdmin\Models\LoginModel.php(29): CodeIgniter\Database\BaseBuilder->get()
 3 ROOTPATH\SysAdmin\Controllers\Login.php(21): SysAdmin\Models\LoginModel->identifyID('admin', 'fgNTGI9vDgD2DKOF9U0f5ptqR8SAlLs09HBtjQzL9GSnmC2JJ4EpmbEh8x8FtliIqNpFAks+lRBstb36Kwc1bCGDq8QYm19t9QkeqWcvIO9MOqON6qN/LNvzV/ZwgXJmtlPEXW4amm88oOVNN7M24+FgN4t2eEfC56xdXEH8Xio=')
 4 SYSTEMPATH\CodeIgniter.php(933): SysAdmin\Controllers\Login->index()
 5 SYSTEMPATH\CodeIgniter.php(507): CodeIgniter\CodeIgniter->runController(Object(SysAdmin\Controllers\Login))
 6 SYSTEMPATH\CodeIgniter.php(354): CodeIgniter\CodeIgniter->handleRequest(null, Object(Config\Cache), false)
 7 SYSTEMPATH\Boot.php(334): CodeIgniter\CodeIgniter->run()
 8 SYSTEMPATH\Boot.php(67): CodeIgniter\Boot::runCodeIgniter(Object(CodeIgniter\CodeIgniter))
 9 FCPATH\index.php(56): CodeIgniter\Boot::bootWeb(Object(Config\Paths))
CRITICAL - 2025-03-21 02:35:11 --> [Caused by] CodeIgniter\Database\Exceptions\DatabaseException: Unknown storage engine 'InnoDB'
in SYSTEMPATH\Database\MySQLi\Connection.php on line 332.
 1 SYSTEMPATH\Database\BaseConnection.php(738): CodeIgniter\Database\MySQLi\Connection->execute('SELECT `scopes`, `mold`
FROM `c_role_auth`
JOIN `c_authority` ON `c_authority`.`id`=`c_role_auth`.`aid`
WHERE `rid` IN (\'5\')
ORDER BY `mold` DESC')
 2 SYSTEMPATH\Database\BaseConnection.php(652): CodeIgniter\Database\BaseConnection->simpleQuery('SELECT `scopes`, `mold`
FROM `c_role_auth`
JOIN `c_authority` ON `c_authority`.`id`=`c_role_auth`.`aid`
WHERE `rid` IN (\'5\')
ORDER BY `mold` DESC')
 3 SYSTEMPATH\Database\BaseBuilder.php(1649): CodeIgniter\Database\BaseConnection->query('SELECT `scopes`, `mold`
FROM `c_role_auth`
JOIN `c_authority` ON `c_authority`.`id`=`c_role_auth`.`aid`
WHERE `rid` IN :rid:
ORDER BY `mold` DESC', [...], false)
 4 ROOTPATH\SysAdmin\Models\LoginModel.php(29): CodeIgniter\Database\BaseBuilder->get()
 5 ROOTPATH\SysAdmin\Controllers\Login.php(21): SysAdmin\Models\LoginModel->identifyID('admin', 'fgNTGI9vDgD2DKOF9U0f5ptqR8SAlLs09HBtjQzL9GSnmC2JJ4EpmbEh8x8FtliIqNpFAks+lRBstb36Kwc1bCGDq8QYm19t9QkeqWcvIO9MOqON6qN/LNvzV/ZwgXJmtlPEXW4amm88oOVNN7M24+FgN4t2eEfC56xdXEH8Xio=')
 6 SYSTEMPATH\CodeIgniter.php(933): SysAdmin\Controllers\Login->index()
 7 SYSTEMPATH\CodeIgniter.php(507): CodeIgniter\CodeIgniter->runController(Object(SysAdmin\Controllers\Login))
 8 SYSTEMPATH\CodeIgniter.php(354): CodeIgniter\CodeIgniter->handleRequest(null, Object(Config\Cache), false)
 9 SYSTEMPATH\Boot.php(334): CodeIgniter\CodeIgniter->run()
10 SYSTEMPATH\Boot.php(67): CodeIgniter\Boot::runCodeIgniter(Object(CodeIgniter\CodeIgniter))
11 FCPATH\index.php(56): CodeIgniter\Boot::bootWeb(Object(Config\Paths))
CRITICAL - 2025-03-21 02:35:11 --> [Caused by] mysqli_sql_exception: Unknown storage engine 'InnoDB'
in SYSTEMPATH\Database\MySQLi\Connection.php on line 327.
 1 SYSTEMPATH\Database\MySQLi\Connection.php(327): mysqli->query('SELECT `scopes`, `mold`
FROM `c_role_auth`
JOIN `c_authority` ON `c_authority`.`id`=`c_role_auth`.`aid`
WHERE `rid` IN (\'5\')
ORDER BY `mold` DESC', 0)
 2 SYSTEMPATH\Database\BaseConnection.php(738): CodeIgniter\Database\MySQLi\Connection->execute('SELECT `scopes`, `mold`
FROM `c_role_auth`
JOIN `c_authority` ON `c_authority`.`id`=`c_role_auth`.`aid`
WHERE `rid` IN (\'5\')
ORDER BY `mold` DESC')
 3 SYSTEMPATH\Database\BaseConnection.php(652): CodeIgniter\Database\BaseConnection->simpleQuery('SELECT `scopes`, `mold`
FROM `c_role_auth`
JOIN `c_authority` ON `c_authority`.`id`=`c_role_auth`.`aid`
WHERE `rid` IN (\'5\')
ORDER BY `mold` DESC')
 4 SYSTEMPATH\Database\BaseBuilder.php(1649): CodeIgniter\Database\BaseConnection->query('SELECT `scopes`, `mold`
FROM `c_role_auth`
JOIN `c_authority` ON `c_authority`.`id`=`c_role_auth`.`aid`
WHERE `rid` IN :rid:
ORDER BY `mold` DESC', [...], false)
 5 ROOTPATH\SysAdmin\Models\LoginModel.php(29): CodeIgniter\Database\BaseBuilder->get()
 6 ROOTPATH\SysAdmin\Controllers\Login.php(21): SysAdmin\Models\LoginModel->identifyID('admin', 'fgNTGI9vDgD2DKOF9U0f5ptqR8SAlLs09HBtjQzL9GSnmC2JJ4EpmbEh8x8FtliIqNpFAks+lRBstb36Kwc1bCGDq8QYm19t9QkeqWcvIO9MOqON6qN/LNvzV/ZwgXJmtlPEXW4amm88oOVNN7M24+FgN4t2eEfC56xdXEH8Xio=')
 7 SYSTEMPATH\CodeIgniter.php(933): SysAdmin\Controllers\Login->index()
 8 SYSTEMPATH\CodeIgniter.php(507): CodeIgniter\CodeIgniter->runController(Object(SysAdmin\Controllers\Login))
 9 SYSTEMPATH\CodeIgniter.php(354): CodeIgniter\CodeIgniter->handleRequest(null, Object(Config\Cache), false)
10 SYSTEMPATH\Boot.php(334): CodeIgniter\CodeIgniter->run()
11 SYSTEMPATH\Boot.php(67): CodeIgniter\Boot::runCodeIgniter(Object(CodeIgniter\CodeIgniter))
12 FCPATH\index.php(56): CodeIgniter\Boot::bootWeb(Object(Config\Paths))
DEBUG - 2025-03-21 02:35:16 --> Session: Class initialized using 'CodeIgniter\Session\Handlers\FileHandler' driver.
WARNING - 2025-03-21 02:35:16 --> [DEPRECATED] Creation of dynamic property SysAdmin\Controllers\Login::$session is deprecated in ROOTPATH\SysAdmin\Controllers\BaseController.php on line 51.
 1 SYSTEMPATH\CodeIgniter.php(903): SysAdmin\Controllers\BaseController->__construct()
 2 SYSTEMPATH\CodeIgniter.php(498): CodeIgniter\CodeIgniter->createController()
 3 SYSTEMPATH\CodeIgniter.php(354): CodeIgniter\CodeIgniter->handleRequest(null, Object(Config\Cache), false)
 4 SYSTEMPATH\Boot.php(334): CodeIgniter\CodeIgniter->run()
 5 SYSTEMPATH\Boot.php(67): CodeIgniter\Boot::runCodeIgniter(Object(CodeIgniter\CodeIgniter))
 6 FCPATH\index.php(56): CodeIgniter\Boot::bootWeb(Object(Config\Paths))
WARNING - 2025-03-21 02:35:16 --> [DEPRECATED] Creation of dynamic property SysAdmin\Controllers\Login::$encrypter is deprecated in ROOTPATH\SysAdmin\Controllers\BaseController.php on line 52.
 1 SYSTEMPATH\CodeIgniter.php(903): SysAdmin\Controllers\BaseController->__construct()
 2 SYSTEMPATH\CodeIgniter.php(498): CodeIgniter\CodeIgniter->createController()
 3 SYSTEMPATH\CodeIgniter.php(354): CodeIgniter\CodeIgniter->handleRequest(null, Object(Config\Cache), false)
 4 SYSTEMPATH\Boot.php(334): CodeIgniter\CodeIgniter->run()
 5 SYSTEMPATH\Boot.php(67): CodeIgniter\Boot::runCodeIgniter(Object(CodeIgniter\CodeIgniter))
 6 FCPATH\index.php(56): CodeIgniter\Boot::bootWeb(Object(Config\Paths))
ERROR - 2025-03-21 02:35:16 --> mysqli_sql_exception: Unknown storage engine 'InnoDB' in E:\web\XAMPP\htdocs\test\system\Database\MySQLi\Connection.php:327
Stack trace:
#0 E:\web\XAMPP\htdocs\test\system\Database\MySQLi\Connection.php(327): mysqli->query('SELECT `scopes`...', 0)
#1 E:\web\XAMPP\htdocs\test\system\Database\BaseConnection.php(738): CodeIgniter\Database\MySQLi\Connection->execute('SELECT `scopes`...')
#2 E:\web\XAMPP\htdocs\test\system\Database\BaseConnection.php(652): CodeIgniter\Database\BaseConnection->simpleQuery('SELECT `scopes`...')
#3 E:\web\XAMPP\htdocs\test\system\Database\BaseBuilder.php(1649): CodeIgniter\Database\BaseConnection->query('SELECT `scopes`...', Array, false)
#4 E:\web\XAMPP\htdocs\test\SysAdmin\Models\LoginModel.php(29): CodeIgniter\Database\BaseBuilder->get()
#5 E:\web\XAMPP\htdocs\test\SysAdmin\Controllers\Login.php(21): SysAdmin\Models\LoginModel->identifyID('admin', 'fgNTGI9vDgD2DKO...')
#6 E:\web\XAMPP\htdocs\test\system\CodeIgniter.php(933): SysAdmin\Controllers\Login->index()
#7 E:\web\XAMPP\htdocs\test\system\CodeIgniter.php(507): CodeIgniter\CodeIgniter->runController(Object(SysAdmin\Controllers\Login))
#8 E:\web\XAMPP\htdocs\test\system\CodeIgniter.php(354): CodeIgniter\CodeIgniter->handleRequest(NULL, Object(Config\Cache), false)
#9 E:\web\XAMPP\htdocs\test\system\Boot.php(334): CodeIgniter\CodeIgniter->run()
#10 E:\web\XAMPP\htdocs\test\system\Boot.php(67): CodeIgniter\Boot::runCodeIgniter(Object(CodeIgniter\CodeIgniter))
#11 E:\web\XAMPP\htdocs\test\public\index.php(56): CodeIgniter\Boot::bootWeb(Object(Config\Paths))
#12 {main}
CRITICAL - 2025-03-21 02:35:16 --> CodeIgniter\Database\Exceptions\DatabaseException: Unknown storage engine 'InnoDB'
[Method: POST, Route: login]
in SYSTEMPATH\Database\BaseConnection.php on line 692.
 1 SYSTEMPATH\Database\BaseBuilder.php(1649): CodeIgniter\Database\BaseConnection->query('SELECT `scopes`, `mold`
FROM `c_role_auth`
JOIN `c_authority` ON `c_authority`.`id`=`c_role_auth`.`aid`
WHERE `rid` IN :rid:
ORDER BY `mold` DESC', [...], false)
 2 ROOTPATH\SysAdmin\Models\LoginModel.php(29): CodeIgniter\Database\BaseBuilder->get()
 3 ROOTPATH\SysAdmin\Controllers\Login.php(21): SysAdmin\Models\LoginModel->identifyID('admin', 'fgNTGI9vDgD2DKOF9U0f5ptqR8SAlLs09HBtjQzL9GSnmC2JJ4EpmbEh8x8FtliIqNpFAks+lRBstb36Kwc1bCGDq8QYm19t9QkeqWcvIO9MOqON6qN/LNvzV/ZwgXJmtlPEXW4amm88oOVNN7M24+FgN4t2eEfC56xdXEH8Xio=')
 4 SYSTEMPATH\CodeIgniter.php(933): SysAdmin\Controllers\Login->index()
 5 SYSTEMPATH\CodeIgniter.php(507): CodeIgniter\CodeIgniter->runController(Object(SysAdmin\Controllers\Login))
 6 SYSTEMPATH\CodeIgniter.php(354): CodeIgniter\CodeIgniter->handleRequest(null, Object(Config\Cache), false)
 7 SYSTEMPATH\Boot.php(334): CodeIgniter\CodeIgniter->run()
 8 SYSTEMPATH\Boot.php(67): CodeIgniter\Boot::runCodeIgniter(Object(CodeIgniter\CodeIgniter))
 9 FCPATH\index.php(56): CodeIgniter\Boot::bootWeb(Object(Config\Paths))
CRITICAL - 2025-03-21 02:35:16 --> [Caused by] CodeIgniter\Database\Exceptions\DatabaseException: Unknown storage engine 'InnoDB'
in SYSTEMPATH\Database\MySQLi\Connection.php on line 332.
 1 SYSTEMPATH\Database\BaseConnection.php(738): CodeIgniter\Database\MySQLi\Connection->execute('SELECT `scopes`, `mold`
FROM `c_role_auth`
JOIN `c_authority` ON `c_authority`.`id`=`c_role_auth`.`aid`
WHERE `rid` IN (\'5\')
ORDER BY `mold` DESC')
 2 SYSTEMPATH\Database\BaseConnection.php(652): CodeIgniter\Database\BaseConnection->simpleQuery('SELECT `scopes`, `mold`
FROM `c_role_auth`
JOIN `c_authority` ON `c_authority`.`id`=`c_role_auth`.`aid`
WHERE `rid` IN (\'5\')
ORDER BY `mold` DESC')
 3 SYSTEMPATH\Database\BaseBuilder.php(1649): CodeIgniter\Database\BaseConnection->query('SELECT `scopes`, `mold`
FROM `c_role_auth`
JOIN `c_authority` ON `c_authority`.`id`=`c_role_auth`.`aid`
WHERE `rid` IN :rid:
ORDER BY `mold` DESC', [...], false)
 4 ROOTPATH\SysAdmin\Models\LoginModel.php(29): CodeIgniter\Database\BaseBuilder->get()
 5 ROOTPATH\SysAdmin\Controllers\Login.php(21): SysAdmin\Models\LoginModel->identifyID('admin', 'fgNTGI9vDgD2DKOF9U0f5ptqR8SAlLs09HBtjQzL9GSnmC2JJ4EpmbEh8x8FtliIqNpFAks+lRBstb36Kwc1bCGDq8QYm19t9QkeqWcvIO9MOqON6qN/LNvzV/ZwgXJmtlPEXW4amm88oOVNN7M24+FgN4t2eEfC56xdXEH8Xio=')
 6 SYSTEMPATH\CodeIgniter.php(933): SysAdmin\Controllers\Login->index()
 7 SYSTEMPATH\CodeIgniter.php(507): CodeIgniter\CodeIgniter->runController(Object(SysAdmin\Controllers\Login))
 8 SYSTEMPATH\CodeIgniter.php(354): CodeIgniter\CodeIgniter->handleRequest(null, Object(Config\Cache), false)
 9 SYSTEMPATH\Boot.php(334): CodeIgniter\CodeIgniter->run()
10 SYSTEMPATH\Boot.php(67): CodeIgniter\Boot::runCodeIgniter(Object(CodeIgniter\CodeIgniter))
11 FCPATH\index.php(56): CodeIgniter\Boot::bootWeb(Object(Config\Paths))
CRITICAL - 2025-03-21 02:35:16 --> [Caused by] mysqli_sql_exception: Unknown storage engine 'InnoDB'
in SYSTEMPATH\Database\MySQLi\Connection.php on line 327.
 1 SYSTEMPATH\Database\MySQLi\Connection.php(327): mysqli->query('SELECT `scopes`, `mold`
FROM `c_role_auth`
JOIN `c_authority` ON `c_authority`.`id`=`c_role_auth`.`aid`
WHERE `rid` IN (\'5\')
ORDER BY `mold` DESC', 0)
 2 SYSTEMPATH\Database\BaseConnection.php(738): CodeIgniter\Database\MySQLi\Connection->execute('SELECT `scopes`, `mold`
FROM `c_role_auth`
JOIN `c_authority` ON `c_authority`.`id`=`c_role_auth`.`aid`
WHERE `rid` IN (\'5\')
ORDER BY `mold` DESC')
 3 SYSTEMPATH\Database\BaseConnection.php(652): CodeIgniter\Database\BaseConnection->simpleQuery('SELECT `scopes`, `mold`
FROM `c_role_auth`
JOIN `c_authority` ON `c_authority`.`id`=`c_role_auth`.`aid`
WHERE `rid` IN (\'5\')
ORDER BY `mold` DESC')
 4 SYSTEMPATH\Database\BaseBuilder.php(1649): CodeIgniter\Database\BaseConnection->query('SELECT `scopes`, `mold`
FROM `c_role_auth`
JOIN `c_authority` ON `c_authority`.`id`=`c_role_auth`.`aid`
WHERE `rid` IN :rid:
ORDER BY `mold` DESC', [...], false)
 5 ROOTPATH\SysAdmin\Models\LoginModel.php(29): CodeIgniter\Database\BaseBuilder->get()
 6 ROOTPATH\SysAdmin\Controllers\Login.php(21): SysAdmin\Models\LoginModel->identifyID('admin', 'fgNTGI9vDgD2DKOF9U0f5ptqR8SAlLs09HBtjQzL9GSnmC2JJ4EpmbEh8x8FtliIqNpFAks+lRBstb36Kwc1bCGDq8QYm19t9QkeqWcvIO9MOqON6qN/LNvzV/ZwgXJmtlPEXW4amm88oOVNN7M24+FgN4t2eEfC56xdXEH8Xio=')
 7 SYSTEMPATH\CodeIgniter.php(933): SysAdmin\Controllers\Login->index()
 8 SYSTEMPATH\CodeIgniter.php(507): CodeIgniter\CodeIgniter->runController(Object(SysAdmin\Controllers\Login))
 9 SYSTEMPATH\CodeIgniter.php(354): CodeIgniter\CodeIgniter->handleRequest(null, Object(Config\Cache), false)
10 SYSTEMPATH\Boot.php(334): CodeIgniter\CodeIgniter->run()
11 SYSTEMPATH\Boot.php(67): CodeIgniter\Boot::runCodeIgniter(Object(CodeIgniter\CodeIgniter))
12 FCPATH\index.php(56): CodeIgniter\Boot::bootWeb(Object(Config\Paths))
DEBUG - 2025-03-21 02:36:07 --> Session: Class initialized using 'CodeIgniter\Session\Handlers\FileHandler' driver.
WARNING - 2025-03-21 02:36:07 --> [DEPRECATED] Creation of dynamic property SysAdmin\Controllers\Login::$session is deprecated in ROOTPATH\SysAdmin\Controllers\BaseController.php on line 51.
 1 SYSTEMPATH\CodeIgniter.php(903): SysAdmin\Controllers\BaseController->__construct()
 2 SYSTEMPATH\CodeIgniter.php(498): CodeIgniter\CodeIgniter->createController()
 3 SYSTEMPATH\CodeIgniter.php(354): CodeIgniter\CodeIgniter->handleRequest(null, Object(Config\Cache), false)
 4 SYSTEMPATH\Boot.php(334): CodeIgniter\CodeIgniter->run()
 5 SYSTEMPATH\Boot.php(67): CodeIgniter\Boot::runCodeIgniter(Object(CodeIgniter\CodeIgniter))
 6 FCPATH\index.php(56): CodeIgniter\Boot::bootWeb(Object(Config\Paths))
WARNING - 2025-03-21 02:36:07 --> [DEPRECATED] Creation of dynamic property SysAdmin\Controllers\Login::$encrypter is deprecated in ROOTPATH\SysAdmin\Controllers\BaseController.php on line 52.
 1 SYSTEMPATH\CodeIgniter.php(903): SysAdmin\Controllers\BaseController->__construct()
 2 SYSTEMPATH\CodeIgniter.php(498): CodeIgniter\CodeIgniter->createController()
 3 SYSTEMPATH\CodeIgniter.php(354): CodeIgniter\CodeIgniter->handleRequest(null, Object(Config\Cache), false)
 4 SYSTEMPATH\Boot.php(334): CodeIgniter\CodeIgniter->run()
 5 SYSTEMPATH\Boot.php(67): CodeIgniter\Boot::runCodeIgniter(Object(CodeIgniter\CodeIgniter))
 6 FCPATH\index.php(56): CodeIgniter\Boot::bootWeb(Object(Config\Paths))
ERROR - 2025-03-21 02:36:07 --> mysqli_sql_exception: Unknown storage engine 'InnoDB' in E:\web\XAMPP\htdocs\test\system\Database\MySQLi\Connection.php:327
Stack trace:
#0 E:\web\XAMPP\htdocs\test\system\Database\MySQLi\Connection.php(327): mysqli->query('SELECT `scopes`...', 0)
#1 E:\web\XAMPP\htdocs\test\system\Database\BaseConnection.php(738): CodeIgniter\Database\MySQLi\Connection->execute('SELECT `scopes`...')
#2 E:\web\XAMPP\htdocs\test\system\Database\BaseConnection.php(652): CodeIgniter\Database\BaseConnection->simpleQuery('SELECT `scopes`...')
#3 E:\web\XAMPP\htdocs\test\system\Database\BaseBuilder.php(1649): CodeIgniter\Database\BaseConnection->query('SELECT `scopes`...', Array, false)
#4 E:\web\XAMPP\htdocs\test\SysAdmin\Models\LoginModel.php(29): CodeIgniter\Database\BaseBuilder->get()
#5 E:\web\XAMPP\htdocs\test\SysAdmin\Controllers\Login.php(21): SysAdmin\Models\LoginModel->identifyID('admin', 'fgNTGI9vDgD2DKO...')
#6 E:\web\XAMPP\htdocs\test\system\CodeIgniter.php(933): SysAdmin\Controllers\Login->index()
#7 E:\web\XAMPP\htdocs\test\system\CodeIgniter.php(507): CodeIgniter\CodeIgniter->runController(Object(SysAdmin\Controllers\Login))
#8 E:\web\XAMPP\htdocs\test\system\CodeIgniter.php(354): CodeIgniter\CodeIgniter->handleRequest(NULL, Object(Config\Cache), false)
#9 E:\web\XAMPP\htdocs\test\system\Boot.php(334): CodeIgniter\CodeIgniter->run()
#10 E:\web\XAMPP\htdocs\test\system\Boot.php(67): CodeIgniter\Boot::runCodeIgniter(Object(CodeIgniter\CodeIgniter))
#11 E:\web\XAMPP\htdocs\test\public\index.php(56): CodeIgniter\Boot::bootWeb(Object(Config\Paths))
#12 {main}
CRITICAL - 2025-03-21 02:36:07 --> CodeIgniter\Database\Exceptions\DatabaseException: Unknown storage engine 'InnoDB'
[Method: POST, Route: login]
in SYSTEMPATH\Database\BaseConnection.php on line 692.
 1 SYSTEMPATH\Database\BaseBuilder.php(1649): CodeIgniter\Database\BaseConnection->query('SELECT `scopes`, `mold`
FROM `c_role_auth`
JOIN `c_authority` ON `c_authority`.`id`=`c_role_auth`.`aid`
WHERE `rid` IN :rid:
ORDER BY `mold` DESC', [...], false)
 2 ROOTPATH\SysAdmin\Models\LoginModel.php(29): CodeIgniter\Database\BaseBuilder->get()
 3 ROOTPATH\SysAdmin\Controllers\Login.php(21): SysAdmin\Models\LoginModel->identifyID('admin', 'fgNTGI9vDgD2DKOF9U0f5ptqR8SAlLs09HBtjQzL9GSnmC2JJ4EpmbEh8x8FtliIqNpFAks+lRBstb36Kwc1bCGDq8QYm19t9QkeqWcvIO9MOqON6qN/LNvzV/ZwgXJmtlPEXW4amm88oOVNN7M24+FgN4t2eEfC56xdXEH8Xio=')
 4 SYSTEMPATH\CodeIgniter.php(933): SysAdmin\Controllers\Login->index()
 5 SYSTEMPATH\CodeIgniter.php(507): CodeIgniter\CodeIgniter->runController(Object(SysAdmin\Controllers\Login))
 6 SYSTEMPATH\CodeIgniter.php(354): CodeIgniter\CodeIgniter->handleRequest(null, Object(Config\Cache), false)
 7 SYSTEMPATH\Boot.php(334): CodeIgniter\CodeIgniter->run()
 8 SYSTEMPATH\Boot.php(67): CodeIgniter\Boot::runCodeIgniter(Object(CodeIgniter\CodeIgniter))
 9 FCPATH\index.php(56): CodeIgniter\Boot::bootWeb(Object(Config\Paths))
CRITICAL - 2025-03-21 02:36:07 --> [Caused by] CodeIgniter\Database\Exceptions\DatabaseException: Unknown storage engine 'InnoDB'
in SYSTEMPATH\Database\MySQLi\Connection.php on line 332.
 1 SYSTEMPATH\Database\BaseConnection.php(738): CodeIgniter\Database\MySQLi\Connection->execute('SELECT `scopes`, `mold`
FROM `c_role_auth`
JOIN `c_authority` ON `c_authority`.`id`=`c_role_auth`.`aid`
WHERE `rid` IN (\'5\')
ORDER BY `mold` DESC')
 2 SYSTEMPATH\Database\BaseConnection.php(652): CodeIgniter\Database\BaseConnection->simpleQuery('SELECT `scopes`, `mold`
FROM `c_role_auth`
JOIN `c_authority` ON `c_authority`.`id`=`c_role_auth`.`aid`
WHERE `rid` IN (\'5\')
ORDER BY `mold` DESC')
 3 SYSTEMPATH\Database\BaseBuilder.php(1649): CodeIgniter\Database\BaseConnection->query('SELECT `scopes`, `mold`
FROM `c_role_auth`
JOIN `c_authority` ON `c_authority`.`id`=`c_role_auth`.`aid`
WHERE `rid` IN :rid:
ORDER BY `mold` DESC', [...], false)
 4 ROOTPATH\SysAdmin\Models\LoginModel.php(29): CodeIgniter\Database\BaseBuilder->get()
 5 ROOTPATH\SysAdmin\Controllers\Login.php(21): SysAdmin\Models\LoginModel->identifyID('admin', 'fgNTGI9vDgD2DKOF9U0f5ptqR8SAlLs09HBtjQzL9GSnmC2JJ4EpmbEh8x8FtliIqNpFAks+lRBstb36Kwc1bCGDq8QYm19t9QkeqWcvIO9MOqON6qN/LNvzV/ZwgXJmtlPEXW4amm88oOVNN7M24+FgN4t2eEfC56xdXEH8Xio=')
 6 SYSTEMPATH\CodeIgniter.php(933): SysAdmin\Controllers\Login->index()
 7 SYSTEMPATH\CodeIgniter.php(507): CodeIgniter\CodeIgniter->runController(Object(SysAdmin\Controllers\Login))
 8 SYSTEMPATH\CodeIgniter.php(354): CodeIgniter\CodeIgniter->handleRequest(null, Object(Config\Cache), false)
 9 SYSTEMPATH\Boot.php(334): CodeIgniter\CodeIgniter->run()
10 SYSTEMPATH\Boot.php(67): CodeIgniter\Boot::runCodeIgniter(Object(CodeIgniter\CodeIgniter))
11 FCPATH\index.php(56): CodeIgniter\Boot::bootWeb(Object(Config\Paths))
CRITICAL - 2025-03-21 02:36:07 --> [Caused by] mysqli_sql_exception: Unknown storage engine 'InnoDB'
in SYSTEMPATH\Database\MySQLi\Connection.php on line 327.
 1 SYSTEMPATH\Database\MySQLi\Connection.php(327): mysqli->query('SELECT `scopes`, `mold`
FROM `c_role_auth`
JOIN `c_authority` ON `c_authority`.`id`=`c_role_auth`.`aid`
WHERE `rid` IN (\'5\')
ORDER BY `mold` DESC', 0)
 2 SYSTEMPATH\Database\BaseConnection.php(738): CodeIgniter\Database\MySQLi\Connection->execute('SELECT `scopes`, `mold`
FROM `c_role_auth`
JOIN `c_authority` ON `c_authority`.`id`=`c_role_auth`.`aid`
WHERE `rid` IN (\'5\')
ORDER BY `mold` DESC')
 3 SYSTEMPATH\Database\BaseConnection.php(652): CodeIgniter\Database\BaseConnection->simpleQuery('SELECT `scopes`, `mold`
FROM `c_role_auth`
JOIN `c_authority` ON `c_authority`.`id`=`c_role_auth`.`aid`
WHERE `rid` IN (\'5\')
ORDER BY `mold` DESC')
 4 SYSTEMPATH\Database\BaseBuilder.php(1649): CodeIgniter\Database\BaseConnection->query('SELECT `scopes`, `mold`
FROM `c_role_auth`
JOIN `c_authority` ON `c_authority`.`id`=`c_role_auth`.`aid`
WHERE `rid` IN :rid:
ORDER BY `mold` DESC', [...], false)
 5 ROOTPATH\SysAdmin\Models\LoginModel.php(29): CodeIgniter\Database\BaseBuilder->get()
 6 ROOTPATH\SysAdmin\Controllers\Login.php(21): SysAdmin\Models\LoginModel->identifyID('admin', 'fgNTGI9vDgD2DKOF9U0f5ptqR8SAlLs09HBtjQzL9GSnmC2JJ4EpmbEh8x8FtliIqNpFAks+lRBstb36Kwc1bCGDq8QYm19t9QkeqWcvIO9MOqON6qN/LNvzV/ZwgXJmtlPEXW4amm88oOVNN7M24+FgN4t2eEfC56xdXEH8Xio=')
 7 SYSTEMPATH\CodeIgniter.php(933): SysAdmin\Controllers\Login->index()
 8 SYSTEMPATH\CodeIgniter.php(507): CodeIgniter\CodeIgniter->runController(Object(SysAdmin\Controllers\Login))
 9 SYSTEMPATH\CodeIgniter.php(354): CodeIgniter\CodeIgniter->handleRequest(null, Object(Config\Cache), false)
10 SYSTEMPATH\Boot.php(334): CodeIgniter\CodeIgniter->run()
11 SYSTEMPATH\Boot.php(67): CodeIgniter\Boot::runCodeIgniter(Object(CodeIgniter\CodeIgniter))
12 FCPATH\index.php(56): CodeIgniter\Boot::bootWeb(Object(Config\Paths))
DEBUG - 2025-03-21 02:43:55 --> Session: Class initialized using 'CodeIgniter\Session\Handlers\FileHandler' driver.
WARNING - 2025-03-21 02:43:55 --> [DEPRECATED] Creation of dynamic property SysAdmin\Controllers\Login::$session is deprecated in ROOTPATH\SysAdmin\Controllers\BaseController.php on line 51.
 1 SYSTEMPATH\CodeIgniter.php(903): SysAdmin\Controllers\BaseController->__construct()
 2 SYSTEMPATH\CodeIgniter.php(498): CodeIgniter\CodeIgniter->createController()
 3 SYSTEMPATH\CodeIgniter.php(354): CodeIgniter\CodeIgniter->handleRequest(null, Object(Config\Cache), false)
 4 SYSTEMPATH\Boot.php(334): CodeIgniter\CodeIgniter->run()
 5 SYSTEMPATH\Boot.php(67): CodeIgniter\Boot::runCodeIgniter(Object(CodeIgniter\CodeIgniter))
 6 FCPATH\index.php(56): CodeIgniter\Boot::bootWeb(Object(Config\Paths))
WARNING - 2025-03-21 02:43:55 --> [DEPRECATED] Creation of dynamic property SysAdmin\Controllers\Login::$encrypter is deprecated in ROOTPATH\SysAdmin\Controllers\BaseController.php on line 52.
 1 SYSTEMPATH\CodeIgniter.php(903): SysAdmin\Controllers\BaseController->__construct()
 2 SYSTEMPATH\CodeIgniter.php(498): CodeIgniter\CodeIgniter->createController()
 3 SYSTEMPATH\CodeIgniter.php(354): CodeIgniter\CodeIgniter->handleRequest(null, Object(Config\Cache), false)
 4 SYSTEMPATH\Boot.php(334): CodeIgniter\CodeIgniter->run()
 5 SYSTEMPATH\Boot.php(67): CodeIgniter\Boot::runCodeIgniter(Object(CodeIgniter\CodeIgniter))
 6 FCPATH\index.php(56): CodeIgniter\Boot::bootWeb(Object(Config\Paths))
ERROR - 2025-03-21 02:43:59 --> Error connecting to the database: mysqli_sql_exception: 由于目标计算机积极拒绝，无法连接。 in E:\web\XAMPP\htdocs\test\system\Database\MySQLi\Connection.php:201
Stack trace:
#0 E:\web\XAMPP\htdocs\test\system\Database\MySQLi\Connection.php(201): mysqli->real_connect('localhost', 'root', Object(SensitiveParameterValue), 'xccms', 3306, '', 0)
#1 E:\web\XAMPP\htdocs\test\system\Database\BaseConnection.php(421): CodeIgniter\Database\MySQLi\Connection->connect(false)
#2 E:\web\XAMPP\htdocs\test\system\Database\BaseConnection.php(620): CodeIgniter\Database\BaseConnection->initialize()
#3 E:\web\XAMPP\htdocs\test\system\Database\BaseBuilder.php(1649): CodeIgniter\Database\BaseConnection->query('SELECT *\nFROM `...', Array, false)
#4 E:\web\XAMPP\htdocs\test\system\Model.php(330): CodeIgniter\Database\BaseBuilder->get()
#5 E:\web\XAMPP\htdocs\test\system\BaseModel.php(713): CodeIgniter\Model->doFirst()
#6 E:\web\XAMPP\htdocs\test\SysAdmin\Models\LoginModel.php(11): CodeIgniter\BaseModel->first()
#7 E:\web\XAMPP\htdocs\test\SysAdmin\Controllers\Login.php(21): SysAdmin\Models\LoginModel->identifyID('admin', 'fgNTGI9vDgD2DKO...')
#8 E:\web\XAMPP\htdocs\test\system\CodeIgniter.php(933): SysAdmin\Controllers\Login->index()
#9 E:\web\XAMPP\htdocs\test\system\CodeIgniter.php(507): CodeIgniter\CodeIgniter->runController(Object(SysAdmin\Controllers\Login))
#10 E:\web\XAMPP\htdocs\test\system\CodeIgniter.php(354): CodeIgniter\CodeIgniter->handleRequest(NULL, Object(Config\Cache), false)
#11 E:\web\XAMPP\htdocs\test\system\Boot.php(334): CodeIgniter\CodeIgniter->run()
#12 E:\web\XAMPP\htdocs\test\system\Boot.php(67): CodeIgniter\Boot::runCodeIgniter(Object(CodeIgniter\CodeIgniter))
#13 E:\web\XAMPP\htdocs\test\public\index.php(56): CodeIgniter\Boot::bootWeb(Object(Config\Paths))
#14 {main}

Next CodeIgniter\Database\Exceptions\DatabaseException: 由于目标计算机积极拒绝，无法连接。 in E:\web\XAMPP\htdocs\test\system\Database\MySQLi\Connection.php:246
Stack trace:
#0 E:\web\XAMPP\htdocs\test\system\Database\BaseConnection.php(421): CodeIgniter\Database\MySQLi\Connection->connect(false)
#1 E:\web\XAMPP\htdocs\test\system\Database\BaseConnection.php(620): CodeIgniter\Database\BaseConnection->initialize()
#2 E:\web\XAMPP\htdocs\test\system\Database\BaseBuilder.php(1649): CodeIgniter\Database\BaseConnection->query('SELECT *\nFROM `...', Array, false)
#3 E:\web\XAMPP\htdocs\test\system\Model.php(330): CodeIgniter\Database\BaseBuilder->get()
#4 E:\web\XAMPP\htdocs\test\system\BaseModel.php(713): CodeIgniter\Model->doFirst()
#5 E:\web\XAMPP\htdocs\test\SysAdmin\Models\LoginModel.php(11): CodeIgniter\BaseModel->first()
#6 E:\web\XAMPP\htdocs\test\SysAdmin\Controllers\Login.php(21): SysAdmin\Models\LoginModel->identifyID('admin', 'fgNTGI9vDgD2DKO...')
#7 E:\web\XAMPP\htdocs\test\system\CodeIgniter.php(933): SysAdmin\Controllers\Login->index()
#8 E:\web\XAMPP\htdocs\test\system\CodeIgniter.php(507): CodeIgniter\CodeIgniter->runController(Object(SysAdmin\Controllers\Login))
#9 E:\web\XAMPP\htdocs\test\system\CodeIgniter.php(354): CodeIgniter\CodeIgniter->handleRequest(NULL, Object(Config\Cache), false)
#10 E:\web\XAMPP\htdocs\test\system\Boot.php(334): CodeIgniter\CodeIgniter->run()
#11 E:\web\XAMPP\htdocs\test\system\Boot.php(67): CodeIgniter\Boot::runCodeIgniter(Object(CodeIgniter\CodeIgniter))
#12 E:\web\XAMPP\htdocs\test\public\index.php(56): CodeIgniter\Boot::bootWeb(Object(Config\Paths))
#13 {main}
CRITICAL - 2025-03-21 02:43:59 --> CodeIgniter\Database\Exceptions\DatabaseException: Unable to connect to the database.
Main connection [MySQLi]: 由于目标计算机积极拒绝，无法连接。
[Method: POST, Route: login]
in SYSTEMPATH\Database\BaseConnection.php on line 467.
 1 SYSTEMPATH\Database\BaseConnection.php(620): CodeIgniter\Database\BaseConnection->initialize()
 2 SYSTEMPATH\Database\BaseBuilder.php(1649): CodeIgniter\Database\BaseConnection->query('SELECT *
FROM `c_admin`
WHERE `username` = :username:
 LIMIT 1', [...], false)
 3 SYSTEMPATH\Model.php(330): CodeIgniter\Database\BaseBuilder->get()
 4 SYSTEMPATH\BaseModel.php(713): CodeIgniter\Model->doFirst()
 5 ROOTPATH\SysAdmin\Models\LoginModel.php(11): CodeIgniter\BaseModel->first()
 6 ROOTPATH\SysAdmin\Controllers\Login.php(21): SysAdmin\Models\LoginModel->identifyID('admin', 'fgNTGI9vDgD2DKOF9U0f5ptqR8SAlLs09HBtjQzL9GSnmC2JJ4EpmbEh8x8FtliIqNpFAks+lRBstb36Kwc1bCGDq8QYm19t9QkeqWcvIO9MOqON6qN/LNvzV/ZwgXJmtlPEXW4amm88oOVNN7M24+FgN4t2eEfC56xdXEH8Xio=')
 7 SYSTEMPATH\CodeIgniter.php(933): SysAdmin\Controllers\Login->index()
 8 SYSTEMPATH\CodeIgniter.php(507): CodeIgniter\CodeIgniter->runController(Object(SysAdmin\Controllers\Login))
 9 SYSTEMPATH\CodeIgniter.php(354): CodeIgniter\CodeIgniter->handleRequest(null, Object(Config\Cache), false)
10 SYSTEMPATH\Boot.php(334): CodeIgniter\CodeIgniter->run()
11 SYSTEMPATH\Boot.php(67): CodeIgniter\Boot::runCodeIgniter(Object(CodeIgniter\CodeIgniter))
12 FCPATH\index.php(56): CodeIgniter\Boot::bootWeb(Object(Config\Paths))
DEBUG - 2025-03-21 02:44:11 --> Session: Class initialized using 'CodeIgniter\Session\Handlers\FileHandler' driver.
WARNING - 2025-03-21 02:44:11 --> [DEPRECATED] Creation of dynamic property SysAdmin\Controllers\Login::$session is deprecated in ROOTPATH\SysAdmin\Controllers\BaseController.php on line 51.
 1 SYSTEMPATH\CodeIgniter.php(903): SysAdmin\Controllers\BaseController->__construct()
 2 SYSTEMPATH\CodeIgniter.php(498): CodeIgniter\CodeIgniter->createController()
 3 SYSTEMPATH\CodeIgniter.php(354): CodeIgniter\CodeIgniter->handleRequest(null, Object(Config\Cache), false)
 4 SYSTEMPATH\Boot.php(334): CodeIgniter\CodeIgniter->run()
 5 SYSTEMPATH\Boot.php(67): CodeIgniter\Boot::runCodeIgniter(Object(CodeIgniter\CodeIgniter))
 6 FCPATH\index.php(56): CodeIgniter\Boot::bootWeb(Object(Config\Paths))
WARNING - 2025-03-21 02:44:11 --> [DEPRECATED] Creation of dynamic property SysAdmin\Controllers\Login::$encrypter is deprecated in ROOTPATH\SysAdmin\Controllers\BaseController.php on line 52.
 1 SYSTEMPATH\CodeIgniter.php(903): SysAdmin\Controllers\BaseController->__construct()
 2 SYSTEMPATH\CodeIgniter.php(498): CodeIgniter\CodeIgniter->createController()
 3 SYSTEMPATH\CodeIgniter.php(354): CodeIgniter\CodeIgniter->handleRequest(null, Object(Config\Cache), false)
 4 SYSTEMPATH\Boot.php(334): CodeIgniter\CodeIgniter->run()
 5 SYSTEMPATH\Boot.php(67): CodeIgniter\Boot::runCodeIgniter(Object(CodeIgniter\CodeIgniter))
 6 FCPATH\index.php(56): CodeIgniter\Boot::bootWeb(Object(Config\Paths))
ERROR - 2025-03-21 02:44:11 --> mysqli_sql_exception: Unknown storage engine 'InnoDB' in E:\web\XAMPP\htdocs\test\system\Database\MySQLi\Connection.php:327
Stack trace:
#0 E:\web\XAMPP\htdocs\test\system\Database\MySQLi\Connection.php(327): mysqli->query('SELECT `scopes`...', 0)
#1 E:\web\XAMPP\htdocs\test\system\Database\BaseConnection.php(738): CodeIgniter\Database\MySQLi\Connection->execute('SELECT `scopes`...')
#2 E:\web\XAMPP\htdocs\test\system\Database\BaseConnection.php(652): CodeIgniter\Database\BaseConnection->simpleQuery('SELECT `scopes`...')
#3 E:\web\XAMPP\htdocs\test\system\Database\BaseBuilder.php(1649): CodeIgniter\Database\BaseConnection->query('SELECT `scopes`...', Array, false)
#4 E:\web\XAMPP\htdocs\test\SysAdmin\Models\LoginModel.php(29): CodeIgniter\Database\BaseBuilder->get()
#5 E:\web\XAMPP\htdocs\test\SysAdmin\Controllers\Login.php(21): SysAdmin\Models\LoginModel->identifyID('admin', 'fgNTGI9vDgD2DKO...')
#6 E:\web\XAMPP\htdocs\test\system\CodeIgniter.php(933): SysAdmin\Controllers\Login->index()
#7 E:\web\XAMPP\htdocs\test\system\CodeIgniter.php(507): CodeIgniter\CodeIgniter->runController(Object(SysAdmin\Controllers\Login))
#8 E:\web\XAMPP\htdocs\test\system\CodeIgniter.php(354): CodeIgniter\CodeIgniter->handleRequest(NULL, Object(Config\Cache), false)
#9 E:\web\XAMPP\htdocs\test\system\Boot.php(334): CodeIgniter\CodeIgniter->run()
#10 E:\web\XAMPP\htdocs\test\system\Boot.php(67): CodeIgniter\Boot::runCodeIgniter(Object(CodeIgniter\CodeIgniter))
#11 E:\web\XAMPP\htdocs\test\public\index.php(56): CodeIgniter\Boot::bootWeb(Object(Config\Paths))
#12 {main}
CRITICAL - 2025-03-21 02:44:11 --> CodeIgniter\Database\Exceptions\DatabaseException: Unknown storage engine 'InnoDB'
[Method: POST, Route: login]
in SYSTEMPATH\Database\BaseConnection.php on line 692.
 1 SYSTEMPATH\Database\BaseBuilder.php(1649): CodeIgniter\Database\BaseConnection->query('SELECT `scopes`, `mold`
FROM `c_role_auth`
JOIN `c_authority` ON `c_authority`.`id`=`c_role_auth`.`aid`
WHERE `rid` IN :rid:
ORDER BY `mold` DESC', [...], false)
 2 ROOTPATH\SysAdmin\Models\LoginModel.php(29): CodeIgniter\Database\BaseBuilder->get()
 3 ROOTPATH\SysAdmin\Controllers\Login.php(21): SysAdmin\Models\LoginModel->identifyID('admin', 'fgNTGI9vDgD2DKOF9U0f5ptqR8SAlLs09HBtjQzL9GSnmC2JJ4EpmbEh8x8FtliIqNpFAks+lRBstb36Kwc1bCGDq8QYm19t9QkeqWcvIO9MOqON6qN/LNvzV/ZwgXJmtlPEXW4amm88oOVNN7M24+FgN4t2eEfC56xdXEH8Xio=')
 4 SYSTEMPATH\CodeIgniter.php(933): SysAdmin\Controllers\Login->index()
 5 SYSTEMPATH\CodeIgniter.php(507): CodeIgniter\CodeIgniter->runController(Object(SysAdmin\Controllers\Login))
 6 SYSTEMPATH\CodeIgniter.php(354): CodeIgniter\CodeIgniter->handleRequest(null, Object(Config\Cache), false)
 7 SYSTEMPATH\Boot.php(334): CodeIgniter\CodeIgniter->run()
 8 SYSTEMPATH\Boot.php(67): CodeIgniter\Boot::runCodeIgniter(Object(CodeIgniter\CodeIgniter))
 9 FCPATH\index.php(56): CodeIgniter\Boot::bootWeb(Object(Config\Paths))
CRITICAL - 2025-03-21 02:44:11 --> [Caused by] CodeIgniter\Database\Exceptions\DatabaseException: Unknown storage engine 'InnoDB'
in SYSTEMPATH\Database\MySQLi\Connection.php on line 332.
 1 SYSTEMPATH\Database\BaseConnection.php(738): CodeIgniter\Database\MySQLi\Connection->execute('SELECT `scopes`, `mold`
FROM `c_role_auth`
JOIN `c_authority` ON `c_authority`.`id`=`c_role_auth`.`aid`
WHERE `rid` IN (\'5\')
ORDER BY `mold` DESC')
 2 SYSTEMPATH\Database\BaseConnection.php(652): CodeIgniter\Database\BaseConnection->simpleQuery('SELECT `scopes`, `mold`
FROM `c_role_auth`
JOIN `c_authority` ON `c_authority`.`id`=`c_role_auth`.`aid`
WHERE `rid` IN (\'5\')
ORDER BY `mold` DESC')
 3 SYSTEMPATH\Database\BaseBuilder.php(1649): CodeIgniter\Database\BaseConnection->query('SELECT `scopes`, `mold`
FROM `c_role_auth`
JOIN `c_authority` ON `c_authority`.`id`=`c_role_auth`.`aid`
WHERE `rid` IN :rid:
ORDER BY `mold` DESC', [...], false)
 4 ROOTPATH\SysAdmin\Models\LoginModel.php(29): CodeIgniter\Database\BaseBuilder->get()
 5 ROOTPATH\SysAdmin\Controllers\Login.php(21): SysAdmin\Models\LoginModel->identifyID('admin', 'fgNTGI9vDgD2DKOF9U0f5ptqR8SAlLs09HBtjQzL9GSnmC2JJ4EpmbEh8x8FtliIqNpFAks+lRBstb36Kwc1bCGDq8QYm19t9QkeqWcvIO9MOqON6qN/LNvzV/ZwgXJmtlPEXW4amm88oOVNN7M24+FgN4t2eEfC56xdXEH8Xio=')
 6 SYSTEMPATH\CodeIgniter.php(933): SysAdmin\Controllers\Login->index()
 7 SYSTEMPATH\CodeIgniter.php(507): CodeIgniter\CodeIgniter->runController(Object(SysAdmin\Controllers\Login))
 8 SYSTEMPATH\CodeIgniter.php(354): CodeIgniter\CodeIgniter->handleRequest(null, Object(Config\Cache), false)
 9 SYSTEMPATH\Boot.php(334): CodeIgniter\CodeIgniter->run()
10 SYSTEMPATH\Boot.php(67): CodeIgniter\Boot::runCodeIgniter(Object(CodeIgniter\CodeIgniter))
11 FCPATH\index.php(56): CodeIgniter\Boot::bootWeb(Object(Config\Paths))
CRITICAL - 2025-03-21 02:44:11 --> [Caused by] mysqli_sql_exception: Unknown storage engine 'InnoDB'
in SYSTEMPATH\Database\MySQLi\Connection.php on line 327.
 1 SYSTEMPATH\Database\MySQLi\Connection.php(327): mysqli->query('SELECT `scopes`, `mold`
FROM `c_role_auth`
JOIN `c_authority` ON `c_authority`.`id`=`c_role_auth`.`aid`
WHERE `rid` IN (\'5\')
ORDER BY `mold` DESC', 0)
 2 SYSTEMPATH\Database\BaseConnection.php(738): CodeIgniter\Database\MySQLi\Connection->execute('SELECT `scopes`, `mold`
FROM `c_role_auth`
JOIN `c_authority` ON `c_authority`.`id`=`c_role_auth`.`aid`
WHERE `rid` IN (\'5\')
ORDER BY `mold` DESC')
 3 SYSTEMPATH\Database\BaseConnection.php(652): CodeIgniter\Database\BaseConnection->simpleQuery('SELECT `scopes`, `mold`
FROM `c_role_auth`
JOIN `c_authority` ON `c_authority`.`id`=`c_role_auth`.`aid`
WHERE `rid` IN (\'5\')
ORDER BY `mold` DESC')
 4 SYSTEMPATH\Database\BaseBuilder.php(1649): CodeIgniter\Database\BaseConnection->query('SELECT `scopes`, `mold`
FROM `c_role_auth`
JOIN `c_authority` ON `c_authority`.`id`=`c_role_auth`.`aid`
WHERE `rid` IN :rid:
ORDER BY `mold` DESC', [...], false)
 5 ROOTPATH\SysAdmin\Models\LoginModel.php(29): CodeIgniter\Database\BaseBuilder->get()
 6 ROOTPATH\SysAdmin\Controllers\Login.php(21): SysAdmin\Models\LoginModel->identifyID('admin', 'fgNTGI9vDgD2DKOF9U0f5ptqR8SAlLs09HBtjQzL9GSnmC2JJ4EpmbEh8x8FtliIqNpFAks+lRBstb36Kwc1bCGDq8QYm19t9QkeqWcvIO9MOqON6qN/LNvzV/ZwgXJmtlPEXW4amm88oOVNN7M24+FgN4t2eEfC56xdXEH8Xio=')
 7 SYSTEMPATH\CodeIgniter.php(933): SysAdmin\Controllers\Login->index()
 8 SYSTEMPATH\CodeIgniter.php(507): CodeIgniter\CodeIgniter->runController(Object(SysAdmin\Controllers\Login))
 9 SYSTEMPATH\CodeIgniter.php(354): CodeIgniter\CodeIgniter->handleRequest(null, Object(Config\Cache), false)
10 SYSTEMPATH\Boot.php(334): CodeIgniter\CodeIgniter->run()
11 SYSTEMPATH\Boot.php(67): CodeIgniter\Boot::runCodeIgniter(Object(CodeIgniter\CodeIgniter))
12 FCPATH\index.php(56): CodeIgniter\Boot::bootWeb(Object(Config\Paths))
DEBUG - 2025-03-21 02:48:21 --> Session: Class initialized using 'CodeIgniter\Session\Handlers\FileHandler' driver.
WARNING - 2025-03-21 02:48:21 --> [DEPRECATED] Creation of dynamic property SysAdmin\Controllers\Login::$session is deprecated in ROOTPATH\SysAdmin\Controllers\BaseController.php on line 51.
 1 SYSTEMPATH\CodeIgniter.php(903): SysAdmin\Controllers\BaseController->__construct()
 2 SYSTEMPATH\CodeIgniter.php(498): CodeIgniter\CodeIgniter->createController()
 3 SYSTEMPATH\CodeIgniter.php(354): CodeIgniter\CodeIgniter->handleRequest(null, Object(Config\Cache), false)
 4 SYSTEMPATH\Boot.php(334): CodeIgniter\CodeIgniter->run()
 5 SYSTEMPATH\Boot.php(67): CodeIgniter\Boot::runCodeIgniter(Object(CodeIgniter\CodeIgniter))
 6 FCPATH\index.php(56): CodeIgniter\Boot::bootWeb(Object(Config\Paths))
WARNING - 2025-03-21 02:48:21 --> [DEPRECATED] Creation of dynamic property SysAdmin\Controllers\Login::$encrypter is deprecated in ROOTPATH\SysAdmin\Controllers\BaseController.php on line 52.
 1 SYSTEMPATH\CodeIgniter.php(903): SysAdmin\Controllers\BaseController->__construct()
 2 SYSTEMPATH\CodeIgniter.php(498): CodeIgniter\CodeIgniter->createController()
 3 SYSTEMPATH\CodeIgniter.php(354): CodeIgniter\CodeIgniter->handleRequest(null, Object(Config\Cache), false)
 4 SYSTEMPATH\Boot.php(334): CodeIgniter\CodeIgniter->run()
 5 SYSTEMPATH\Boot.php(67): CodeIgniter\Boot::runCodeIgniter(Object(CodeIgniter\CodeIgniter))
 6 FCPATH\index.php(56): CodeIgniter\Boot::bootWeb(Object(Config\Paths))
ERROR - 2025-03-21 02:48:21 --> mysqli_sql_exception: Unknown storage engine 'InnoDB' in E:\web\XAMPP\htdocs\test\system\Database\MySQLi\Connection.php:327
Stack trace:
#0 E:\web\XAMPP\htdocs\test\system\Database\MySQLi\Connection.php(327): mysqli->query('SELECT `scopes`...', 0)
#1 E:\web\XAMPP\htdocs\test\system\Database\BaseConnection.php(738): CodeIgniter\Database\MySQLi\Connection->execute('SELECT `scopes`...')
#2 E:\web\XAMPP\htdocs\test\system\Database\BaseConnection.php(652): CodeIgniter\Database\BaseConnection->simpleQuery('SELECT `scopes`...')
#3 E:\web\XAMPP\htdocs\test\system\Database\BaseBuilder.php(1649): CodeIgniter\Database\BaseConnection->query('SELECT `scopes`...', Array, false)
#4 E:\web\XAMPP\htdocs\test\SysAdmin\Models\LoginModel.php(29): CodeIgniter\Database\BaseBuilder->get()
#5 E:\web\XAMPP\htdocs\test\SysAdmin\Controllers\Login.php(21): SysAdmin\Models\LoginModel->identifyID('admin', 'fgNTGI9vDgD2DKO...')
#6 E:\web\XAMPP\htdocs\test\system\CodeIgniter.php(933): SysAdmin\Controllers\Login->index()
#7 E:\web\XAMPP\htdocs\test\system\CodeIgniter.php(507): CodeIgniter\CodeIgniter->runController(Object(SysAdmin\Controllers\Login))
#8 E:\web\XAMPP\htdocs\test\system\CodeIgniter.php(354): CodeIgniter\CodeIgniter->handleRequest(NULL, Object(Config\Cache), false)
#9 E:\web\XAMPP\htdocs\test\system\Boot.php(334): CodeIgniter\CodeIgniter->run()
#10 E:\web\XAMPP\htdocs\test\system\Boot.php(67): CodeIgniter\Boot::runCodeIgniter(Object(CodeIgniter\CodeIgniter))
#11 E:\web\XAMPP\htdocs\test\public\index.php(56): CodeIgniter\Boot::bootWeb(Object(Config\Paths))
#12 {main}
CRITICAL - 2025-03-21 02:48:21 --> CodeIgniter\Database\Exceptions\DatabaseException: Unknown storage engine 'InnoDB'
[Method: POST, Route: login]
in SYSTEMPATH\Database\BaseConnection.php on line 692.
 1 SYSTEMPATH\Database\BaseBuilder.php(1649): CodeIgniter\Database\BaseConnection->query('SELECT `scopes`, `mold`
FROM `c_role_auth`
JOIN `c_authority` ON `c_authority`.`id`=`c_role_auth`.`aid`
WHERE `rid` IN :rid:
ORDER BY `mold` DESC', [...], false)
 2 ROOTPATH\SysAdmin\Models\LoginModel.php(29): CodeIgniter\Database\BaseBuilder->get()
 3 ROOTPATH\SysAdmin\Controllers\Login.php(21): SysAdmin\Models\LoginModel->identifyID('admin', 'fgNTGI9vDgD2DKOF9U0f5ptqR8SAlLs09HBtjQzL9GSnmC2JJ4EpmbEh8x8FtliIqNpFAks+lRBstb36Kwc1bCGDq8QYm19t9QkeqWcvIO9MOqON6qN/LNvzV/ZwgXJmtlPEXW4amm88oOVNN7M24+FgN4t2eEfC56xdXEH8Xio=')
 4 SYSTEMPATH\CodeIgniter.php(933): SysAdmin\Controllers\Login->index()
 5 SYSTEMPATH\CodeIgniter.php(507): CodeIgniter\CodeIgniter->runController(Object(SysAdmin\Controllers\Login))
 6 SYSTEMPATH\CodeIgniter.php(354): CodeIgniter\CodeIgniter->handleRequest(null, Object(Config\Cache), false)
 7 SYSTEMPATH\Boot.php(334): CodeIgniter\CodeIgniter->run()
 8 SYSTEMPATH\Boot.php(67): CodeIgniter\Boot::runCodeIgniter(Object(CodeIgniter\CodeIgniter))
 9 FCPATH\index.php(56): CodeIgniter\Boot::bootWeb(Object(Config\Paths))
CRITICAL - 2025-03-21 02:48:21 --> [Caused by] CodeIgniter\Database\Exceptions\DatabaseException: Unknown storage engine 'InnoDB'
in SYSTEMPATH\Database\MySQLi\Connection.php on line 332.
 1 SYSTEMPATH\Database\BaseConnection.php(738): CodeIgniter\Database\MySQLi\Connection->execute('SELECT `scopes`, `mold`
FROM `c_role_auth`
JOIN `c_authority` ON `c_authority`.`id`=`c_role_auth`.`aid`
WHERE `rid` IN (\'5\')
ORDER BY `mold` DESC')
 2 SYSTEMPATH\Database\BaseConnection.php(652): CodeIgniter\Database\BaseConnection->simpleQuery('SELECT `scopes`, `mold`
FROM `c_role_auth`
JOIN `c_authority` ON `c_authority`.`id`=`c_role_auth`.`aid`
WHERE `rid` IN (\'5\')
ORDER BY `mold` DESC')
 3 SYSTEMPATH\Database\BaseBuilder.php(1649): CodeIgniter\Database\BaseConnection->query('SELECT `scopes`, `mold`
FROM `c_role_auth`
JOIN `c_authority` ON `c_authority`.`id`=`c_role_auth`.`aid`
WHERE `rid` IN :rid:
ORDER BY `mold` DESC', [...], false)
 4 ROOTPATH\SysAdmin\Models\LoginModel.php(29): CodeIgniter\Database\BaseBuilder->get()
 5 ROOTPATH\SysAdmin\Controllers\Login.php(21): SysAdmin\Models\LoginModel->identifyID('admin', 'fgNTGI9vDgD2DKOF9U0f5ptqR8SAlLs09HBtjQzL9GSnmC2JJ4EpmbEh8x8FtliIqNpFAks+lRBstb36Kwc1bCGDq8QYm19t9QkeqWcvIO9MOqON6qN/LNvzV/ZwgXJmtlPEXW4amm88oOVNN7M24+FgN4t2eEfC56xdXEH8Xio=')
 6 SYSTEMPATH\CodeIgniter.php(933): SysAdmin\Controllers\Login->index()
 7 SYSTEMPATH\CodeIgniter.php(507): CodeIgniter\CodeIgniter->runController(Object(SysAdmin\Controllers\Login))
 8 SYSTEMPATH\CodeIgniter.php(354): CodeIgniter\CodeIgniter->handleRequest(null, Object(Config\Cache), false)
 9 SYSTEMPATH\Boot.php(334): CodeIgniter\CodeIgniter->run()
10 SYSTEMPATH\Boot.php(67): CodeIgniter\Boot::runCodeIgniter(Object(CodeIgniter\CodeIgniter))
11 FCPATH\index.php(56): CodeIgniter\Boot::bootWeb(Object(Config\Paths))
CRITICAL - 2025-03-21 02:48:21 --> [Caused by] mysqli_sql_exception: Unknown storage engine 'InnoDB'
in SYSTEMPATH\Database\MySQLi\Connection.php on line 327.
 1 SYSTEMPATH\Database\MySQLi\Connection.php(327): mysqli->query('SELECT `scopes`, `mold`
FROM `c_role_auth`
JOIN `c_authority` ON `c_authority`.`id`=`c_role_auth`.`aid`
WHERE `rid` IN (\'5\')
ORDER BY `mold` DESC', 0)
 2 SYSTEMPATH\Database\BaseConnection.php(738): CodeIgniter\Database\MySQLi\Connection->execute('SELECT `scopes`, `mold`
FROM `c_role_auth`
JOIN `c_authority` ON `c_authority`.`id`=`c_role_auth`.`aid`
WHERE `rid` IN (\'5\')
ORDER BY `mold` DESC')
 3 SYSTEMPATH\Database\BaseConnection.php(652): CodeIgniter\Database\BaseConnection->simpleQuery('SELECT `scopes`, `mold`
FROM `c_role_auth`
JOIN `c_authority` ON `c_authority`.`id`=`c_role_auth`.`aid`
WHERE `rid` IN (\'5\')
ORDER BY `mold` DESC')
 4 SYSTEMPATH\Database\BaseBuilder.php(1649): CodeIgniter\Database\BaseConnection->query('SELECT `scopes`, `mold`
FROM `c_role_auth`
JOIN `c_authority` ON `c_authority`.`id`=`c_role_auth`.`aid`
WHERE `rid` IN :rid:
ORDER BY `mold` DESC', [...], false)
 5 ROOTPATH\SysAdmin\Models\LoginModel.php(29): CodeIgniter\Database\BaseBuilder->get()
 6 ROOTPATH\SysAdmin\Controllers\Login.php(21): SysAdmin\Models\LoginModel->identifyID('admin', 'fgNTGI9vDgD2DKOF9U0f5ptqR8SAlLs09HBtjQzL9GSnmC2JJ4EpmbEh8x8FtliIqNpFAks+lRBstb36Kwc1bCGDq8QYm19t9QkeqWcvIO9MOqON6qN/LNvzV/ZwgXJmtlPEXW4amm88oOVNN7M24+FgN4t2eEfC56xdXEH8Xio=')
 7 SYSTEMPATH\CodeIgniter.php(933): SysAdmin\Controllers\Login->index()
 8 SYSTEMPATH\CodeIgniter.php(507): CodeIgniter\CodeIgniter->runController(Object(SysAdmin\Controllers\Login))
 9 SYSTEMPATH\CodeIgniter.php(354): CodeIgniter\CodeIgniter->handleRequest(null, Object(Config\Cache), false)
10 SYSTEMPATH\Boot.php(334): CodeIgniter\CodeIgniter->run()
11 SYSTEMPATH\Boot.php(67): CodeIgniter\Boot::runCodeIgniter(Object(CodeIgniter\CodeIgniter))
12 FCPATH\index.php(56): CodeIgniter\Boot::bootWeb(Object(Config\Paths))
DEBUG - 2025-03-21 07:54:08 --> Session: Class initialized using 'CodeIgniter\Session\Handlers\FileHandler' driver.
WARNING - 2025-03-21 07:54:08 --> [DEPRECATED] Creation of dynamic property SysAdmin\Controllers\Login::$session is deprecated in ROOTPATH\SysAdmin\Controllers\BaseController.php on line 51.
 1 SYSTEMPATH\CodeIgniter.php(903): SysAdmin\Controllers\BaseController->__construct()
 2 SYSTEMPATH\CodeIgniter.php(498): CodeIgniter\CodeIgniter->createController()
 3 SYSTEMPATH\CodeIgniter.php(354): CodeIgniter\CodeIgniter->handleRequest(null, Object(Config\Cache), false)
 4 SYSTEMPATH\Boot.php(334): CodeIgniter\CodeIgniter->run()
 5 SYSTEMPATH\Boot.php(67): CodeIgniter\Boot::runCodeIgniter(Object(CodeIgniter\CodeIgniter))
 6 FCPATH\index.php(56): CodeIgniter\Boot::bootWeb(Object(Config\Paths))
WARNING - 2025-03-21 07:54:08 --> [DEPRECATED] Creation of dynamic property SysAdmin\Controllers\Login::$encrypter is deprecated in ROOTPATH\SysAdmin\Controllers\BaseController.php on line 52.
 1 SYSTEMPATH\CodeIgniter.php(903): SysAdmin\Controllers\BaseController->__construct()
 2 SYSTEMPATH\CodeIgniter.php(498): CodeIgniter\CodeIgniter->createController()
 3 SYSTEMPATH\CodeIgniter.php(354): CodeIgniter\CodeIgniter->handleRequest(null, Object(Config\Cache), false)
 4 SYSTEMPATH\Boot.php(334): CodeIgniter\CodeIgniter->run()
 5 SYSTEMPATH\Boot.php(67): CodeIgniter\Boot::runCodeIgniter(Object(CodeIgniter\CodeIgniter))
 6 FCPATH\index.php(56): CodeIgniter\Boot::bootWeb(Object(Config\Paths))
DEBUG - 2025-03-21 07:54:16 --> Session: Class initialized using 'CodeIgniter\Session\Handlers\FileHandler' driver.
WARNING - 2025-03-21 07:54:16 --> [DEPRECATED] Creation of dynamic property SysAdmin\Controllers\Login::$session is deprecated in ROOTPATH\SysAdmin\Controllers\BaseController.php on line 51.
 1 SYSTEMPATH\CodeIgniter.php(903): SysAdmin\Controllers\BaseController->__construct()
 2 SYSTEMPATH\CodeIgniter.php(498): CodeIgniter\CodeIgniter->createController()
 3 SYSTEMPATH\CodeIgniter.php(354): CodeIgniter\CodeIgniter->handleRequest(null, Object(Config\Cache), false)
 4 SYSTEMPATH\Boot.php(334): CodeIgniter\CodeIgniter->run()
 5 SYSTEMPATH\Boot.php(67): CodeIgniter\Boot::runCodeIgniter(Object(CodeIgniter\CodeIgniter))
 6 FCPATH\index.php(56): CodeIgniter\Boot::bootWeb(Object(Config\Paths))
WARNING - 2025-03-21 07:54:16 --> [DEPRECATED] Creation of dynamic property SysAdmin\Controllers\Login::$encrypter is deprecated in ROOTPATH\SysAdmin\Controllers\BaseController.php on line 52.
 1 SYSTEMPATH\CodeIgniter.php(903): SysAdmin\Controllers\BaseController->__construct()
 2 SYSTEMPATH\CodeIgniter.php(498): CodeIgniter\CodeIgniter->createController()
 3 SYSTEMPATH\CodeIgniter.php(354): CodeIgniter\CodeIgniter->handleRequest(null, Object(Config\Cache), false)
 4 SYSTEMPATH\Boot.php(334): CodeIgniter\CodeIgniter->run()
 5 SYSTEMPATH\Boot.php(67): CodeIgniter\Boot::runCodeIgniter(Object(CodeIgniter\CodeIgniter))
 6 FCPATH\index.php(56): CodeIgniter\Boot::bootWeb(Object(Config\Paths))
DEBUG - 2025-03-21 07:54:16 --> Session: Class initialized using 'CodeIgniter\Session\Handlers\FileHandler' driver.
WARNING - 2025-03-21 07:54:16 --> [DEPRECATED] Creation of dynamic property SysAdmin\Controllers\Home::$session is deprecated in ROOTPATH\SysAdmin\Controllers\BaseController.php on line 51.
 1 ROOTPATH\SysAdmin\Controllers\Home.php(10): SysAdmin\Controllers\BaseController->__construct()
 2 SYSTEMPATH\CodeIgniter.php(903): SysAdmin\Controllers\Home->__construct()
 3 SYSTEMPATH\CodeIgniter.php(498): CodeIgniter\CodeIgniter->createController()
 4 SYSTEMPATH\CodeIgniter.php(354): CodeIgniter\CodeIgniter->handleRequest(null, Object(Config\Cache), false)
 5 SYSTEMPATH\Boot.php(334): CodeIgniter\CodeIgniter->run()
 6 SYSTEMPATH\Boot.php(67): CodeIgniter\Boot::runCodeIgniter(Object(CodeIgniter\CodeIgniter))
 7 FCPATH\index.php(56): CodeIgniter\Boot::bootWeb(Object(Config\Paths))
WARNING - 2025-03-21 07:54:16 --> [DEPRECATED] Creation of dynamic property SysAdmin\Controllers\Home::$encrypter is deprecated in ROOTPATH\SysAdmin\Controllers\BaseController.php on line 52.
 1 ROOTPATH\SysAdmin\Controllers\Home.php(10): SysAdmin\Controllers\BaseController->__construct()
 2 SYSTEMPATH\CodeIgniter.php(903): SysAdmin\Controllers\Home->__construct()
 3 SYSTEMPATH\CodeIgniter.php(498): CodeIgniter\CodeIgniter->createController()
 4 SYSTEMPATH\CodeIgniter.php(354): CodeIgniter\CodeIgniter->handleRequest(null, Object(Config\Cache), false)
 5 SYSTEMPATH\Boot.php(334): CodeIgniter\CodeIgniter->run()
 6 SYSTEMPATH\Boot.php(67): CodeIgniter\Boot::runCodeIgniter(Object(CodeIgniter\CodeIgniter))
 7 FCPATH\index.php(56): CodeIgniter\Boot::bootWeb(Object(Config\Paths))
DEBUG - 2025-03-21 07:54:17 --> Session: Class initialized using 'CodeIgniter\Session\Handlers\FileHandler' driver.
WARNING - 2025-03-21 07:54:17 --> [DEPRECATED] Creation of dynamic property SysAdmin\Controllers\Home::$session is deprecated in ROOTPATH\SysAdmin\Controllers\BaseController.php on line 51.
 1 ROOTPATH\SysAdmin\Controllers\Home.php(10): SysAdmin\Controllers\BaseController->__construct()
 2 SYSTEMPATH\CodeIgniter.php(903): SysAdmin\Controllers\Home->__construct()
 3 SYSTEMPATH\CodeIgniter.php(498): CodeIgniter\CodeIgniter->createController()
 4 SYSTEMPATH\CodeIgniter.php(354): CodeIgniter\CodeIgniter->handleRequest(null, Object(Config\Cache), false)
 5 SYSTEMPATH\Boot.php(334): CodeIgniter\CodeIgniter->run()
 6 SYSTEMPATH\Boot.php(67): CodeIgniter\Boot::runCodeIgniter(Object(CodeIgniter\CodeIgniter))
 7 FCPATH\index.php(56): CodeIgniter\Boot::bootWeb(Object(Config\Paths))
WARNING - 2025-03-21 07:54:17 --> [DEPRECATED] Creation of dynamic property SysAdmin\Controllers\Home::$encrypter is deprecated in ROOTPATH\SysAdmin\Controllers\BaseController.php on line 52.
 1 ROOTPATH\SysAdmin\Controllers\Home.php(10): SysAdmin\Controllers\BaseController->__construct()
 2 SYSTEMPATH\CodeIgniter.php(903): SysAdmin\Controllers\Home->__construct()
 3 SYSTEMPATH\CodeIgniter.php(498): CodeIgniter\CodeIgniter->createController()
 4 SYSTEMPATH\CodeIgniter.php(354): CodeIgniter\CodeIgniter->handleRequest(null, Object(Config\Cache), false)
 5 SYSTEMPATH\Boot.php(334): CodeIgniter\CodeIgniter->run()
 6 SYSTEMPATH\Boot.php(67): CodeIgniter\Boot::runCodeIgniter(Object(CodeIgniter\CodeIgniter))
 7 FCPATH\index.php(56): CodeIgniter\Boot::bootWeb(Object(Config\Paths))
DEBUG - 2025-03-21 07:54:18 --> Session: Class initialized using 'CodeIgniter\Session\Handlers\FileHandler' driver.
WARNING - 2025-03-21 07:54:18 --> [DEPRECATED] Creation of dynamic property SysAdmin\Controllers\Home::$session is deprecated in ROOTPATH\SysAdmin\Controllers\BaseController.php on line 51.
 1 ROOTPATH\SysAdmin\Controllers\Home.php(10): SysAdmin\Controllers\BaseController->__construct()
 2 SYSTEMPATH\CodeIgniter.php(903): SysAdmin\Controllers\Home->__construct()
 3 SYSTEMPATH\CodeIgniter.php(498): CodeIgniter\CodeIgniter->createController()
 4 SYSTEMPATH\CodeIgniter.php(354): CodeIgniter\CodeIgniter->handleRequest(null, Object(Config\Cache), false)
 5 SYSTEMPATH\Boot.php(334): CodeIgniter\CodeIgniter->run()
 6 SYSTEMPATH\Boot.php(67): CodeIgniter\Boot::runCodeIgniter(Object(CodeIgniter\CodeIgniter))
 7 FCPATH\index.php(56): CodeIgniter\Boot::bootWeb(Object(Config\Paths))
WARNING - 2025-03-21 07:54:18 --> [DEPRECATED] Creation of dynamic property SysAdmin\Controllers\Home::$encrypter is deprecated in ROOTPATH\SysAdmin\Controllers\BaseController.php on line 52.
 1 ROOTPATH\SysAdmin\Controllers\Home.php(10): SysAdmin\Controllers\BaseController->__construct()
 2 SYSTEMPATH\CodeIgniter.php(903): SysAdmin\Controllers\Home->__construct()
 3 SYSTEMPATH\CodeIgniter.php(498): CodeIgniter\CodeIgniter->createController()
 4 SYSTEMPATH\CodeIgniter.php(354): CodeIgniter\CodeIgniter->handleRequest(null, Object(Config\Cache), false)
 5 SYSTEMPATH\Boot.php(334): CodeIgniter\CodeIgniter->run()
 6 SYSTEMPATH\Boot.php(67): CodeIgniter\Boot::runCodeIgniter(Object(CodeIgniter\CodeIgniter))
 7 FCPATH\index.php(56): CodeIgniter\Boot::bootWeb(Object(Config\Paths))
DEBUG - 2025-03-21 07:54:21 --> Session: Class initialized using 'CodeIgniter\Session\Handlers\FileHandler' driver.
WARNING - 2025-03-21 07:54:21 --> [DEPRECATED] Creation of dynamic property SysAdmin\Controllers\imgArticle::$session is deprecated in ROOTPATH\SysAdmin\Controllers\BaseController.php on line 51.
 1 ROOTPATH\SysAdmin\Controllers\imgArticle.php(10): SysAdmin\Controllers\BaseController->__construct()
 2 SYSTEMPATH\CodeIgniter.php(903): SysAdmin\Controllers\imgArticle->__construct()
 3 SYSTEMPATH\CodeIgniter.php(498): CodeIgniter\CodeIgniter->createController()
 4 SYSTEMPATH\CodeIgniter.php(354): CodeIgniter\CodeIgniter->handleRequest(null, Object(Config\Cache), false)
 5 SYSTEMPATH\Boot.php(334): CodeIgniter\CodeIgniter->run()
 6 SYSTEMPATH\Boot.php(67): CodeIgniter\Boot::runCodeIgniter(Object(CodeIgniter\CodeIgniter))
 7 FCPATH\index.php(56): CodeIgniter\Boot::bootWeb(Object(Config\Paths))
WARNING - 2025-03-21 07:54:21 --> [DEPRECATED] Creation of dynamic property SysAdmin\Controllers\imgArticle::$encrypter is deprecated in ROOTPATH\SysAdmin\Controllers\BaseController.php on line 52.
 1 ROOTPATH\SysAdmin\Controllers\imgArticle.php(10): SysAdmin\Controllers\BaseController->__construct()
 2 SYSTEMPATH\CodeIgniter.php(903): SysAdmin\Controllers\imgArticle->__construct()
 3 SYSTEMPATH\CodeIgniter.php(498): CodeIgniter\CodeIgniter->createController()
 4 SYSTEMPATH\CodeIgniter.php(354): CodeIgniter\CodeIgniter->handleRequest(null, Object(Config\Cache), false)
 5 SYSTEMPATH\Boot.php(334): CodeIgniter\CodeIgniter->run()
 6 SYSTEMPATH\Boot.php(67): CodeIgniter\Boot::runCodeIgniter(Object(CodeIgniter\CodeIgniter))
 7 FCPATH\index.php(56): CodeIgniter\Boot::bootWeb(Object(Config\Paths))
WARNING - 2025-03-21 07:54:21 --> [DEPRECATED] Creation of dynamic property SysAdmin\Controllers\imgArticle::$nav_mold is deprecated in ROOTPATH\SysAdmin\Controllers\imgArticle.php on line 11.
 1 SYSTEMPATH\CodeIgniter.php(903): SysAdmin\Controllers\imgArticle->__construct()
 2 SYSTEMPATH\CodeIgniter.php(498): CodeIgniter\CodeIgniter->createController()
 3 SYSTEMPATH\CodeIgniter.php(354): CodeIgniter\CodeIgniter->handleRequest(null, Object(Config\Cache), false)
 4 SYSTEMPATH\Boot.php(334): CodeIgniter\CodeIgniter->run()
 5 SYSTEMPATH\Boot.php(67): CodeIgniter\Boot::runCodeIgniter(Object(CodeIgniter\CodeIgniter))
 6 FCPATH\index.php(56): CodeIgniter\Boot::bootWeb(Object(Config\Paths))
WARNING - 2025-03-21 07:54:21 --> [DEPRECATED] trim(): Passing null to parameter #1 ($string) of type string is deprecated in ROOTPATH\SysAdmin\Controllers\imgArticle.php on line 57.
 1 ROOTPATH\SysAdmin\Controllers\imgArticle.php(57): trim(null)
 2 ROOTPATH\SysAdmin\Controllers\imgArticle.php(26): SysAdmin\Controllers\imgArticle->condition()
 3 SYSTEMPATH\CodeIgniter.php(933): SysAdmin\Controllers\imgArticle->index()
 4 SYSTEMPATH\CodeIgniter.php(507): CodeIgniter\CodeIgniter->runController(Object(SysAdmin\Controllers\imgArticle))
 5 SYSTEMPATH\CodeIgniter.php(354): CodeIgniter\CodeIgniter->handleRequest(null, Object(Config\Cache), false)
 6 SYSTEMPATH\Boot.php(334): CodeIgniter\CodeIgniter->run()
 7 SYSTEMPATH\Boot.php(67): CodeIgniter\Boot::runCodeIgniter(Object(CodeIgniter\CodeIgniter))
 8 FCPATH\index.php(56): CodeIgniter\Boot::bootWeb(Object(Config\Paths))
WARNING - 2025-03-21 07:54:21 --> [DEPRECATED] trim(): Passing null to parameter #1 ($string) of type string is deprecated in ROOTPATH\SysAdmin\Controllers\imgArticle.php on line 61.
 1 ROOTPATH\SysAdmin\Controllers\imgArticle.php(61): trim(null)
 2 ROOTPATH\SysAdmin\Controllers\imgArticle.php(26): SysAdmin\Controllers\imgArticle->condition()
 3 SYSTEMPATH\CodeIgniter.php(933): SysAdmin\Controllers\imgArticle->index()
 4 SYSTEMPATH\CodeIgniter.php(507): CodeIgniter\CodeIgniter->runController(Object(SysAdmin\Controllers\imgArticle))
 5 SYSTEMPATH\CodeIgniter.php(354): CodeIgniter\CodeIgniter->handleRequest(null, Object(Config\Cache), false)
 6 SYSTEMPATH\Boot.php(334): CodeIgniter\CodeIgniter->run()
 7 SYSTEMPATH\Boot.php(67): CodeIgniter\Boot::runCodeIgniter(Object(CodeIgniter\CodeIgniter))
 8 FCPATH\index.php(56): CodeIgniter\Boot::bootWeb(Object(Config\Paths))
WARNING - 2025-03-21 07:54:21 --> [DEPRECATED] trim(): Passing null to parameter #1 ($string) of type string is deprecated in ROOTPATH\SysAdmin\Controllers\imgArticle.php on line 65.
 1 ROOTPATH\SysAdmin\Controllers\imgArticle.php(65): trim(null)
 2 ROOTPATH\SysAdmin\Controllers\imgArticle.php(26): SysAdmin\Controllers\imgArticle->condition()
 3 SYSTEMPATH\CodeIgniter.php(933): SysAdmin\Controllers\imgArticle->index()
 4 SYSTEMPATH\CodeIgniter.php(507): CodeIgniter\CodeIgniter->runController(Object(SysAdmin\Controllers\imgArticle))
 5 SYSTEMPATH\CodeIgniter.php(354): CodeIgniter\CodeIgniter->handleRequest(null, Object(Config\Cache), false)
 6 SYSTEMPATH\Boot.php(334): CodeIgniter\CodeIgniter->run()
 7 SYSTEMPATH\Boot.php(67): CodeIgniter\Boot::runCodeIgniter(Object(CodeIgniter\CodeIgniter))
 8 FCPATH\index.php(56): CodeIgniter\Boot::bootWeb(Object(Config\Paths))
WARNING - 2025-03-21 07:54:21 --> [DEPRECATED] trim(): Passing null to parameter #1 ($string) of type string is deprecated in ROOTPATH\SysAdmin\Controllers\imgArticle.php on line 69.
 1 ROOTPATH\SysAdmin\Controllers\imgArticle.php(69): trim(null)
 2 ROOTPATH\SysAdmin\Controllers\imgArticle.php(26): SysAdmin\Controllers\imgArticle->condition()
 3 SYSTEMPATH\CodeIgniter.php(933): SysAdmin\Controllers\imgArticle->index()
 4 SYSTEMPATH\CodeIgniter.php(507): CodeIgniter\CodeIgniter->runController(Object(SysAdmin\Controllers\imgArticle))
 5 SYSTEMPATH\CodeIgniter.php(354): CodeIgniter\CodeIgniter->handleRequest(null, Object(Config\Cache), false)
 6 SYSTEMPATH\Boot.php(334): CodeIgniter\CodeIgniter->run()
 7 SYSTEMPATH\Boot.php(67): CodeIgniter\Boot::runCodeIgniter(Object(CodeIgniter\CodeIgniter))
 8 FCPATH\index.php(56): CodeIgniter\Boot::bootWeb(Object(Config\Paths))
WARNING - 2025-03-21 07:54:21 --> [DEPRECATED] trim(): Passing null to parameter #1 ($string) of type string is deprecated in ROOTPATH\SysAdmin\Controllers\imgArticle.php on line 73.
 1 ROOTPATH\SysAdmin\Controllers\imgArticle.php(73): trim(null)
 2 ROOTPATH\SysAdmin\Controllers\imgArticle.php(26): SysAdmin\Controllers\imgArticle->condition()
 3 SYSTEMPATH\CodeIgniter.php(933): SysAdmin\Controllers\imgArticle->index()
 4 SYSTEMPATH\CodeIgniter.php(507): CodeIgniter\CodeIgniter->runController(Object(SysAdmin\Controllers\imgArticle))
 5 SYSTEMPATH\CodeIgniter.php(354): CodeIgniter\CodeIgniter->handleRequest(null, Object(Config\Cache), false)
 6 SYSTEMPATH\Boot.php(334): CodeIgniter\CodeIgniter->run()
 7 SYSTEMPATH\Boot.php(67): CodeIgniter\Boot::runCodeIgniter(Object(CodeIgniter\CodeIgniter))
 8 FCPATH\index.php(56): CodeIgniter\Boot::bootWeb(Object(Config\Paths))
WARNING - 2025-03-21 07:54:21 --> [DEPRECATED] Optional parameter $id declared before required parameter $content is implicitly treated as a required parameter in ROOTPATH\SysAdmin\Models\ArticleModel.php on line 34.
 1 SYSTEMPATH\Autoloader\Autoloader.php(316): include_once('E:\\web\\XAMPP\\htdocs\\test\\system\\Debug\\Exceptions.php')
 2 SYSTEMPATH\Autoloader\Autoloader.php(295): CodeIgniter\Autoloader\Autoloader->includeFile('E:\\web\\XAMPP\\htdocs\\test\\SysAdmin\\Models\\ArticleModel.php')
 3 SYSTEMPATH\Autoloader\Autoloader.php(271): CodeIgniter\Autoloader\Autoloader->loadInNamespace('SysAdmin\\Models\\ArticleModel')
 4 ROOTPATH\SysAdmin\Controllers\imgArticle.php(29): CodeIgniter\Autoloader\Autoloader->loadClass('SysAdmin\\Models\\ArticleModel')
 5 SYSTEMPATH\CodeIgniter.php(933): SysAdmin\Controllers\imgArticle->index()
 6 SYSTEMPATH\CodeIgniter.php(507): CodeIgniter\CodeIgniter->runController(Object(SysAdmin\Controllers\imgArticle))
 7 SYSTEMPATH\CodeIgniter.php(354): CodeIgniter\CodeIgniter->handleRequest(null, Object(Config\Cache), false)
 8 SYSTEMPATH\Boot.php(334): CodeIgniter\CodeIgniter->run()
 9 SYSTEMPATH\Boot.php(67): CodeIgniter\Boot::runCodeIgniter(Object(CodeIgniter\CodeIgniter))
10 FCPATH\index.php(56): CodeIgniter\Boot::bootWeb(Object(Config\Paths))
WARNING - 2025-03-21 07:54:21 --> [DEPRECATED] Optional parameter $sarray declared before required parameter $id is implicitly treated as a required parameter in ROOTPATH\SysAdmin\Models\NavModel.php on line 17.
 1 SYSTEMPATH\Autoloader\Autoloader.php(316): include_once('E:\\web\\XAMPP\\htdocs\\test\\system\\Debug\\Exceptions.php')
 2 SYSTEMPATH\Autoloader\Autoloader.php(295): CodeIgniter\Autoloader\Autoloader->includeFile('E:\\web\\XAMPP\\htdocs\\test\\SysAdmin\\Models\\NavModel.php')
 3 SYSTEMPATH\Autoloader\Autoloader.php(271): CodeIgniter\Autoloader\Autoloader->loadInNamespace('SysAdmin\\Models\\NavModel')
 4 ROOTPATH\SysAdmin\Controllers\imgArticle.php(30): CodeIgniter\Autoloader\Autoloader->loadClass('SysAdmin\\Models\\NavModel')
 5 SYSTEMPATH\CodeIgniter.php(933): SysAdmin\Controllers\imgArticle->index()
 6 SYSTEMPATH\CodeIgniter.php(507): CodeIgniter\CodeIgniter->runController(Object(SysAdmin\Controllers\imgArticle))
 7 SYSTEMPATH\CodeIgniter.php(354): CodeIgniter\CodeIgniter->handleRequest(null, Object(Config\Cache), false)
 8 SYSTEMPATH\Boot.php(334): CodeIgniter\CodeIgniter->run()
 9 SYSTEMPATH\Boot.php(67): CodeIgniter\Boot::runCodeIgniter(Object(CodeIgniter\CodeIgniter))
10 FCPATH\index.php(56): CodeIgniter\Boot::bootWeb(Object(Config\Paths))
WARNING - 2025-03-21 07:54:21 --> [DEPRECATED] Optional parameter $sarray declared before required parameter $id is implicitly treated as a required parameter in ROOTPATH\SysAdmin\Models\NavModel.php on line 25.
 1 SYSTEMPATH\Autoloader\Autoloader.php(316): include_once('E:\\web\\XAMPP\\htdocs\\test\\system\\Debug\\Exceptions.php')
 2 SYSTEMPATH\Autoloader\Autoloader.php(295): CodeIgniter\Autoloader\Autoloader->includeFile('E:\\web\\XAMPP\\htdocs\\test\\SysAdmin\\Models\\NavModel.php')
 3 SYSTEMPATH\Autoloader\Autoloader.php(271): CodeIgniter\Autoloader\Autoloader->loadInNamespace('SysAdmin\\Models\\NavModel')
 4 ROOTPATH\SysAdmin\Controllers\imgArticle.php(30): CodeIgniter\Autoloader\Autoloader->loadClass('SysAdmin\\Models\\NavModel')
 5 SYSTEMPATH\CodeIgniter.php(933): SysAdmin\Controllers\imgArticle->index()
 6 SYSTEMPATH\CodeIgniter.php(507): CodeIgniter\CodeIgniter->runController(Object(SysAdmin\Controllers\imgArticle))
 7 SYSTEMPATH\CodeIgniter.php(354): CodeIgniter\CodeIgniter->handleRequest(null, Object(Config\Cache), false)
 8 SYSTEMPATH\Boot.php(334): CodeIgniter\CodeIgniter->run()
 9 SYSTEMPATH\Boot.php(67): CodeIgniter\Boot::runCodeIgniter(Object(CodeIgniter\CodeIgniter))
10 FCPATH\index.php(56): CodeIgniter\Boot::bootWeb(Object(Config\Paths))
DEBUG - 2025-03-21 07:54:23 --> Session: Class initialized using 'CodeIgniter\Session\Handlers\FileHandler' driver.
WARNING - 2025-03-21 07:54:23 --> [DEPRECATED] Creation of dynamic property SysAdmin\Controllers\Article::$session is deprecated in ROOTPATH\SysAdmin\Controllers\BaseController.php on line 51.
 1 ROOTPATH\SysAdmin\Controllers\Article.php(10): SysAdmin\Controllers\BaseController->__construct()
 2 SYSTEMPATH\CodeIgniter.php(903): SysAdmin\Controllers\Article->__construct()
 3 SYSTEMPATH\CodeIgniter.php(498): CodeIgniter\CodeIgniter->createController()
 4 SYSTEMPATH\CodeIgniter.php(354): CodeIgniter\CodeIgniter->handleRequest(null, Object(Config\Cache), false)
 5 SYSTEMPATH\Boot.php(334): CodeIgniter\CodeIgniter->run()
 6 SYSTEMPATH\Boot.php(67): CodeIgniter\Boot::runCodeIgniter(Object(CodeIgniter\CodeIgniter))
 7 FCPATH\index.php(56): CodeIgniter\Boot::bootWeb(Object(Config\Paths))
WARNING - 2025-03-21 07:54:23 --> [DEPRECATED] Creation of dynamic property SysAdmin\Controllers\Article::$encrypter is deprecated in ROOTPATH\SysAdmin\Controllers\BaseController.php on line 52.
 1 ROOTPATH\SysAdmin\Controllers\Article.php(10): SysAdmin\Controllers\BaseController->__construct()
 2 SYSTEMPATH\CodeIgniter.php(903): SysAdmin\Controllers\Article->__construct()
 3 SYSTEMPATH\CodeIgniter.php(498): CodeIgniter\CodeIgniter->createController()
 4 SYSTEMPATH\CodeIgniter.php(354): CodeIgniter\CodeIgniter->handleRequest(null, Object(Config\Cache), false)
 5 SYSTEMPATH\Boot.php(334): CodeIgniter\CodeIgniter->run()
 6 SYSTEMPATH\Boot.php(67): CodeIgniter\Boot::runCodeIgniter(Object(CodeIgniter\CodeIgniter))
 7 FCPATH\index.php(56): CodeIgniter\Boot::bootWeb(Object(Config\Paths))
WARNING - 2025-03-21 07:54:23 --> [DEPRECATED] Creation of dynamic property SysAdmin\Controllers\Article::$nav_mold is deprecated in ROOTPATH\SysAdmin\Controllers\Article.php on line 11.
 1 SYSTEMPATH\CodeIgniter.php(903): SysAdmin\Controllers\Article->__construct()
 2 SYSTEMPATH\CodeIgniter.php(498): CodeIgniter\CodeIgniter->createController()
 3 SYSTEMPATH\CodeIgniter.php(354): CodeIgniter\CodeIgniter->handleRequest(null, Object(Config\Cache), false)
 4 SYSTEMPATH\Boot.php(334): CodeIgniter\CodeIgniter->run()
 5 SYSTEMPATH\Boot.php(67): CodeIgniter\Boot::runCodeIgniter(Object(CodeIgniter\CodeIgniter))
 6 FCPATH\index.php(56): CodeIgniter\Boot::bootWeb(Object(Config\Paths))
WARNING - 2025-03-21 07:54:23 --> [DEPRECATED] trim(): Passing null to parameter #1 ($string) of type string is deprecated in ROOTPATH\SysAdmin\Controllers\Article.php on line 55.
 1 ROOTPATH\SysAdmin\Controllers\Article.php(55): trim(null)
 2 ROOTPATH\SysAdmin\Controllers\Article.php(26): SysAdmin\Controllers\Article->condition()
 3 SYSTEMPATH\CodeIgniter.php(933): SysAdmin\Controllers\Article->index()
 4 SYSTEMPATH\CodeIgniter.php(507): CodeIgniter\CodeIgniter->runController(Object(SysAdmin\Controllers\Article))
 5 SYSTEMPATH\CodeIgniter.php(354): CodeIgniter\CodeIgniter->handleRequest(null, Object(Config\Cache), false)
 6 SYSTEMPATH\Boot.php(334): CodeIgniter\CodeIgniter->run()
 7 SYSTEMPATH\Boot.php(67): CodeIgniter\Boot::runCodeIgniter(Object(CodeIgniter\CodeIgniter))
 8 FCPATH\index.php(56): CodeIgniter\Boot::bootWeb(Object(Config\Paths))
WARNING - 2025-03-21 07:54:23 --> [DEPRECATED] trim(): Passing null to parameter #1 ($string) of type string is deprecated in ROOTPATH\SysAdmin\Controllers\Article.php on line 59.
 1 ROOTPATH\SysAdmin\Controllers\Article.php(59): trim(null)
 2 ROOTPATH\SysAdmin\Controllers\Article.php(26): SysAdmin\Controllers\Article->condition()
 3 SYSTEMPATH\CodeIgniter.php(933): SysAdmin\Controllers\Article->index()
 4 SYSTEMPATH\CodeIgniter.php(507): CodeIgniter\CodeIgniter->runController(Object(SysAdmin\Controllers\Article))
 5 SYSTEMPATH\CodeIgniter.php(354): CodeIgniter\CodeIgniter->handleRequest(null, Object(Config\Cache), false)
 6 SYSTEMPATH\Boot.php(334): CodeIgniter\CodeIgniter->run()
 7 SYSTEMPATH\Boot.php(67): CodeIgniter\Boot::runCodeIgniter(Object(CodeIgniter\CodeIgniter))
 8 FCPATH\index.php(56): CodeIgniter\Boot::bootWeb(Object(Config\Paths))
WARNING - 2025-03-21 07:54:23 --> [DEPRECATED] trim(): Passing null to parameter #1 ($string) of type string is deprecated in ROOTPATH\SysAdmin\Controllers\Article.php on line 63.
 1 ROOTPATH\SysAdmin\Controllers\Article.php(63): trim(null)
 2 ROOTPATH\SysAdmin\Controllers\Article.php(26): SysAdmin\Controllers\Article->condition()
 3 SYSTEMPATH\CodeIgniter.php(933): SysAdmin\Controllers\Article->index()
 4 SYSTEMPATH\CodeIgniter.php(507): CodeIgniter\CodeIgniter->runController(Object(SysAdmin\Controllers\Article))
 5 SYSTEMPATH\CodeIgniter.php(354): CodeIgniter\CodeIgniter->handleRequest(null, Object(Config\Cache), false)
 6 SYSTEMPATH\Boot.php(334): CodeIgniter\CodeIgniter->run()
 7 SYSTEMPATH\Boot.php(67): CodeIgniter\Boot::runCodeIgniter(Object(CodeIgniter\CodeIgniter))
 8 FCPATH\index.php(56): CodeIgniter\Boot::bootWeb(Object(Config\Paths))
WARNING - 2025-03-21 07:54:24 --> [DEPRECATED] trim(): Passing null to parameter #1 ($string) of type string is deprecated in ROOTPATH\SysAdmin\Controllers\Article.php on line 67.
 1 ROOTPATH\SysAdmin\Controllers\Article.php(67): trim(null)
 2 ROOTPATH\SysAdmin\Controllers\Article.php(26): SysAdmin\Controllers\Article->condition()
 3 SYSTEMPATH\CodeIgniter.php(933): SysAdmin\Controllers\Article->index()
 4 SYSTEMPATH\CodeIgniter.php(507): CodeIgniter\CodeIgniter->runController(Object(SysAdmin\Controllers\Article))
 5 SYSTEMPATH\CodeIgniter.php(354): CodeIgniter\CodeIgniter->handleRequest(null, Object(Config\Cache), false)
 6 SYSTEMPATH\Boot.php(334): CodeIgniter\CodeIgniter->run()
 7 SYSTEMPATH\Boot.php(67): CodeIgniter\Boot::runCodeIgniter(Object(CodeIgniter\CodeIgniter))
 8 FCPATH\index.php(56): CodeIgniter\Boot::bootWeb(Object(Config\Paths))
WARNING - 2025-03-21 07:54:24 --> [DEPRECATED] trim(): Passing null to parameter #1 ($string) of type string is deprecated in ROOTPATH\SysAdmin\Controllers\Article.php on line 71.
 1 ROOTPATH\SysAdmin\Controllers\Article.php(71): trim(null)
 2 ROOTPATH\SysAdmin\Controllers\Article.php(26): SysAdmin\Controllers\Article->condition()
 3 SYSTEMPATH\CodeIgniter.php(933): SysAdmin\Controllers\Article->index()
 4 SYSTEMPATH\CodeIgniter.php(507): CodeIgniter\CodeIgniter->runController(Object(SysAdmin\Controllers\Article))
 5 SYSTEMPATH\CodeIgniter.php(354): CodeIgniter\CodeIgniter->handleRequest(null, Object(Config\Cache), false)
 6 SYSTEMPATH\Boot.php(334): CodeIgniter\CodeIgniter->run()
 7 SYSTEMPATH\Boot.php(67): CodeIgniter\Boot::runCodeIgniter(Object(CodeIgniter\CodeIgniter))
 8 FCPATH\index.php(56): CodeIgniter\Boot::bootWeb(Object(Config\Paths))
WARNING - 2025-03-21 07:54:24 --> [DEPRECATED] Optional parameter $id declared before required parameter $content is implicitly treated as a required parameter in ROOTPATH\SysAdmin\Models\ArticleModel.php on line 34.
 1 SYSTEMPATH\Autoloader\Autoloader.php(316): include_once('E:\\web\\XAMPP\\htdocs\\test\\system\\Debug\\Exceptions.php')
 2 SYSTEMPATH\Autoloader\Autoloader.php(295): CodeIgniter\Autoloader\Autoloader->includeFile('E:\\web\\XAMPP\\htdocs\\test\\SysAdmin\\Models\\ArticleModel.php')
 3 SYSTEMPATH\Autoloader\Autoloader.php(271): CodeIgniter\Autoloader\Autoloader->loadInNamespace('SysAdmin\\Models\\ArticleModel')
 4 ROOTPATH\SysAdmin\Controllers\Article.php(29): CodeIgniter\Autoloader\Autoloader->loadClass('SysAdmin\\Models\\ArticleModel')
 5 SYSTEMPATH\CodeIgniter.php(933): SysAdmin\Controllers\Article->index()
 6 SYSTEMPATH\CodeIgniter.php(507): CodeIgniter\CodeIgniter->runController(Object(SysAdmin\Controllers\Article))
 7 SYSTEMPATH\CodeIgniter.php(354): CodeIgniter\CodeIgniter->handleRequest(null, Object(Config\Cache), false)
 8 SYSTEMPATH\Boot.php(334): CodeIgniter\CodeIgniter->run()
 9 SYSTEMPATH\Boot.php(67): CodeIgniter\Boot::runCodeIgniter(Object(CodeIgniter\CodeIgniter))
10 FCPATH\index.php(56): CodeIgniter\Boot::bootWeb(Object(Config\Paths))
WARNING - 2025-03-21 07:54:24 --> [DEPRECATED] Optional parameter $sarray declared before required parameter $id is implicitly treated as a required parameter in ROOTPATH\SysAdmin\Models\NavModel.php on line 17.
 1 SYSTEMPATH\Autoloader\Autoloader.php(316): include_once('E:\\web\\XAMPP\\htdocs\\test\\system\\Debug\\Exceptions.php')
 2 SYSTEMPATH\Autoloader\Autoloader.php(295): CodeIgniter\Autoloader\Autoloader->includeFile('E:\\web\\XAMPP\\htdocs\\test\\SysAdmin\\Models\\NavModel.php')
 3 SYSTEMPATH\Autoloader\Autoloader.php(271): CodeIgniter\Autoloader\Autoloader->loadInNamespace('SysAdmin\\Models\\NavModel')
 4 ROOTPATH\SysAdmin\Controllers\Article.php(30): CodeIgniter\Autoloader\Autoloader->loadClass('SysAdmin\\Models\\NavModel')
 5 SYSTEMPATH\CodeIgniter.php(933): SysAdmin\Controllers\Article->index()
 6 SYSTEMPATH\CodeIgniter.php(507): CodeIgniter\CodeIgniter->runController(Object(SysAdmin\Controllers\Article))
 7 SYSTEMPATH\CodeIgniter.php(354): CodeIgniter\CodeIgniter->handleRequest(null, Object(Config\Cache), false)
 8 SYSTEMPATH\Boot.php(334): CodeIgniter\CodeIgniter->run()
 9 SYSTEMPATH\Boot.php(67): CodeIgniter\Boot::runCodeIgniter(Object(CodeIgniter\CodeIgniter))
10 FCPATH\index.php(56): CodeIgniter\Boot::bootWeb(Object(Config\Paths))
WARNING - 2025-03-21 07:54:24 --> [DEPRECATED] Optional parameter $sarray declared before required parameter $id is implicitly treated as a required parameter in ROOTPATH\SysAdmin\Models\NavModel.php on line 25.
 1 SYSTEMPATH\Autoloader\Autoloader.php(316): include_once('E:\\web\\XAMPP\\htdocs\\test\\system\\Debug\\Exceptions.php')
 2 SYSTEMPATH\Autoloader\Autoloader.php(295): CodeIgniter\Autoloader\Autoloader->includeFile('E:\\web\\XAMPP\\htdocs\\test\\SysAdmin\\Models\\NavModel.php')
 3 SYSTEMPATH\Autoloader\Autoloader.php(271): CodeIgniter\Autoloader\Autoloader->loadInNamespace('SysAdmin\\Models\\NavModel')
 4 ROOTPATH\SysAdmin\Controllers\Article.php(30): CodeIgniter\Autoloader\Autoloader->loadClass('SysAdmin\\Models\\NavModel')
 5 SYSTEMPATH\CodeIgniter.php(933): SysAdmin\Controllers\Article->index()
 6 SYSTEMPATH\CodeIgniter.php(507): CodeIgniter\CodeIgniter->runController(Object(SysAdmin\Controllers\Article))
 7 SYSTEMPATH\CodeIgniter.php(354): CodeIgniter\CodeIgniter->handleRequest(null, Object(Config\Cache), false)
 8 SYSTEMPATH\Boot.php(334): CodeIgniter\CodeIgniter->run()
 9 SYSTEMPATH\Boot.php(67): CodeIgniter\Boot::runCodeIgniter(Object(CodeIgniter\CodeIgniter))
10 FCPATH\index.php(56): CodeIgniter\Boot::bootWeb(Object(Config\Paths))
DEBUG - 2025-03-21 07:54:27 --> Session: Class initialized using 'CodeIgniter\Session\Handlers\FileHandler' driver.
WARNING - 2025-03-21 07:54:27 --> [DEPRECATED] Creation of dynamic property SysAdmin\Controllers\Nav::$session is deprecated in ROOTPATH\SysAdmin\Controllers\BaseController.php on line 51.
 1 ROOTPATH\SysAdmin\Controllers\Nav.php(8): SysAdmin\Controllers\BaseController->__construct()
 2 SYSTEMPATH\CodeIgniter.php(903): SysAdmin\Controllers\Nav->__construct()
 3 SYSTEMPATH\CodeIgniter.php(498): CodeIgniter\CodeIgniter->createController()
 4 SYSTEMPATH\CodeIgniter.php(354): CodeIgniter\CodeIgniter->handleRequest(null, Object(Config\Cache), false)
 5 SYSTEMPATH\Boot.php(334): CodeIgniter\CodeIgniter->run()
 6 SYSTEMPATH\Boot.php(67): CodeIgniter\Boot::runCodeIgniter(Object(CodeIgniter\CodeIgniter))
 7 FCPATH\index.php(56): CodeIgniter\Boot::bootWeb(Object(Config\Paths))
WARNING - 2025-03-21 07:54:27 --> [DEPRECATED] Creation of dynamic property SysAdmin\Controllers\Nav::$encrypter is deprecated in ROOTPATH\SysAdmin\Controllers\BaseController.php on line 52.
 1 ROOTPATH\SysAdmin\Controllers\Nav.php(8): SysAdmin\Controllers\BaseController->__construct()
 2 SYSTEMPATH\CodeIgniter.php(903): SysAdmin\Controllers\Nav->__construct()
 3 SYSTEMPATH\CodeIgniter.php(498): CodeIgniter\CodeIgniter->createController()
 4 SYSTEMPATH\CodeIgniter.php(354): CodeIgniter\CodeIgniter->handleRequest(null, Object(Config\Cache), false)
 5 SYSTEMPATH\Boot.php(334): CodeIgniter\CodeIgniter->run()
 6 SYSTEMPATH\Boot.php(67): CodeIgniter\Boot::runCodeIgniter(Object(CodeIgniter\CodeIgniter))
 7 FCPATH\index.php(56): CodeIgniter\Boot::bootWeb(Object(Config\Paths))
WARNING - 2025-03-21 07:54:27 --> [DEPRECATED] Creation of dynamic property SysAdmin\Controllers\Nav::$nav_mold is deprecated in ROOTPATH\SysAdmin\Controllers\Nav.php on line 9.
 1 SYSTEMPATH\CodeIgniter.php(903): SysAdmin\Controllers\Nav->__construct()
 2 SYSTEMPATH\CodeIgniter.php(498): CodeIgniter\CodeIgniter->createController()
 3 SYSTEMPATH\CodeIgniter.php(354): CodeIgniter\CodeIgniter->handleRequest(null, Object(Config\Cache), false)
 4 SYSTEMPATH\Boot.php(334): CodeIgniter\CodeIgniter->run()
 5 SYSTEMPATH\Boot.php(67): CodeIgniter\Boot::runCodeIgniter(Object(CodeIgniter\CodeIgniter))
 6 FCPATH\index.php(56): CodeIgniter\Boot::bootWeb(Object(Config\Paths))
WARNING - 2025-03-21 07:54:27 --> [DEPRECATED] Optional parameter $sarray declared before required parameter $id is implicitly treated as a required parameter in ROOTPATH\SysAdmin\Models\NavModel.php on line 17.
 1 SYSTEMPATH\Autoloader\Autoloader.php(316): include_once('E:\\web\\XAMPP\\htdocs\\test\\system\\Debug\\Exceptions.php')
 2 SYSTEMPATH\Autoloader\Autoloader.php(295): CodeIgniter\Autoloader\Autoloader->includeFile('E:\\web\\XAMPP\\htdocs\\test\\SysAdmin\\Models\\NavModel.php')
 3 SYSTEMPATH\Autoloader\Autoloader.php(271): CodeIgniter\Autoloader\Autoloader->loadInNamespace('SysAdmin\\Models\\NavModel')
 4 ROOTPATH\SysAdmin\Controllers\Nav.php(24): CodeIgniter\Autoloader\Autoloader->loadClass('SysAdmin\\Models\\NavModel')
 5 SYSTEMPATH\CodeIgniter.php(933): SysAdmin\Controllers\Nav->index()
 6 SYSTEMPATH\CodeIgniter.php(507): CodeIgniter\CodeIgniter->runController(Object(SysAdmin\Controllers\Nav))
 7 SYSTEMPATH\CodeIgniter.php(354): CodeIgniter\CodeIgniter->handleRequest(null, Object(Config\Cache), false)
 8 SYSTEMPATH\Boot.php(334): CodeIgniter\CodeIgniter->run()
 9 SYSTEMPATH\Boot.php(67): CodeIgniter\Boot::runCodeIgniter(Object(CodeIgniter\CodeIgniter))
10 FCPATH\index.php(56): CodeIgniter\Boot::bootWeb(Object(Config\Paths))
WARNING - 2025-03-21 07:54:27 --> [DEPRECATED] Optional parameter $sarray declared before required parameter $id is implicitly treated as a required parameter in ROOTPATH\SysAdmin\Models\NavModel.php on line 25.
 1 SYSTEMPATH\Autoloader\Autoloader.php(316): include_once('E:\\web\\XAMPP\\htdocs\\test\\system\\Debug\\Exceptions.php')
 2 SYSTEMPATH\Autoloader\Autoloader.php(295): CodeIgniter\Autoloader\Autoloader->includeFile('E:\\web\\XAMPP\\htdocs\\test\\SysAdmin\\Models\\NavModel.php')
 3 SYSTEMPATH\Autoloader\Autoloader.php(271): CodeIgniter\Autoloader\Autoloader->loadInNamespace('SysAdmin\\Models\\NavModel')
 4 ROOTPATH\SysAdmin\Controllers\Nav.php(24): CodeIgniter\Autoloader\Autoloader->loadClass('SysAdmin\\Models\\NavModel')
 5 SYSTEMPATH\CodeIgniter.php(933): SysAdmin\Controllers\Nav->index()
 6 SYSTEMPATH\CodeIgniter.php(507): CodeIgniter\CodeIgniter->runController(Object(SysAdmin\Controllers\Nav))
 7 SYSTEMPATH\CodeIgniter.php(354): CodeIgniter\CodeIgniter->handleRequest(null, Object(Config\Cache), false)
 8 SYSTEMPATH\Boot.php(334): CodeIgniter\CodeIgniter->run()
 9 SYSTEMPATH\Boot.php(67): CodeIgniter\Boot::runCodeIgniter(Object(CodeIgniter\CodeIgniter))
10 FCPATH\index.php(56): CodeIgniter\Boot::bootWeb(Object(Config\Paths))
DEBUG - 2025-03-21 07:55:39 --> Session: Class initialized using 'CodeIgniter\Session\Handlers\FileHandler' driver.
WARNING - 2025-03-21 07:55:39 --> [DEPRECATED] Creation of dynamic property SysAdmin\Controllers\Article::$session is deprecated in ROOTPATH\SysAdmin\Controllers\BaseController.php on line 51.
 1 ROOTPATH\SysAdmin\Controllers\Article.php(10): SysAdmin\Controllers\BaseController->__construct()
 2 SYSTEMPATH\CodeIgniter.php(903): SysAdmin\Controllers\Article->__construct()
 3 SYSTEMPATH\CodeIgniter.php(498): CodeIgniter\CodeIgniter->createController()
 4 SYSTEMPATH\CodeIgniter.php(354): CodeIgniter\CodeIgniter->handleRequest(null, Object(Config\Cache), false)
 5 SYSTEMPATH\Boot.php(334): CodeIgniter\CodeIgniter->run()
 6 SYSTEMPATH\Boot.php(67): CodeIgniter\Boot::runCodeIgniter(Object(CodeIgniter\CodeIgniter))
 7 FCPATH\index.php(56): CodeIgniter\Boot::bootWeb(Object(Config\Paths))
WARNING - 2025-03-21 07:55:39 --> [DEPRECATED] Creation of dynamic property SysAdmin\Controllers\Article::$encrypter is deprecated in ROOTPATH\SysAdmin\Controllers\BaseController.php on line 52.
 1 ROOTPATH\SysAdmin\Controllers\Article.php(10): SysAdmin\Controllers\BaseController->__construct()
 2 SYSTEMPATH\CodeIgniter.php(903): SysAdmin\Controllers\Article->__construct()
 3 SYSTEMPATH\CodeIgniter.php(498): CodeIgniter\CodeIgniter->createController()
 4 SYSTEMPATH\CodeIgniter.php(354): CodeIgniter\CodeIgniter->handleRequest(null, Object(Config\Cache), false)
 5 SYSTEMPATH\Boot.php(334): CodeIgniter\CodeIgniter->run()
 6 SYSTEMPATH\Boot.php(67): CodeIgniter\Boot::runCodeIgniter(Object(CodeIgniter\CodeIgniter))
 7 FCPATH\index.php(56): CodeIgniter\Boot::bootWeb(Object(Config\Paths))
WARNING - 2025-03-21 07:55:39 --> [DEPRECATED] Creation of dynamic property SysAdmin\Controllers\Article::$nav_mold is deprecated in ROOTPATH\SysAdmin\Controllers\Article.php on line 11.
 1 SYSTEMPATH\CodeIgniter.php(903): SysAdmin\Controllers\Article->__construct()
 2 SYSTEMPATH\CodeIgniter.php(498): CodeIgniter\CodeIgniter->createController()
 3 SYSTEMPATH\CodeIgniter.php(354): CodeIgniter\CodeIgniter->handleRequest(null, Object(Config\Cache), false)
 4 SYSTEMPATH\Boot.php(334): CodeIgniter\CodeIgniter->run()
 5 SYSTEMPATH\Boot.php(67): CodeIgniter\Boot::runCodeIgniter(Object(CodeIgniter\CodeIgniter))
 6 FCPATH\index.php(56): CodeIgniter\Boot::bootWeb(Object(Config\Paths))
WARNING - 2025-03-21 07:55:39 --> [DEPRECATED] trim(): Passing null to parameter #1 ($string) of type string is deprecated in ROOTPATH\SysAdmin\Controllers\Article.php on line 55.
 1 ROOTPATH\SysAdmin\Controllers\Article.php(55): trim(null)
 2 ROOTPATH\SysAdmin\Controllers\Article.php(26): SysAdmin\Controllers\Article->condition()
 3 SYSTEMPATH\CodeIgniter.php(933): SysAdmin\Controllers\Article->index()
 4 SYSTEMPATH\CodeIgniter.php(507): CodeIgniter\CodeIgniter->runController(Object(SysAdmin\Controllers\Article))
 5 SYSTEMPATH\CodeIgniter.php(354): CodeIgniter\CodeIgniter->handleRequest(null, Object(Config\Cache), false)
 6 SYSTEMPATH\Boot.php(334): CodeIgniter\CodeIgniter->run()
 7 SYSTEMPATH\Boot.php(67): CodeIgniter\Boot::runCodeIgniter(Object(CodeIgniter\CodeIgniter))
 8 FCPATH\index.php(56): CodeIgniter\Boot::bootWeb(Object(Config\Paths))
WARNING - 2025-03-21 07:55:39 --> [DEPRECATED] trim(): Passing null to parameter #1 ($string) of type string is deprecated in ROOTPATH\SysAdmin\Controllers\Article.php on line 59.
 1 ROOTPATH\SysAdmin\Controllers\Article.php(59): trim(null)
 2 ROOTPATH\SysAdmin\Controllers\Article.php(26): SysAdmin\Controllers\Article->condition()
 3 SYSTEMPATH\CodeIgniter.php(933): SysAdmin\Controllers\Article->index()
 4 SYSTEMPATH\CodeIgniter.php(507): CodeIgniter\CodeIgniter->runController(Object(SysAdmin\Controllers\Article))
 5 SYSTEMPATH\CodeIgniter.php(354): CodeIgniter\CodeIgniter->handleRequest(null, Object(Config\Cache), false)
 6 SYSTEMPATH\Boot.php(334): CodeIgniter\CodeIgniter->run()
 7 SYSTEMPATH\Boot.php(67): CodeIgniter\Boot::runCodeIgniter(Object(CodeIgniter\CodeIgniter))
 8 FCPATH\index.php(56): CodeIgniter\Boot::bootWeb(Object(Config\Paths))
WARNING - 2025-03-21 07:55:39 --> [DEPRECATED] trim(): Passing null to parameter #1 ($string) of type string is deprecated in ROOTPATH\SysAdmin\Controllers\Article.php on line 63.
 1 ROOTPATH\SysAdmin\Controllers\Article.php(63): trim(null)
 2 ROOTPATH\SysAdmin\Controllers\Article.php(26): SysAdmin\Controllers\Article->condition()
 3 SYSTEMPATH\CodeIgniter.php(933): SysAdmin\Controllers\Article->index()
 4 SYSTEMPATH\CodeIgniter.php(507): CodeIgniter\CodeIgniter->runController(Object(SysAdmin\Controllers\Article))
 5 SYSTEMPATH\CodeIgniter.php(354): CodeIgniter\CodeIgniter->handleRequest(null, Object(Config\Cache), false)
 6 SYSTEMPATH\Boot.php(334): CodeIgniter\CodeIgniter->run()
 7 SYSTEMPATH\Boot.php(67): CodeIgniter\Boot::runCodeIgniter(Object(CodeIgniter\CodeIgniter))
 8 FCPATH\index.php(56): CodeIgniter\Boot::bootWeb(Object(Config\Paths))
WARNING - 2025-03-21 07:55:39 --> [DEPRECATED] trim(): Passing null to parameter #1 ($string) of type string is deprecated in ROOTPATH\SysAdmin\Controllers\Article.php on line 67.
 1 ROOTPATH\SysAdmin\Controllers\Article.php(67): trim(null)
 2 ROOTPATH\SysAdmin\Controllers\Article.php(26): SysAdmin\Controllers\Article->condition()
 3 SYSTEMPATH\CodeIgniter.php(933): SysAdmin\Controllers\Article->index()
 4 SYSTEMPATH\CodeIgniter.php(507): CodeIgniter\CodeIgniter->runController(Object(SysAdmin\Controllers\Article))
 5 SYSTEMPATH\CodeIgniter.php(354): CodeIgniter\CodeIgniter->handleRequest(null, Object(Config\Cache), false)
 6 SYSTEMPATH\Boot.php(334): CodeIgniter\CodeIgniter->run()
 7 SYSTEMPATH\Boot.php(67): CodeIgniter\Boot::runCodeIgniter(Object(CodeIgniter\CodeIgniter))
 8 FCPATH\index.php(56): CodeIgniter\Boot::bootWeb(Object(Config\Paths))
WARNING - 2025-03-21 07:55:39 --> [DEPRECATED] trim(): Passing null to parameter #1 ($string) of type string is deprecated in ROOTPATH\SysAdmin\Controllers\Article.php on line 71.
 1 ROOTPATH\SysAdmin\Controllers\Article.php(71): trim(null)
 2 ROOTPATH\SysAdmin\Controllers\Article.php(26): SysAdmin\Controllers\Article->condition()
 3 SYSTEMPATH\CodeIgniter.php(933): SysAdmin\Controllers\Article->index()
 4 SYSTEMPATH\CodeIgniter.php(507): CodeIgniter\CodeIgniter->runController(Object(SysAdmin\Controllers\Article))
 5 SYSTEMPATH\CodeIgniter.php(354): CodeIgniter\CodeIgniter->handleRequest(null, Object(Config\Cache), false)
 6 SYSTEMPATH\Boot.php(334): CodeIgniter\CodeIgniter->run()
 7 SYSTEMPATH\Boot.php(67): CodeIgniter\Boot::runCodeIgniter(Object(CodeIgniter\CodeIgniter))
 8 FCPATH\index.php(56): CodeIgniter\Boot::bootWeb(Object(Config\Paths))
WARNING - 2025-03-21 07:55:39 --> [DEPRECATED] Optional parameter $id declared before required parameter $content is implicitly treated as a required parameter in ROOTPATH\SysAdmin\Models\ArticleModel.php on line 34.
 1 SYSTEMPATH\Autoloader\Autoloader.php(316): include_once('E:\\web\\XAMPP\\htdocs\\test\\system\\Debug\\Exceptions.php')
 2 SYSTEMPATH\Autoloader\Autoloader.php(295): CodeIgniter\Autoloader\Autoloader->includeFile('E:\\web\\XAMPP\\htdocs\\test\\SysAdmin\\Models\\ArticleModel.php')
 3 SYSTEMPATH\Autoloader\Autoloader.php(271): CodeIgniter\Autoloader\Autoloader->loadInNamespace('SysAdmin\\Models\\ArticleModel')
 4 ROOTPATH\SysAdmin\Controllers\Article.php(29): CodeIgniter\Autoloader\Autoloader->loadClass('SysAdmin\\Models\\ArticleModel')
 5 SYSTEMPATH\CodeIgniter.php(933): SysAdmin\Controllers\Article->index()
 6 SYSTEMPATH\CodeIgniter.php(507): CodeIgniter\CodeIgniter->runController(Object(SysAdmin\Controllers\Article))
 7 SYSTEMPATH\CodeIgniter.php(354): CodeIgniter\CodeIgniter->handleRequest(null, Object(Config\Cache), false)
 8 SYSTEMPATH\Boot.php(334): CodeIgniter\CodeIgniter->run()
 9 SYSTEMPATH\Boot.php(67): CodeIgniter\Boot::runCodeIgniter(Object(CodeIgniter\CodeIgniter))
10 FCPATH\index.php(56): CodeIgniter\Boot::bootWeb(Object(Config\Paths))
WARNING - 2025-03-21 07:55:39 --> [DEPRECATED] Optional parameter $sarray declared before required parameter $id is implicitly treated as a required parameter in ROOTPATH\SysAdmin\Models\NavModel.php on line 17.
 1 SYSTEMPATH\Autoloader\Autoloader.php(316): include_once('E:\\web\\XAMPP\\htdocs\\test\\system\\Debug\\Exceptions.php')
 2 SYSTEMPATH\Autoloader\Autoloader.php(295): CodeIgniter\Autoloader\Autoloader->includeFile('E:\\web\\XAMPP\\htdocs\\test\\SysAdmin\\Models\\NavModel.php')
 3 SYSTEMPATH\Autoloader\Autoloader.php(271): CodeIgniter\Autoloader\Autoloader->loadInNamespace('SysAdmin\\Models\\NavModel')
 4 ROOTPATH\SysAdmin\Controllers\Article.php(30): CodeIgniter\Autoloader\Autoloader->loadClass('SysAdmin\\Models\\NavModel')
 5 SYSTEMPATH\CodeIgniter.php(933): SysAdmin\Controllers\Article->index()
 6 SYSTEMPATH\CodeIgniter.php(507): CodeIgniter\CodeIgniter->runController(Object(SysAdmin\Controllers\Article))
 7 SYSTEMPATH\CodeIgniter.php(354): CodeIgniter\CodeIgniter->handleRequest(null, Object(Config\Cache), false)
 8 SYSTEMPATH\Boot.php(334): CodeIgniter\CodeIgniter->run()
 9 SYSTEMPATH\Boot.php(67): CodeIgniter\Boot::runCodeIgniter(Object(CodeIgniter\CodeIgniter))
10 FCPATH\index.php(56): CodeIgniter\Boot::bootWeb(Object(Config\Paths))
WARNING - 2025-03-21 07:55:39 --> [DEPRECATED] Optional parameter $sarray declared before required parameter $id is implicitly treated as a required parameter in ROOTPATH\SysAdmin\Models\NavModel.php on line 25.
 1 SYSTEMPATH\Autoloader\Autoloader.php(316): include_once('E:\\web\\XAMPP\\htdocs\\test\\system\\Debug\\Exceptions.php')
 2 SYSTEMPATH\Autoloader\Autoloader.php(295): CodeIgniter\Autoloader\Autoloader->includeFile('E:\\web\\XAMPP\\htdocs\\test\\SysAdmin\\Models\\NavModel.php')
 3 SYSTEMPATH\Autoloader\Autoloader.php(271): CodeIgniter\Autoloader\Autoloader->loadInNamespace('SysAdmin\\Models\\NavModel')
 4 ROOTPATH\SysAdmin\Controllers\Article.php(30): CodeIgniter\Autoloader\Autoloader->loadClass('SysAdmin\\Models\\NavModel')
 5 SYSTEMPATH\CodeIgniter.php(933): SysAdmin\Controllers\Article->index()
 6 SYSTEMPATH\CodeIgniter.php(507): CodeIgniter\CodeIgniter->runController(Object(SysAdmin\Controllers\Article))
 7 SYSTEMPATH\CodeIgniter.php(354): CodeIgniter\CodeIgniter->handleRequest(null, Object(Config\Cache), false)
 8 SYSTEMPATH\Boot.php(334): CodeIgniter\CodeIgniter->run()
 9 SYSTEMPATH\Boot.php(67): CodeIgniter\Boot::runCodeIgniter(Object(CodeIgniter\CodeIgniter))
10 FCPATH\index.php(56): CodeIgniter\Boot::bootWeb(Object(Config\Paths))
DEBUG - 2025-03-21 07:55:42 --> Session: Class initialized using 'CodeIgniter\Session\Handlers\FileHandler' driver.
WARNING - 2025-03-21 07:55:42 --> [DEPRECATED] Creation of dynamic property SysAdmin\Controllers\imgArticle::$session is deprecated in ROOTPATH\SysAdmin\Controllers\BaseController.php on line 51.
 1 ROOTPATH\SysAdmin\Controllers\imgArticle.php(10): SysAdmin\Controllers\BaseController->__construct()
 2 SYSTEMPATH\CodeIgniter.php(903): SysAdmin\Controllers\imgArticle->__construct()
 3 SYSTEMPATH\CodeIgniter.php(498): CodeIgniter\CodeIgniter->createController()
 4 SYSTEMPATH\CodeIgniter.php(354): CodeIgniter\CodeIgniter->handleRequest(null, Object(Config\Cache), false)
 5 SYSTEMPATH\Boot.php(334): CodeIgniter\CodeIgniter->run()
 6 SYSTEMPATH\Boot.php(67): CodeIgniter\Boot::runCodeIgniter(Object(CodeIgniter\CodeIgniter))
 7 FCPATH\index.php(56): CodeIgniter\Boot::bootWeb(Object(Config\Paths))
WARNING - 2025-03-21 07:55:42 --> [DEPRECATED] Creation of dynamic property SysAdmin\Controllers\imgArticle::$encrypter is deprecated in ROOTPATH\SysAdmin\Controllers\BaseController.php on line 52.
 1 ROOTPATH\SysAdmin\Controllers\imgArticle.php(10): SysAdmin\Controllers\BaseController->__construct()
 2 SYSTEMPATH\CodeIgniter.php(903): SysAdmin\Controllers\imgArticle->__construct()
 3 SYSTEMPATH\CodeIgniter.php(498): CodeIgniter\CodeIgniter->createController()
 4 SYSTEMPATH\CodeIgniter.php(354): CodeIgniter\CodeIgniter->handleRequest(null, Object(Config\Cache), false)
 5 SYSTEMPATH\Boot.php(334): CodeIgniter\CodeIgniter->run()
 6 SYSTEMPATH\Boot.php(67): CodeIgniter\Boot::runCodeIgniter(Object(CodeIgniter\CodeIgniter))
 7 FCPATH\index.php(56): CodeIgniter\Boot::bootWeb(Object(Config\Paths))
WARNING - 2025-03-21 07:55:42 --> [DEPRECATED] Creation of dynamic property SysAdmin\Controllers\imgArticle::$nav_mold is deprecated in ROOTPATH\SysAdmin\Controllers\imgArticle.php on line 11.
 1 SYSTEMPATH\CodeIgniter.php(903): SysAdmin\Controllers\imgArticle->__construct()
 2 SYSTEMPATH\CodeIgniter.php(498): CodeIgniter\CodeIgniter->createController()
 3 SYSTEMPATH\CodeIgniter.php(354): CodeIgniter\CodeIgniter->handleRequest(null, Object(Config\Cache), false)
 4 SYSTEMPATH\Boot.php(334): CodeIgniter\CodeIgniter->run()
 5 SYSTEMPATH\Boot.php(67): CodeIgniter\Boot::runCodeIgniter(Object(CodeIgniter\CodeIgniter))
 6 FCPATH\index.php(56): CodeIgniter\Boot::bootWeb(Object(Config\Paths))
WARNING - 2025-03-21 07:55:42 --> [DEPRECATED] trim(): Passing null to parameter #1 ($string) of type string is deprecated in ROOTPATH\SysAdmin\Controllers\imgArticle.php on line 57.
 1 ROOTPATH\SysAdmin\Controllers\imgArticle.php(57): trim(null)
 2 ROOTPATH\SysAdmin\Controllers\imgArticle.php(26): SysAdmin\Controllers\imgArticle->condition()
 3 SYSTEMPATH\CodeIgniter.php(933): SysAdmin\Controllers\imgArticle->index()
 4 SYSTEMPATH\CodeIgniter.php(507): CodeIgniter\CodeIgniter->runController(Object(SysAdmin\Controllers\imgArticle))
 5 SYSTEMPATH\CodeIgniter.php(354): CodeIgniter\CodeIgniter->handleRequest(null, Object(Config\Cache), false)
 6 SYSTEMPATH\Boot.php(334): CodeIgniter\CodeIgniter->run()
 7 SYSTEMPATH\Boot.php(67): CodeIgniter\Boot::runCodeIgniter(Object(CodeIgniter\CodeIgniter))
 8 FCPATH\index.php(56): CodeIgniter\Boot::bootWeb(Object(Config\Paths))
WARNING - 2025-03-21 07:55:42 --> [DEPRECATED] trim(): Passing null to parameter #1 ($string) of type string is deprecated in ROOTPATH\SysAdmin\Controllers\imgArticle.php on line 61.
 1 ROOTPATH\SysAdmin\Controllers\imgArticle.php(61): trim(null)
 2 ROOTPATH\SysAdmin\Controllers\imgArticle.php(26): SysAdmin\Controllers\imgArticle->condition()
 3 SYSTEMPATH\CodeIgniter.php(933): SysAdmin\Controllers\imgArticle->index()
 4 SYSTEMPATH\CodeIgniter.php(507): CodeIgniter\CodeIgniter->runController(Object(SysAdmin\Controllers\imgArticle))
 5 SYSTEMPATH\CodeIgniter.php(354): CodeIgniter\CodeIgniter->handleRequest(null, Object(Config\Cache), false)
 6 SYSTEMPATH\Boot.php(334): CodeIgniter\CodeIgniter->run()
 7 SYSTEMPATH\Boot.php(67): CodeIgniter\Boot::runCodeIgniter(Object(CodeIgniter\CodeIgniter))
 8 FCPATH\index.php(56): CodeIgniter\Boot::bootWeb(Object(Config\Paths))
WARNING - 2025-03-21 07:55:42 --> [DEPRECATED] trim(): Passing null to parameter #1 ($string) of type string is deprecated in ROOTPATH\SysAdmin\Controllers\imgArticle.php on line 65.
 1 ROOTPATH\SysAdmin\Controllers\imgArticle.php(65): trim(null)
 2 ROOTPATH\SysAdmin\Controllers\imgArticle.php(26): SysAdmin\Controllers\imgArticle->condition()
 3 SYSTEMPATH\CodeIgniter.php(933): SysAdmin\Controllers\imgArticle->index()
 4 SYSTEMPATH\CodeIgniter.php(507): CodeIgniter\CodeIgniter->runController(Object(SysAdmin\Controllers\imgArticle))
 5 SYSTEMPATH\CodeIgniter.php(354): CodeIgniter\CodeIgniter->handleRequest(null, Object(Config\Cache), false)
 6 SYSTEMPATH\Boot.php(334): CodeIgniter\CodeIgniter->run()
 7 SYSTEMPATH\Boot.php(67): CodeIgniter\Boot::runCodeIgniter(Object(CodeIgniter\CodeIgniter))
 8 FCPATH\index.php(56): CodeIgniter\Boot::bootWeb(Object(Config\Paths))
WARNING - 2025-03-21 07:55:42 --> [DEPRECATED] trim(): Passing null to parameter #1 ($string) of type string is deprecated in ROOTPATH\SysAdmin\Controllers\imgArticle.php on line 69.
 1 ROOTPATH\SysAdmin\Controllers\imgArticle.php(69): trim(null)
 2 ROOTPATH\SysAdmin\Controllers\imgArticle.php(26): SysAdmin\Controllers\imgArticle->condition()
 3 SYSTEMPATH\CodeIgniter.php(933): SysAdmin\Controllers\imgArticle->index()
 4 SYSTEMPATH\CodeIgniter.php(507): CodeIgniter\CodeIgniter->runController(Object(SysAdmin\Controllers\imgArticle))
 5 SYSTEMPATH\CodeIgniter.php(354): CodeIgniter\CodeIgniter->handleRequest(null, Object(Config\Cache), false)
 6 SYSTEMPATH\Boot.php(334): CodeIgniter\CodeIgniter->run()
 7 SYSTEMPATH\Boot.php(67): CodeIgniter\Boot::runCodeIgniter(Object(CodeIgniter\CodeIgniter))
 8 FCPATH\index.php(56): CodeIgniter\Boot::bootWeb(Object(Config\Paths))
WARNING - 2025-03-21 07:55:42 --> [DEPRECATED] trim(): Passing null to parameter #1 ($string) of type string is deprecated in ROOTPATH\SysAdmin\Controllers\imgArticle.php on line 73.
 1 ROOTPATH\SysAdmin\Controllers\imgArticle.php(73): trim(null)
 2 ROOTPATH\SysAdmin\Controllers\imgArticle.php(26): SysAdmin\Controllers\imgArticle->condition()
 3 SYSTEMPATH\CodeIgniter.php(933): SysAdmin\Controllers\imgArticle->index()
 4 SYSTEMPATH\CodeIgniter.php(507): CodeIgniter\CodeIgniter->runController(Object(SysAdmin\Controllers\imgArticle))
 5 SYSTEMPATH\CodeIgniter.php(354): CodeIgniter\CodeIgniter->handleRequest(null, Object(Config\Cache), false)
 6 SYSTEMPATH\Boot.php(334): CodeIgniter\CodeIgniter->run()
 7 SYSTEMPATH\Boot.php(67): CodeIgniter\Boot::runCodeIgniter(Object(CodeIgniter\CodeIgniter))
 8 FCPATH\index.php(56): CodeIgniter\Boot::bootWeb(Object(Config\Paths))
WARNING - 2025-03-21 07:55:42 --> [DEPRECATED] Optional parameter $id declared before required parameter $content is implicitly treated as a required parameter in ROOTPATH\SysAdmin\Models\ArticleModel.php on line 34.
 1 SYSTEMPATH\Autoloader\Autoloader.php(316): include_once('E:\\web\\XAMPP\\htdocs\\test\\system\\Debug\\Exceptions.php')
 2 SYSTEMPATH\Autoloader\Autoloader.php(295): CodeIgniter\Autoloader\Autoloader->includeFile('E:\\web\\XAMPP\\htdocs\\test\\SysAdmin\\Models\\ArticleModel.php')
 3 SYSTEMPATH\Autoloader\Autoloader.php(271): CodeIgniter\Autoloader\Autoloader->loadInNamespace('SysAdmin\\Models\\ArticleModel')
 4 ROOTPATH\SysAdmin\Controllers\imgArticle.php(29): CodeIgniter\Autoloader\Autoloader->loadClass('SysAdmin\\Models\\ArticleModel')
 5 SYSTEMPATH\CodeIgniter.php(933): SysAdmin\Controllers\imgArticle->index()
 6 SYSTEMPATH\CodeIgniter.php(507): CodeIgniter\CodeIgniter->runController(Object(SysAdmin\Controllers\imgArticle))
 7 SYSTEMPATH\CodeIgniter.php(354): CodeIgniter\CodeIgniter->handleRequest(null, Object(Config\Cache), false)
 8 SYSTEMPATH\Boot.php(334): CodeIgniter\CodeIgniter->run()
 9 SYSTEMPATH\Boot.php(67): CodeIgniter\Boot::runCodeIgniter(Object(CodeIgniter\CodeIgniter))
10 FCPATH\index.php(56): CodeIgniter\Boot::bootWeb(Object(Config\Paths))
WARNING - 2025-03-21 07:55:42 --> [DEPRECATED] Optional parameter $sarray declared before required parameter $id is implicitly treated as a required parameter in ROOTPATH\SysAdmin\Models\NavModel.php on line 17.
 1 SYSTEMPATH\Autoloader\Autoloader.php(316): include_once('E:\\web\\XAMPP\\htdocs\\test\\system\\Debug\\Exceptions.php')
 2 SYSTEMPATH\Autoloader\Autoloader.php(295): CodeIgniter\Autoloader\Autoloader->includeFile('E:\\web\\XAMPP\\htdocs\\test\\SysAdmin\\Models\\NavModel.php')
 3 SYSTEMPATH\Autoloader\Autoloader.php(271): CodeIgniter\Autoloader\Autoloader->loadInNamespace('SysAdmin\\Models\\NavModel')
 4 ROOTPATH\SysAdmin\Controllers\imgArticle.php(30): CodeIgniter\Autoloader\Autoloader->loadClass('SysAdmin\\Models\\NavModel')
 5 SYSTEMPATH\CodeIgniter.php(933): SysAdmin\Controllers\imgArticle->index()
 6 SYSTEMPATH\CodeIgniter.php(507): CodeIgniter\CodeIgniter->runController(Object(SysAdmin\Controllers\imgArticle))
 7 SYSTEMPATH\CodeIgniter.php(354): CodeIgniter\CodeIgniter->handleRequest(null, Object(Config\Cache), false)
 8 SYSTEMPATH\Boot.php(334): CodeIgniter\CodeIgniter->run()
 9 SYSTEMPATH\Boot.php(67): CodeIgniter\Boot::runCodeIgniter(Object(CodeIgniter\CodeIgniter))
10 FCPATH\index.php(56): CodeIgniter\Boot::bootWeb(Object(Config\Paths))
WARNING - 2025-03-21 07:55:42 --> [DEPRECATED] Optional parameter $sarray declared before required parameter $id is implicitly treated as a required parameter in ROOTPATH\SysAdmin\Models\NavModel.php on line 25.
 1 SYSTEMPATH\Autoloader\Autoloader.php(316): include_once('E:\\web\\XAMPP\\htdocs\\test\\system\\Debug\\Exceptions.php')
 2 SYSTEMPATH\Autoloader\Autoloader.php(295): CodeIgniter\Autoloader\Autoloader->includeFile('E:\\web\\XAMPP\\htdocs\\test\\SysAdmin\\Models\\NavModel.php')
 3 SYSTEMPATH\Autoloader\Autoloader.php(271): CodeIgniter\Autoloader\Autoloader->loadInNamespace('SysAdmin\\Models\\NavModel')
 4 ROOTPATH\SysAdmin\Controllers\imgArticle.php(30): CodeIgniter\Autoloader\Autoloader->loadClass('SysAdmin\\Models\\NavModel')
 5 SYSTEMPATH\CodeIgniter.php(933): SysAdmin\Controllers\imgArticle->index()
 6 SYSTEMPATH\CodeIgniter.php(507): CodeIgniter\CodeIgniter->runController(Object(SysAdmin\Controllers\imgArticle))
 7 SYSTEMPATH\CodeIgniter.php(354): CodeIgniter\CodeIgniter->handleRequest(null, Object(Config\Cache), false)
 8 SYSTEMPATH\Boot.php(334): CodeIgniter\CodeIgniter->run()
 9 SYSTEMPATH\Boot.php(67): CodeIgniter\Boot::runCodeIgniter(Object(CodeIgniter\CodeIgniter))
10 FCPATH\index.php(56): CodeIgniter\Boot::bootWeb(Object(Config\Paths))
DEBUG - 2025-03-21 07:55:45 --> Session: Class initialized using 'CodeIgniter\Session\Handlers\FileHandler' driver.
WARNING - 2025-03-21 07:55:45 --> [DEPRECATED] Creation of dynamic property SysAdmin\Controllers\Article::$session is deprecated in ROOTPATH\SysAdmin\Controllers\BaseController.php on line 51.
 1 ROOTPATH\SysAdmin\Controllers\Article.php(10): SysAdmin\Controllers\BaseController->__construct()
 2 SYSTEMPATH\CodeIgniter.php(903): SysAdmin\Controllers\Article->__construct()
 3 SYSTEMPATH\CodeIgniter.php(498): CodeIgniter\CodeIgniter->createController()
 4 SYSTEMPATH\CodeIgniter.php(354): CodeIgniter\CodeIgniter->handleRequest(null, Object(Config\Cache), false)
 5 SYSTEMPATH\Boot.php(334): CodeIgniter\CodeIgniter->run()
 6 SYSTEMPATH\Boot.php(67): CodeIgniter\Boot::runCodeIgniter(Object(CodeIgniter\CodeIgniter))
 7 FCPATH\index.php(56): CodeIgniter\Boot::bootWeb(Object(Config\Paths))
WARNING - 2025-03-21 07:55:45 --> [DEPRECATED] Creation of dynamic property SysAdmin\Controllers\Article::$encrypter is deprecated in ROOTPATH\SysAdmin\Controllers\BaseController.php on line 52.
 1 ROOTPATH\SysAdmin\Controllers\Article.php(10): SysAdmin\Controllers\BaseController->__construct()
 2 SYSTEMPATH\CodeIgniter.php(903): SysAdmin\Controllers\Article->__construct()
 3 SYSTEMPATH\CodeIgniter.php(498): CodeIgniter\CodeIgniter->createController()
 4 SYSTEMPATH\CodeIgniter.php(354): CodeIgniter\CodeIgniter->handleRequest(null, Object(Config\Cache), false)
 5 SYSTEMPATH\Boot.php(334): CodeIgniter\CodeIgniter->run()
 6 SYSTEMPATH\Boot.php(67): CodeIgniter\Boot::runCodeIgniter(Object(CodeIgniter\CodeIgniter))
 7 FCPATH\index.php(56): CodeIgniter\Boot::bootWeb(Object(Config\Paths))
WARNING - 2025-03-21 07:55:45 --> [DEPRECATED] Creation of dynamic property SysAdmin\Controllers\Article::$nav_mold is deprecated in ROOTPATH\SysAdmin\Controllers\Article.php on line 11.
 1 SYSTEMPATH\CodeIgniter.php(903): SysAdmin\Controllers\Article->__construct()
 2 SYSTEMPATH\CodeIgniter.php(498): CodeIgniter\CodeIgniter->createController()
 3 SYSTEMPATH\CodeIgniter.php(354): CodeIgniter\CodeIgniter->handleRequest(null, Object(Config\Cache), false)
 4 SYSTEMPATH\Boot.php(334): CodeIgniter\CodeIgniter->run()
 5 SYSTEMPATH\Boot.php(67): CodeIgniter\Boot::runCodeIgniter(Object(CodeIgniter\CodeIgniter))
 6 FCPATH\index.php(56): CodeIgniter\Boot::bootWeb(Object(Config\Paths))
WARNING - 2025-03-21 07:55:45 --> [DEPRECATED] trim(): Passing null to parameter #1 ($string) of type string is deprecated in ROOTPATH\SysAdmin\Controllers\Article.php on line 55.
 1 ROOTPATH\SysAdmin\Controllers\Article.php(55): trim(null)
 2 ROOTPATH\SysAdmin\Controllers\Article.php(26): SysAdmin\Controllers\Article->condition()
 3 SYSTEMPATH\CodeIgniter.php(933): SysAdmin\Controllers\Article->index()
 4 SYSTEMPATH\CodeIgniter.php(507): CodeIgniter\CodeIgniter->runController(Object(SysAdmin\Controllers\Article))
 5 SYSTEMPATH\CodeIgniter.php(354): CodeIgniter\CodeIgniter->handleRequest(null, Object(Config\Cache), false)
 6 SYSTEMPATH\Boot.php(334): CodeIgniter\CodeIgniter->run()
 7 SYSTEMPATH\Boot.php(67): CodeIgniter\Boot::runCodeIgniter(Object(CodeIgniter\CodeIgniter))
 8 FCPATH\index.php(56): CodeIgniter\Boot::bootWeb(Object(Config\Paths))
WARNING - 2025-03-21 07:55:45 --> [DEPRECATED] trim(): Passing null to parameter #1 ($string) of type string is deprecated in ROOTPATH\SysAdmin\Controllers\Article.php on line 59.
 1 ROOTPATH\SysAdmin\Controllers\Article.php(59): trim(null)
 2 ROOTPATH\SysAdmin\Controllers\Article.php(26): SysAdmin\Controllers\Article->condition()
 3 SYSTEMPATH\CodeIgniter.php(933): SysAdmin\Controllers\Article->index()
 4 SYSTEMPATH\CodeIgniter.php(507): CodeIgniter\CodeIgniter->runController(Object(SysAdmin\Controllers\Article))
 5 SYSTEMPATH\CodeIgniter.php(354): CodeIgniter\CodeIgniter->handleRequest(null, Object(Config\Cache), false)
 6 SYSTEMPATH\Boot.php(334): CodeIgniter\CodeIgniter->run()
 7 SYSTEMPATH\Boot.php(67): CodeIgniter\Boot::runCodeIgniter(Object(CodeIgniter\CodeIgniter))
 8 FCPATH\index.php(56): CodeIgniter\Boot::bootWeb(Object(Config\Paths))
WARNING - 2025-03-21 07:55:45 --> [DEPRECATED] trim(): Passing null to parameter #1 ($string) of type string is deprecated in ROOTPATH\SysAdmin\Controllers\Article.php on line 63.
 1 ROOTPATH\SysAdmin\Controllers\Article.php(63): trim(null)
 2 ROOTPATH\SysAdmin\Controllers\Article.php(26): SysAdmin\Controllers\Article->condition()
 3 SYSTEMPATH\CodeIgniter.php(933): SysAdmin\Controllers\Article->index()
 4 SYSTEMPATH\CodeIgniter.php(507): CodeIgniter\CodeIgniter->runController(Object(SysAdmin\Controllers\Article))
 5 SYSTEMPATH\CodeIgniter.php(354): CodeIgniter\CodeIgniter->handleRequest(null, Object(Config\Cache), false)
 6 SYSTEMPATH\Boot.php(334): CodeIgniter\CodeIgniter->run()
 7 SYSTEMPATH\Boot.php(67): CodeIgniter\Boot::runCodeIgniter(Object(CodeIgniter\CodeIgniter))
 8 FCPATH\index.php(56): CodeIgniter\Boot::bootWeb(Object(Config\Paths))
WARNING - 2025-03-21 07:55:45 --> [DEPRECATED] trim(): Passing null to parameter #1 ($string) of type string is deprecated in ROOTPATH\SysAdmin\Controllers\Article.php on line 67.
 1 ROOTPATH\SysAdmin\Controllers\Article.php(67): trim(null)
 2 ROOTPATH\SysAdmin\Controllers\Article.php(26): SysAdmin\Controllers\Article->condition()
 3 SYSTEMPATH\CodeIgniter.php(933): SysAdmin\Controllers\Article->index()
 4 SYSTEMPATH\CodeIgniter.php(507): CodeIgniter\CodeIgniter->runController(Object(SysAdmin\Controllers\Article))
 5 SYSTEMPATH\CodeIgniter.php(354): CodeIgniter\CodeIgniter->handleRequest(null, Object(Config\Cache), false)
 6 SYSTEMPATH\Boot.php(334): CodeIgniter\CodeIgniter->run()
 7 SYSTEMPATH\Boot.php(67): CodeIgniter\Boot::runCodeIgniter(Object(CodeIgniter\CodeIgniter))
 8 FCPATH\index.php(56): CodeIgniter\Boot::bootWeb(Object(Config\Paths))
WARNING - 2025-03-21 07:55:45 --> [DEPRECATED] trim(): Passing null to parameter #1 ($string) of type string is deprecated in ROOTPATH\SysAdmin\Controllers\Article.php on line 71.
 1 ROOTPATH\SysAdmin\Controllers\Article.php(71): trim(null)
 2 ROOTPATH\SysAdmin\Controllers\Article.php(26): SysAdmin\Controllers\Article->condition()
 3 SYSTEMPATH\CodeIgniter.php(933): SysAdmin\Controllers\Article->index()
 4 SYSTEMPATH\CodeIgniter.php(507): CodeIgniter\CodeIgniter->runController(Object(SysAdmin\Controllers\Article))
 5 SYSTEMPATH\CodeIgniter.php(354): CodeIgniter\CodeIgniter->handleRequest(null, Object(Config\Cache), false)
 6 SYSTEMPATH\Boot.php(334): CodeIgniter\CodeIgniter->run()
 7 SYSTEMPATH\Boot.php(67): CodeIgniter\Boot::runCodeIgniter(Object(CodeIgniter\CodeIgniter))
 8 FCPATH\index.php(56): CodeIgniter\Boot::bootWeb(Object(Config\Paths))
WARNING - 2025-03-21 07:55:45 --> [DEPRECATED] Optional parameter $id declared before required parameter $content is implicitly treated as a required parameter in ROOTPATH\SysAdmin\Models\ArticleModel.php on line 34.
 1 SYSTEMPATH\Autoloader\Autoloader.php(316): include_once('E:\\web\\XAMPP\\htdocs\\test\\system\\Debug\\Exceptions.php')
 2 SYSTEMPATH\Autoloader\Autoloader.php(295): CodeIgniter\Autoloader\Autoloader->includeFile('E:\\web\\XAMPP\\htdocs\\test\\SysAdmin\\Models\\ArticleModel.php')
 3 SYSTEMPATH\Autoloader\Autoloader.php(271): CodeIgniter\Autoloader\Autoloader->loadInNamespace('SysAdmin\\Models\\ArticleModel')
 4 ROOTPATH\SysAdmin\Controllers\Article.php(29): CodeIgniter\Autoloader\Autoloader->loadClass('SysAdmin\\Models\\ArticleModel')
 5 SYSTEMPATH\CodeIgniter.php(933): SysAdmin\Controllers\Article->index()
 6 SYSTEMPATH\CodeIgniter.php(507): CodeIgniter\CodeIgniter->runController(Object(SysAdmin\Controllers\Article))
 7 SYSTEMPATH\CodeIgniter.php(354): CodeIgniter\CodeIgniter->handleRequest(null, Object(Config\Cache), false)
 8 SYSTEMPATH\Boot.php(334): CodeIgniter\CodeIgniter->run()
 9 SYSTEMPATH\Boot.php(67): CodeIgniter\Boot::runCodeIgniter(Object(CodeIgniter\CodeIgniter))
10 FCPATH\index.php(56): CodeIgniter\Boot::bootWeb(Object(Config\Paths))
WARNING - 2025-03-21 07:55:45 --> [DEPRECATED] Optional parameter $sarray declared before required parameter $id is implicitly treated as a required parameter in ROOTPATH\SysAdmin\Models\NavModel.php on line 17.
 1 SYSTEMPATH\Autoloader\Autoloader.php(316): include_once('E:\\web\\XAMPP\\htdocs\\test\\system\\Debug\\Exceptions.php')
 2 SYSTEMPATH\Autoloader\Autoloader.php(295): CodeIgniter\Autoloader\Autoloader->includeFile('E:\\web\\XAMPP\\htdocs\\test\\SysAdmin\\Models\\NavModel.php')
 3 SYSTEMPATH\Autoloader\Autoloader.php(271): CodeIgniter\Autoloader\Autoloader->loadInNamespace('SysAdmin\\Models\\NavModel')
 4 ROOTPATH\SysAdmin\Controllers\Article.php(30): CodeIgniter\Autoloader\Autoloader->loadClass('SysAdmin\\Models\\NavModel')
 5 SYSTEMPATH\CodeIgniter.php(933): SysAdmin\Controllers\Article->index()
 6 SYSTEMPATH\CodeIgniter.php(507): CodeIgniter\CodeIgniter->runController(Object(SysAdmin\Controllers\Article))
 7 SYSTEMPATH\CodeIgniter.php(354): CodeIgniter\CodeIgniter->handleRequest(null, Object(Config\Cache), false)
 8 SYSTEMPATH\Boot.php(334): CodeIgniter\CodeIgniter->run()
 9 SYSTEMPATH\Boot.php(67): CodeIgniter\Boot::runCodeIgniter(Object(CodeIgniter\CodeIgniter))
10 FCPATH\index.php(56): CodeIgniter\Boot::bootWeb(Object(Config\Paths))
WARNING - 2025-03-21 07:55:45 --> [DEPRECATED] Optional parameter $sarray declared before required parameter $id is implicitly treated as a required parameter in ROOTPATH\SysAdmin\Models\NavModel.php on line 25.
 1 SYSTEMPATH\Autoloader\Autoloader.php(316): include_once('E:\\web\\XAMPP\\htdocs\\test\\system\\Debug\\Exceptions.php')
 2 SYSTEMPATH\Autoloader\Autoloader.php(295): CodeIgniter\Autoloader\Autoloader->includeFile('E:\\web\\XAMPP\\htdocs\\test\\SysAdmin\\Models\\NavModel.php')
 3 SYSTEMPATH\Autoloader\Autoloader.php(271): CodeIgniter\Autoloader\Autoloader->loadInNamespace('SysAdmin\\Models\\NavModel')
 4 ROOTPATH\SysAdmin\Controllers\Article.php(30): CodeIgniter\Autoloader\Autoloader->loadClass('SysAdmin\\Models\\NavModel')
 5 SYSTEMPATH\CodeIgniter.php(933): SysAdmin\Controllers\Article->index()
 6 SYSTEMPATH\CodeIgniter.php(507): CodeIgniter\CodeIgniter->runController(Object(SysAdmin\Controllers\Article))
 7 SYSTEMPATH\CodeIgniter.php(354): CodeIgniter\CodeIgniter->handleRequest(null, Object(Config\Cache), false)
 8 SYSTEMPATH\Boot.php(334): CodeIgniter\CodeIgniter->run()
 9 SYSTEMPATH\Boot.php(67): CodeIgniter\Boot::runCodeIgniter(Object(CodeIgniter\CodeIgniter))
10 FCPATH\index.php(56): CodeIgniter\Boot::bootWeb(Object(Config\Paths))
DEBUG - 2025-03-21 08:20:55 --> Session: Class initialized using 'CodeIgniter\Session\Handlers\FileHandler' driver.
WARNING - 2025-03-21 08:20:55 --> [DEPRECATED] Creation of dynamic property SysAdmin\Controllers\Article::$session is deprecated in ROOTPATH\SysAdmin\Controllers\BaseController.php on line 51.
 1 ROOTPATH\SysAdmin\Controllers\Article.php(10): SysAdmin\Controllers\BaseController->__construct()
 2 SYSTEMPATH\CodeIgniter.php(903): SysAdmin\Controllers\Article->__construct()
 3 SYSTEMPATH\CodeIgniter.php(498): CodeIgniter\CodeIgniter->createController()
 4 SYSTEMPATH\CodeIgniter.php(354): CodeIgniter\CodeIgniter->handleRequest(null, Object(Config\Cache), false)
 5 SYSTEMPATH\Boot.php(334): CodeIgniter\CodeIgniter->run()
 6 SYSTEMPATH\Boot.php(67): CodeIgniter\Boot::runCodeIgniter(Object(CodeIgniter\CodeIgniter))
 7 FCPATH\index.php(56): CodeIgniter\Boot::bootWeb(Object(Config\Paths))
WARNING - 2025-03-21 08:20:55 --> [DEPRECATED] Creation of dynamic property SysAdmin\Controllers\Article::$encrypter is deprecated in ROOTPATH\SysAdmin\Controllers\BaseController.php on line 52.
 1 ROOTPATH\SysAdmin\Controllers\Article.php(10): SysAdmin\Controllers\BaseController->__construct()
 2 SYSTEMPATH\CodeIgniter.php(903): SysAdmin\Controllers\Article->__construct()
 3 SYSTEMPATH\CodeIgniter.php(498): CodeIgniter\CodeIgniter->createController()
 4 SYSTEMPATH\CodeIgniter.php(354): CodeIgniter\CodeIgniter->handleRequest(null, Object(Config\Cache), false)
 5 SYSTEMPATH\Boot.php(334): CodeIgniter\CodeIgniter->run()
 6 SYSTEMPATH\Boot.php(67): CodeIgniter\Boot::runCodeIgniter(Object(CodeIgniter\CodeIgniter))
 7 FCPATH\index.php(56): CodeIgniter\Boot::bootWeb(Object(Config\Paths))
WARNING - 2025-03-21 08:20:55 --> [DEPRECATED] Creation of dynamic property SysAdmin\Controllers\Article::$nav_mold is deprecated in ROOTPATH\SysAdmin\Controllers\Article.php on line 11.
 1 SYSTEMPATH\CodeIgniter.php(903): SysAdmin\Controllers\Article->__construct()
 2 SYSTEMPATH\CodeIgniter.php(498): CodeIgniter\CodeIgniter->createController()
 3 SYSTEMPATH\CodeIgniter.php(354): CodeIgniter\CodeIgniter->handleRequest(null, Object(Config\Cache), false)
 4 SYSTEMPATH\Boot.php(334): CodeIgniter\CodeIgniter->run()
 5 SYSTEMPATH\Boot.php(67): CodeIgniter\Boot::runCodeIgniter(Object(CodeIgniter\CodeIgniter))
 6 FCPATH\index.php(56): CodeIgniter\Boot::bootWeb(Object(Config\Paths))
WARNING - 2025-03-21 08:20:55 --> [DEPRECATED] trim(): Passing null to parameter #1 ($string) of type string is deprecated in ROOTPATH\SysAdmin\Controllers\Article.php on line 55.
 1 ROOTPATH\SysAdmin\Controllers\Article.php(55): trim(null)
 2 ROOTPATH\SysAdmin\Controllers\Article.php(26): SysAdmin\Controllers\Article->condition()
 3 SYSTEMPATH\CodeIgniter.php(933): SysAdmin\Controllers\Article->index()
 4 SYSTEMPATH\CodeIgniter.php(507): CodeIgniter\CodeIgniter->runController(Object(SysAdmin\Controllers\Article))
 5 SYSTEMPATH\CodeIgniter.php(354): CodeIgniter\CodeIgniter->handleRequest(null, Object(Config\Cache), false)
 6 SYSTEMPATH\Boot.php(334): CodeIgniter\CodeIgniter->run()
 7 SYSTEMPATH\Boot.php(67): CodeIgniter\Boot::runCodeIgniter(Object(CodeIgniter\CodeIgniter))
 8 FCPATH\index.php(56): CodeIgniter\Boot::bootWeb(Object(Config\Paths))
WARNING - 2025-03-21 08:20:55 --> [DEPRECATED] trim(): Passing null to parameter #1 ($string) of type string is deprecated in ROOTPATH\SysAdmin\Controllers\Article.php on line 59.
 1 ROOTPATH\SysAdmin\Controllers\Article.php(59): trim(null)
 2 ROOTPATH\SysAdmin\Controllers\Article.php(26): SysAdmin\Controllers\Article->condition()
 3 SYSTEMPATH\CodeIgniter.php(933): SysAdmin\Controllers\Article->index()
 4 SYSTEMPATH\CodeIgniter.php(507): CodeIgniter\CodeIgniter->runController(Object(SysAdmin\Controllers\Article))
 5 SYSTEMPATH\CodeIgniter.php(354): CodeIgniter\CodeIgniter->handleRequest(null, Object(Config\Cache), false)
 6 SYSTEMPATH\Boot.php(334): CodeIgniter\CodeIgniter->run()
 7 SYSTEMPATH\Boot.php(67): CodeIgniter\Boot::runCodeIgniter(Object(CodeIgniter\CodeIgniter))
 8 FCPATH\index.php(56): CodeIgniter\Boot::bootWeb(Object(Config\Paths))
WARNING - 2025-03-21 08:20:55 --> [DEPRECATED] trim(): Passing null to parameter #1 ($string) of type string is deprecated in ROOTPATH\SysAdmin\Controllers\Article.php on line 63.
 1 ROOTPATH\SysAdmin\Controllers\Article.php(63): trim(null)
 2 ROOTPATH\SysAdmin\Controllers\Article.php(26): SysAdmin\Controllers\Article->condition()
 3 SYSTEMPATH\CodeIgniter.php(933): SysAdmin\Controllers\Article->index()
 4 SYSTEMPATH\CodeIgniter.php(507): CodeIgniter\CodeIgniter->runController(Object(SysAdmin\Controllers\Article))
 5 SYSTEMPATH\CodeIgniter.php(354): CodeIgniter\CodeIgniter->handleRequest(null, Object(Config\Cache), false)
 6 SYSTEMPATH\Boot.php(334): CodeIgniter\CodeIgniter->run()
 7 SYSTEMPATH\Boot.php(67): CodeIgniter\Boot::runCodeIgniter(Object(CodeIgniter\CodeIgniter))
 8 FCPATH\index.php(56): CodeIgniter\Boot::bootWeb(Object(Config\Paths))
WARNING - 2025-03-21 08:20:55 --> [DEPRECATED] trim(): Passing null to parameter #1 ($string) of type string is deprecated in ROOTPATH\SysAdmin\Controllers\Article.php on line 67.
 1 ROOTPATH\SysAdmin\Controllers\Article.php(67): trim(null)
 2 ROOTPATH\SysAdmin\Controllers\Article.php(26): SysAdmin\Controllers\Article->condition()
 3 SYSTEMPATH\CodeIgniter.php(933): SysAdmin\Controllers\Article->index()
 4 SYSTEMPATH\CodeIgniter.php(507): CodeIgniter\CodeIgniter->runController(Object(SysAdmin\Controllers\Article))
 5 SYSTEMPATH\CodeIgniter.php(354): CodeIgniter\CodeIgniter->handleRequest(null, Object(Config\Cache), false)
 6 SYSTEMPATH\Boot.php(334): CodeIgniter\CodeIgniter->run()
 7 SYSTEMPATH\Boot.php(67): CodeIgniter\Boot::runCodeIgniter(Object(CodeIgniter\CodeIgniter))
 8 FCPATH\index.php(56): CodeIgniter\Boot::bootWeb(Object(Config\Paths))
WARNING - 2025-03-21 08:20:55 --> [DEPRECATED] trim(): Passing null to parameter #1 ($string) of type string is deprecated in ROOTPATH\SysAdmin\Controllers\Article.php on line 71.
 1 ROOTPATH\SysAdmin\Controllers\Article.php(71): trim(null)
 2 ROOTPATH\SysAdmin\Controllers\Article.php(26): SysAdmin\Controllers\Article->condition()
 3 SYSTEMPATH\CodeIgniter.php(933): SysAdmin\Controllers\Article->index()
 4 SYSTEMPATH\CodeIgniter.php(507): CodeIgniter\CodeIgniter->runController(Object(SysAdmin\Controllers\Article))
 5 SYSTEMPATH\CodeIgniter.php(354): CodeIgniter\CodeIgniter->handleRequest(null, Object(Config\Cache), false)
 6 SYSTEMPATH\Boot.php(334): CodeIgniter\CodeIgniter->run()
 7 SYSTEMPATH\Boot.php(67): CodeIgniter\Boot::runCodeIgniter(Object(CodeIgniter\CodeIgniter))
 8 FCPATH\index.php(56): CodeIgniter\Boot::bootWeb(Object(Config\Paths))
WARNING - 2025-03-21 08:20:55 --> [DEPRECATED] Optional parameter $id declared before required parameter $content is implicitly treated as a required parameter in ROOTPATH\SysAdmin\Models\ArticleModel.php on line 34.
 1 SYSTEMPATH\Autoloader\Autoloader.php(316): include_once('E:\\web\\XAMPP\\htdocs\\test\\system\\Debug\\Exceptions.php')
 2 SYSTEMPATH\Autoloader\Autoloader.php(295): CodeIgniter\Autoloader\Autoloader->includeFile('E:\\web\\XAMPP\\htdocs\\test\\SysAdmin\\Models\\ArticleModel.php')
 3 SYSTEMPATH\Autoloader\Autoloader.php(271): CodeIgniter\Autoloader\Autoloader->loadInNamespace('SysAdmin\\Models\\ArticleModel')
 4 ROOTPATH\SysAdmin\Controllers\Article.php(29): CodeIgniter\Autoloader\Autoloader->loadClass('SysAdmin\\Models\\ArticleModel')
 5 SYSTEMPATH\CodeIgniter.php(933): SysAdmin\Controllers\Article->index()
 6 SYSTEMPATH\CodeIgniter.php(507): CodeIgniter\CodeIgniter->runController(Object(SysAdmin\Controllers\Article))
 7 SYSTEMPATH\CodeIgniter.php(354): CodeIgniter\CodeIgniter->handleRequest(null, Object(Config\Cache), false)
 8 SYSTEMPATH\Boot.php(334): CodeIgniter\CodeIgniter->run()
 9 SYSTEMPATH\Boot.php(67): CodeIgniter\Boot::runCodeIgniter(Object(CodeIgniter\CodeIgniter))
10 FCPATH\index.php(56): CodeIgniter\Boot::bootWeb(Object(Config\Paths))
WARNING - 2025-03-21 08:20:55 --> [DEPRECATED] Optional parameter $sarray declared before required parameter $id is implicitly treated as a required parameter in ROOTPATH\SysAdmin\Models\NavModel.php on line 17.
 1 SYSTEMPATH\Autoloader\Autoloader.php(316): include_once('E:\\web\\XAMPP\\htdocs\\test\\system\\Debug\\Exceptions.php')
 2 SYSTEMPATH\Autoloader\Autoloader.php(295): CodeIgniter\Autoloader\Autoloader->includeFile('E:\\web\\XAMPP\\htdocs\\test\\SysAdmin\\Models\\NavModel.php')
 3 SYSTEMPATH\Autoloader\Autoloader.php(271): CodeIgniter\Autoloader\Autoloader->loadInNamespace('SysAdmin\\Models\\NavModel')
 4 ROOTPATH\SysAdmin\Controllers\Article.php(30): CodeIgniter\Autoloader\Autoloader->loadClass('SysAdmin\\Models\\NavModel')
 5 SYSTEMPATH\CodeIgniter.php(933): SysAdmin\Controllers\Article->index()
 6 SYSTEMPATH\CodeIgniter.php(507): CodeIgniter\CodeIgniter->runController(Object(SysAdmin\Controllers\Article))
 7 SYSTEMPATH\CodeIgniter.php(354): CodeIgniter\CodeIgniter->handleRequest(null, Object(Config\Cache), false)
 8 SYSTEMPATH\Boot.php(334): CodeIgniter\CodeIgniter->run()
 9 SYSTEMPATH\Boot.php(67): CodeIgniter\Boot::runCodeIgniter(Object(CodeIgniter\CodeIgniter))
10 FCPATH\index.php(56): CodeIgniter\Boot::bootWeb(Object(Config\Paths))
WARNING - 2025-03-21 08:20:55 --> [DEPRECATED] Optional parameter $sarray declared before required parameter $id is implicitly treated as a required parameter in ROOTPATH\SysAdmin\Models\NavModel.php on line 25.
 1 SYSTEMPATH\Autoloader\Autoloader.php(316): include_once('E:\\web\\XAMPP\\htdocs\\test\\system\\Debug\\Exceptions.php')
 2 SYSTEMPATH\Autoloader\Autoloader.php(295): CodeIgniter\Autoloader\Autoloader->includeFile('E:\\web\\XAMPP\\htdocs\\test\\SysAdmin\\Models\\NavModel.php')
 3 SYSTEMPATH\Autoloader\Autoloader.php(271): CodeIgniter\Autoloader\Autoloader->loadInNamespace('SysAdmin\\Models\\NavModel')
 4 ROOTPATH\SysAdmin\Controllers\Article.php(30): CodeIgniter\Autoloader\Autoloader->loadClass('SysAdmin\\Models\\NavModel')
 5 SYSTEMPATH\CodeIgniter.php(933): SysAdmin\Controllers\Article->index()
 6 SYSTEMPATH\CodeIgniter.php(507): CodeIgniter\CodeIgniter->runController(Object(SysAdmin\Controllers\Article))
 7 SYSTEMPATH\CodeIgniter.php(354): CodeIgniter\CodeIgniter->handleRequest(null, Object(Config\Cache), false)
 8 SYSTEMPATH\Boot.php(334): CodeIgniter\CodeIgniter->run()
 9 SYSTEMPATH\Boot.php(67): CodeIgniter\Boot::runCodeIgniter(Object(CodeIgniter\CodeIgniter))
10 FCPATH\index.php(56): CodeIgniter\Boot::bootWeb(Object(Config\Paths))
DEBUG - 2025-03-21 08:21:57 --> Session: Class initialized using 'CodeIgniter\Session\Handlers\FileHandler' driver.
WARNING - 2025-03-21 08:21:57 --> [DEPRECATED] Creation of dynamic property SysAdmin\Controllers\imgArticle::$session is deprecated in ROOTPATH\SysAdmin\Controllers\BaseController.php on line 51.
 1 ROOTPATH\SysAdmin\Controllers\imgArticle.php(10): SysAdmin\Controllers\BaseController->__construct()
 2 SYSTEMPATH\CodeIgniter.php(903): SysAdmin\Controllers\imgArticle->__construct()
 3 SYSTEMPATH\CodeIgniter.php(498): CodeIgniter\CodeIgniter->createController()
 4 SYSTEMPATH\CodeIgniter.php(354): CodeIgniter\CodeIgniter->handleRequest(null, Object(Config\Cache), false)
 5 SYSTEMPATH\Boot.php(334): CodeIgniter\CodeIgniter->run()
 6 SYSTEMPATH\Boot.php(67): CodeIgniter\Boot::runCodeIgniter(Object(CodeIgniter\CodeIgniter))
 7 FCPATH\index.php(56): CodeIgniter\Boot::bootWeb(Object(Config\Paths))
WARNING - 2025-03-21 08:21:57 --> [DEPRECATED] Creation of dynamic property SysAdmin\Controllers\imgArticle::$encrypter is deprecated in ROOTPATH\SysAdmin\Controllers\BaseController.php on line 52.
 1 ROOTPATH\SysAdmin\Controllers\imgArticle.php(10): SysAdmin\Controllers\BaseController->__construct()
 2 SYSTEMPATH\CodeIgniter.php(903): SysAdmin\Controllers\imgArticle->__construct()
 3 SYSTEMPATH\CodeIgniter.php(498): CodeIgniter\CodeIgniter->createController()
 4 SYSTEMPATH\CodeIgniter.php(354): CodeIgniter\CodeIgniter->handleRequest(null, Object(Config\Cache), false)
 5 SYSTEMPATH\Boot.php(334): CodeIgniter\CodeIgniter->run()
 6 SYSTEMPATH\Boot.php(67): CodeIgniter\Boot::runCodeIgniter(Object(CodeIgniter\CodeIgniter))
 7 FCPATH\index.php(56): CodeIgniter\Boot::bootWeb(Object(Config\Paths))
WARNING - 2025-03-21 08:21:57 --> [DEPRECATED] Creation of dynamic property SysAdmin\Controllers\imgArticle::$nav_mold is deprecated in ROOTPATH\SysAdmin\Controllers\imgArticle.php on line 11.
 1 SYSTEMPATH\CodeIgniter.php(903): SysAdmin\Controllers\imgArticle->__construct()
 2 SYSTEMPATH\CodeIgniter.php(498): CodeIgniter\CodeIgniter->createController()
 3 SYSTEMPATH\CodeIgniter.php(354): CodeIgniter\CodeIgniter->handleRequest(null, Object(Config\Cache), false)
 4 SYSTEMPATH\Boot.php(334): CodeIgniter\CodeIgniter->run()
 5 SYSTEMPATH\Boot.php(67): CodeIgniter\Boot::runCodeIgniter(Object(CodeIgniter\CodeIgniter))
 6 FCPATH\index.php(56): CodeIgniter\Boot::bootWeb(Object(Config\Paths))
WARNING - 2025-03-21 08:21:57 --> [DEPRECATED] trim(): Passing null to parameter #1 ($string) of type string is deprecated in ROOTPATH\SysAdmin\Controllers\imgArticle.php on line 57.
 1 ROOTPATH\SysAdmin\Controllers\imgArticle.php(57): trim(null)
 2 ROOTPATH\SysAdmin\Controllers\imgArticle.php(26): SysAdmin\Controllers\imgArticle->condition()
 3 SYSTEMPATH\CodeIgniter.php(933): SysAdmin\Controllers\imgArticle->index()
 4 SYSTEMPATH\CodeIgniter.php(507): CodeIgniter\CodeIgniter->runController(Object(SysAdmin\Controllers\imgArticle))
 5 SYSTEMPATH\CodeIgniter.php(354): CodeIgniter\CodeIgniter->handleRequest(null, Object(Config\Cache), false)
 6 SYSTEMPATH\Boot.php(334): CodeIgniter\CodeIgniter->run()
 7 SYSTEMPATH\Boot.php(67): CodeIgniter\Boot::runCodeIgniter(Object(CodeIgniter\CodeIgniter))
 8 FCPATH\index.php(56): CodeIgniter\Boot::bootWeb(Object(Config\Paths))
WARNING - 2025-03-21 08:21:57 --> [DEPRECATED] trim(): Passing null to parameter #1 ($string) of type string is deprecated in ROOTPATH\SysAdmin\Controllers\imgArticle.php on line 61.
 1 ROOTPATH\SysAdmin\Controllers\imgArticle.php(61): trim(null)
 2 ROOTPATH\SysAdmin\Controllers\imgArticle.php(26): SysAdmin\Controllers\imgArticle->condition()
 3 SYSTEMPATH\CodeIgniter.php(933): SysAdmin\Controllers\imgArticle->index()
 4 SYSTEMPATH\CodeIgniter.php(507): CodeIgniter\CodeIgniter->runController(Object(SysAdmin\Controllers\imgArticle))
 5 SYSTEMPATH\CodeIgniter.php(354): CodeIgniter\CodeIgniter->handleRequest(null, Object(Config\Cache), false)
 6 SYSTEMPATH\Boot.php(334): CodeIgniter\CodeIgniter->run()
 7 SYSTEMPATH\Boot.php(67): CodeIgniter\Boot::runCodeIgniter(Object(CodeIgniter\CodeIgniter))
 8 FCPATH\index.php(56): CodeIgniter\Boot::bootWeb(Object(Config\Paths))
WARNING - 2025-03-21 08:21:57 --> [DEPRECATED] trim(): Passing null to parameter #1 ($string) of type string is deprecated in ROOTPATH\SysAdmin\Controllers\imgArticle.php on line 65.
 1 ROOTPATH\SysAdmin\Controllers\imgArticle.php(65): trim(null)
 2 ROOTPATH\SysAdmin\Controllers\imgArticle.php(26): SysAdmin\Controllers\imgArticle->condition()
 3 SYSTEMPATH\CodeIgniter.php(933): SysAdmin\Controllers\imgArticle->index()
 4 SYSTEMPATH\CodeIgniter.php(507): CodeIgniter\CodeIgniter->runController(Object(SysAdmin\Controllers\imgArticle))
 5 SYSTEMPATH\CodeIgniter.php(354): CodeIgniter\CodeIgniter->handleRequest(null, Object(Config\Cache), false)
 6 SYSTEMPATH\Boot.php(334): CodeIgniter\CodeIgniter->run()
 7 SYSTEMPATH\Boot.php(67): CodeIgniter\Boot::runCodeIgniter(Object(CodeIgniter\CodeIgniter))
 8 FCPATH\index.php(56): CodeIgniter\Boot::bootWeb(Object(Config\Paths))
WARNING - 2025-03-21 08:21:57 --> [DEPRECATED] trim(): Passing null to parameter #1 ($string) of type string is deprecated in ROOTPATH\SysAdmin\Controllers\imgArticle.php on line 69.
 1 ROOTPATH\SysAdmin\Controllers\imgArticle.php(69): trim(null)
 2 ROOTPATH\SysAdmin\Controllers\imgArticle.php(26): SysAdmin\Controllers\imgArticle->condition()
 3 SYSTEMPATH\CodeIgniter.php(933): SysAdmin\Controllers\imgArticle->index()
 4 SYSTEMPATH\CodeIgniter.php(507): CodeIgniter\CodeIgniter->runController(Object(SysAdmin\Controllers\imgArticle))
 5 SYSTEMPATH\CodeIgniter.php(354): CodeIgniter\CodeIgniter->handleRequest(null, Object(Config\Cache), false)
 6 SYSTEMPATH\Boot.php(334): CodeIgniter\CodeIgniter->run()
 7 SYSTEMPATH\Boot.php(67): CodeIgniter\Boot::runCodeIgniter(Object(CodeIgniter\CodeIgniter))
 8 FCPATH\index.php(56): CodeIgniter\Boot::bootWeb(Object(Config\Paths))
WARNING - 2025-03-21 08:21:57 --> [DEPRECATED] trim(): Passing null to parameter #1 ($string) of type string is deprecated in ROOTPATH\SysAdmin\Controllers\imgArticle.php on line 73.
 1 ROOTPATH\SysAdmin\Controllers\imgArticle.php(73): trim(null)
 2 ROOTPATH\SysAdmin\Controllers\imgArticle.php(26): SysAdmin\Controllers\imgArticle->condition()
 3 SYSTEMPATH\CodeIgniter.php(933): SysAdmin\Controllers\imgArticle->index()
 4 SYSTEMPATH\CodeIgniter.php(507): CodeIgniter\CodeIgniter->runController(Object(SysAdmin\Controllers\imgArticle))
 5 SYSTEMPATH\CodeIgniter.php(354): CodeIgniter\CodeIgniter->handleRequest(null, Object(Config\Cache), false)
 6 SYSTEMPATH\Boot.php(334): CodeIgniter\CodeIgniter->run()
 7 SYSTEMPATH\Boot.php(67): CodeIgniter\Boot::runCodeIgniter(Object(CodeIgniter\CodeIgniter))
 8 FCPATH\index.php(56): CodeIgniter\Boot::bootWeb(Object(Config\Paths))
WARNING - 2025-03-21 08:21:57 --> [DEPRECATED] Optional parameter $id declared before required parameter $content is implicitly treated as a required parameter in ROOTPATH\SysAdmin\Models\ArticleModel.php on line 34.
 1 SYSTEMPATH\Autoloader\Autoloader.php(316): include_once('E:\\web\\XAMPP\\htdocs\\test\\system\\Debug\\Exceptions.php')
 2 SYSTEMPATH\Autoloader\Autoloader.php(295): CodeIgniter\Autoloader\Autoloader->includeFile('E:\\web\\XAMPP\\htdocs\\test\\SysAdmin\\Models\\ArticleModel.php')
 3 SYSTEMPATH\Autoloader\Autoloader.php(271): CodeIgniter\Autoloader\Autoloader->loadInNamespace('SysAdmin\\Models\\ArticleModel')
 4 ROOTPATH\SysAdmin\Controllers\imgArticle.php(29): CodeIgniter\Autoloader\Autoloader->loadClass('SysAdmin\\Models\\ArticleModel')
 5 SYSTEMPATH\CodeIgniter.php(933): SysAdmin\Controllers\imgArticle->index()
 6 SYSTEMPATH\CodeIgniter.php(507): CodeIgniter\CodeIgniter->runController(Object(SysAdmin\Controllers\imgArticle))
 7 SYSTEMPATH\CodeIgniter.php(354): CodeIgniter\CodeIgniter->handleRequest(null, Object(Config\Cache), false)
 8 SYSTEMPATH\Boot.php(334): CodeIgniter\CodeIgniter->run()
 9 SYSTEMPATH\Boot.php(67): CodeIgniter\Boot::runCodeIgniter(Object(CodeIgniter\CodeIgniter))
10 FCPATH\index.php(56): CodeIgniter\Boot::bootWeb(Object(Config\Paths))
WARNING - 2025-03-21 08:21:57 --> [DEPRECATED] Optional parameter $sarray declared before required parameter $id is implicitly treated as a required parameter in ROOTPATH\SysAdmin\Models\NavModel.php on line 17.
 1 SYSTEMPATH\Autoloader\Autoloader.php(316): include_once('E:\\web\\XAMPP\\htdocs\\test\\system\\Debug\\Exceptions.php')
 2 SYSTEMPATH\Autoloader\Autoloader.php(295): CodeIgniter\Autoloader\Autoloader->includeFile('E:\\web\\XAMPP\\htdocs\\test\\SysAdmin\\Models\\NavModel.php')
 3 SYSTEMPATH\Autoloader\Autoloader.php(271): CodeIgniter\Autoloader\Autoloader->loadInNamespace('SysAdmin\\Models\\NavModel')
 4 ROOTPATH\SysAdmin\Controllers\imgArticle.php(30): CodeIgniter\Autoloader\Autoloader->loadClass('SysAdmin\\Models\\NavModel')
 5 SYSTEMPATH\CodeIgniter.php(933): SysAdmin\Controllers\imgArticle->index()
 6 SYSTEMPATH\CodeIgniter.php(507): CodeIgniter\CodeIgniter->runController(Object(SysAdmin\Controllers\imgArticle))
 7 SYSTEMPATH\CodeIgniter.php(354): CodeIgniter\CodeIgniter->handleRequest(null, Object(Config\Cache), false)
 8 SYSTEMPATH\Boot.php(334): CodeIgniter\CodeIgniter->run()
 9 SYSTEMPATH\Boot.php(67): CodeIgniter\Boot::runCodeIgniter(Object(CodeIgniter\CodeIgniter))
10 FCPATH\index.php(56): CodeIgniter\Boot::bootWeb(Object(Config\Paths))
WARNING - 2025-03-21 08:21:57 --> [DEPRECATED] Optional parameter $sarray declared before required parameter $id is implicitly treated as a required parameter in ROOTPATH\SysAdmin\Models\NavModel.php on line 25.
 1 SYSTEMPATH\Autoloader\Autoloader.php(316): include_once('E:\\web\\XAMPP\\htdocs\\test\\system\\Debug\\Exceptions.php')
 2 SYSTEMPATH\Autoloader\Autoloader.php(295): CodeIgniter\Autoloader\Autoloader->includeFile('E:\\web\\XAMPP\\htdocs\\test\\SysAdmin\\Models\\NavModel.php')
 3 SYSTEMPATH\Autoloader\Autoloader.php(271): CodeIgniter\Autoloader\Autoloader->loadInNamespace('SysAdmin\\Models\\NavModel')
 4 ROOTPATH\SysAdmin\Controllers\imgArticle.php(30): CodeIgniter\Autoloader\Autoloader->loadClass('SysAdmin\\Models\\NavModel')
 5 SYSTEMPATH\CodeIgniter.php(933): SysAdmin\Controllers\imgArticle->index()
 6 SYSTEMPATH\CodeIgniter.php(507): CodeIgniter\CodeIgniter->runController(Object(SysAdmin\Controllers\imgArticle))
 7 SYSTEMPATH\CodeIgniter.php(354): CodeIgniter\CodeIgniter->handleRequest(null, Object(Config\Cache), false)
 8 SYSTEMPATH\Boot.php(334): CodeIgniter\CodeIgniter->run()
 9 SYSTEMPATH\Boot.php(67): CodeIgniter\Boot::runCodeIgniter(Object(CodeIgniter\CodeIgniter))
10 FCPATH\index.php(56): CodeIgniter\Boot::bootWeb(Object(Config\Paths))
DEBUG - 2025-03-21 08:22:01 --> Session: Class initialized using 'CodeIgniter\Session\Handlers\FileHandler' driver.
WARNING - 2025-03-21 08:22:01 --> [DEPRECATED] Creation of dynamic property SysAdmin\Controllers\imgArticle::$session is deprecated in ROOTPATH\SysAdmin\Controllers\BaseController.php on line 51.
 1 ROOTPATH\SysAdmin\Controllers\imgArticle.php(10): SysAdmin\Controllers\BaseController->__construct()
 2 SYSTEMPATH\CodeIgniter.php(903): SysAdmin\Controllers\imgArticle->__construct()
 3 SYSTEMPATH\CodeIgniter.php(498): CodeIgniter\CodeIgniter->createController()
 4 SYSTEMPATH\CodeIgniter.php(354): CodeIgniter\CodeIgniter->handleRequest(null, Object(Config\Cache), false)
 5 SYSTEMPATH\Boot.php(334): CodeIgniter\CodeIgniter->run()
 6 SYSTEMPATH\Boot.php(67): CodeIgniter\Boot::runCodeIgniter(Object(CodeIgniter\CodeIgniter))
 7 FCPATH\index.php(56): CodeIgniter\Boot::bootWeb(Object(Config\Paths))
WARNING - 2025-03-21 08:22:01 --> [DEPRECATED] Creation of dynamic property SysAdmin\Controllers\imgArticle::$encrypter is deprecated in ROOTPATH\SysAdmin\Controllers\BaseController.php on line 52.
 1 ROOTPATH\SysAdmin\Controllers\imgArticle.php(10): SysAdmin\Controllers\BaseController->__construct()
 2 SYSTEMPATH\CodeIgniter.php(903): SysAdmin\Controllers\imgArticle->__construct()
 3 SYSTEMPATH\CodeIgniter.php(498): CodeIgniter\CodeIgniter->createController()
 4 SYSTEMPATH\CodeIgniter.php(354): CodeIgniter\CodeIgniter->handleRequest(null, Object(Config\Cache), false)
 5 SYSTEMPATH\Boot.php(334): CodeIgniter\CodeIgniter->run()
 6 SYSTEMPATH\Boot.php(67): CodeIgniter\Boot::runCodeIgniter(Object(CodeIgniter\CodeIgniter))
 7 FCPATH\index.php(56): CodeIgniter\Boot::bootWeb(Object(Config\Paths))
WARNING - 2025-03-21 08:22:01 --> [DEPRECATED] Creation of dynamic property SysAdmin\Controllers\imgArticle::$nav_mold is deprecated in ROOTPATH\SysAdmin\Controllers\imgArticle.php on line 11.
 1 SYSTEMPATH\CodeIgniter.php(903): SysAdmin\Controllers\imgArticle->__construct()
 2 SYSTEMPATH\CodeIgniter.php(498): CodeIgniter\CodeIgniter->createController()
 3 SYSTEMPATH\CodeIgniter.php(354): CodeIgniter\CodeIgniter->handleRequest(null, Object(Config\Cache), false)
 4 SYSTEMPATH\Boot.php(334): CodeIgniter\CodeIgniter->run()
 5 SYSTEMPATH\Boot.php(67): CodeIgniter\Boot::runCodeIgniter(Object(CodeIgniter\CodeIgniter))
 6 FCPATH\index.php(56): CodeIgniter\Boot::bootWeb(Object(Config\Paths))
WARNING - 2025-03-21 08:22:01 --> [DEPRECATED] trim(): Passing null to parameter #1 ($string) of type string is deprecated in ROOTPATH\SysAdmin\Controllers\imgArticle.php on line 57.
 1 ROOTPATH\SysAdmin\Controllers\imgArticle.php(57): trim(null)
 2 ROOTPATH\SysAdmin\Controllers\imgArticle.php(26): SysAdmin\Controllers\imgArticle->condition()
 3 SYSTEMPATH\CodeIgniter.php(933): SysAdmin\Controllers\imgArticle->index()
 4 SYSTEMPATH\CodeIgniter.php(507): CodeIgniter\CodeIgniter->runController(Object(SysAdmin\Controllers\imgArticle))
 5 SYSTEMPATH\CodeIgniter.php(354): CodeIgniter\CodeIgniter->handleRequest(null, Object(Config\Cache), false)
 6 SYSTEMPATH\Boot.php(334): CodeIgniter\CodeIgniter->run()
 7 SYSTEMPATH\Boot.php(67): CodeIgniter\Boot::runCodeIgniter(Object(CodeIgniter\CodeIgniter))
 8 FCPATH\index.php(56): CodeIgniter\Boot::bootWeb(Object(Config\Paths))
WARNING - 2025-03-21 08:22:01 --> [DEPRECATED] trim(): Passing null to parameter #1 ($string) of type string is deprecated in ROOTPATH\SysAdmin\Controllers\imgArticle.php on line 61.
 1 ROOTPATH\SysAdmin\Controllers\imgArticle.php(61): trim(null)
 2 ROOTPATH\SysAdmin\Controllers\imgArticle.php(26): SysAdmin\Controllers\imgArticle->condition()
 3 SYSTEMPATH\CodeIgniter.php(933): SysAdmin\Controllers\imgArticle->index()
 4 SYSTEMPATH\CodeIgniter.php(507): CodeIgniter\CodeIgniter->runController(Object(SysAdmin\Controllers\imgArticle))
 5 SYSTEMPATH\CodeIgniter.php(354): CodeIgniter\CodeIgniter->handleRequest(null, Object(Config\Cache), false)
 6 SYSTEMPATH\Boot.php(334): CodeIgniter\CodeIgniter->run()
 7 SYSTEMPATH\Boot.php(67): CodeIgniter\Boot::runCodeIgniter(Object(CodeIgniter\CodeIgniter))
 8 FCPATH\index.php(56): CodeIgniter\Boot::bootWeb(Object(Config\Paths))
WARNING - 2025-03-21 08:22:01 --> [DEPRECATED] trim(): Passing null to parameter #1 ($string) of type string is deprecated in ROOTPATH\SysAdmin\Controllers\imgArticle.php on line 65.
 1 ROOTPATH\SysAdmin\Controllers\imgArticle.php(65): trim(null)
 2 ROOTPATH\SysAdmin\Controllers\imgArticle.php(26): SysAdmin\Controllers\imgArticle->condition()
 3 SYSTEMPATH\CodeIgniter.php(933): SysAdmin\Controllers\imgArticle->index()
 4 SYSTEMPATH\CodeIgniter.php(507): CodeIgniter\CodeIgniter->runController(Object(SysAdmin\Controllers\imgArticle))
 5 SYSTEMPATH\CodeIgniter.php(354): CodeIgniter\CodeIgniter->handleRequest(null, Object(Config\Cache), false)
 6 SYSTEMPATH\Boot.php(334): CodeIgniter\CodeIgniter->run()
 7 SYSTEMPATH\Boot.php(67): CodeIgniter\Boot::runCodeIgniter(Object(CodeIgniter\CodeIgniter))
 8 FCPATH\index.php(56): CodeIgniter\Boot::bootWeb(Object(Config\Paths))
WARNING - 2025-03-21 08:22:01 --> [DEPRECATED] trim(): Passing null to parameter #1 ($string) of type string is deprecated in ROOTPATH\SysAdmin\Controllers\imgArticle.php on line 69.
 1 ROOTPATH\SysAdmin\Controllers\imgArticle.php(69): trim(null)
 2 ROOTPATH\SysAdmin\Controllers\imgArticle.php(26): SysAdmin\Controllers\imgArticle->condition()
 3 SYSTEMPATH\CodeIgniter.php(933): SysAdmin\Controllers\imgArticle->index()
 4 SYSTEMPATH\CodeIgniter.php(507): CodeIgniter\CodeIgniter->runController(Object(SysAdmin\Controllers\imgArticle))
 5 SYSTEMPATH\CodeIgniter.php(354): CodeIgniter\CodeIgniter->handleRequest(null, Object(Config\Cache), false)
 6 SYSTEMPATH\Boot.php(334): CodeIgniter\CodeIgniter->run()
 7 SYSTEMPATH\Boot.php(67): CodeIgniter\Boot::runCodeIgniter(Object(CodeIgniter\CodeIgniter))
 8 FCPATH\index.php(56): CodeIgniter\Boot::bootWeb(Object(Config\Paths))
WARNING - 2025-03-21 08:22:01 --> [DEPRECATED] trim(): Passing null to parameter #1 ($string) of type string is deprecated in ROOTPATH\SysAdmin\Controllers\imgArticle.php on line 73.
 1 ROOTPATH\SysAdmin\Controllers\imgArticle.php(73): trim(null)
 2 ROOTPATH\SysAdmin\Controllers\imgArticle.php(26): SysAdmin\Controllers\imgArticle->condition()
 3 SYSTEMPATH\CodeIgniter.php(933): SysAdmin\Controllers\imgArticle->index()
 4 SYSTEMPATH\CodeIgniter.php(507): CodeIgniter\CodeIgniter->runController(Object(SysAdmin\Controllers\imgArticle))
 5 SYSTEMPATH\CodeIgniter.php(354): CodeIgniter\CodeIgniter->handleRequest(null, Object(Config\Cache), false)
 6 SYSTEMPATH\Boot.php(334): CodeIgniter\CodeIgniter->run()
 7 SYSTEMPATH\Boot.php(67): CodeIgniter\Boot::runCodeIgniter(Object(CodeIgniter\CodeIgniter))
 8 FCPATH\index.php(56): CodeIgniter\Boot::bootWeb(Object(Config\Paths))
WARNING - 2025-03-21 08:22:01 --> [DEPRECATED] Optional parameter $id declared before required parameter $content is implicitly treated as a required parameter in ROOTPATH\SysAdmin\Models\ArticleModel.php on line 34.
 1 SYSTEMPATH\Autoloader\Autoloader.php(316): include_once('E:\\web\\XAMPP\\htdocs\\test\\system\\Debug\\Exceptions.php')
 2 SYSTEMPATH\Autoloader\Autoloader.php(295): CodeIgniter\Autoloader\Autoloader->includeFile('E:\\web\\XAMPP\\htdocs\\test\\SysAdmin\\Models\\ArticleModel.php')
 3 SYSTEMPATH\Autoloader\Autoloader.php(271): CodeIgniter\Autoloader\Autoloader->loadInNamespace('SysAdmin\\Models\\ArticleModel')
 4 ROOTPATH\SysAdmin\Controllers\imgArticle.php(29): CodeIgniter\Autoloader\Autoloader->loadClass('SysAdmin\\Models\\ArticleModel')
 5 SYSTEMPATH\CodeIgniter.php(933): SysAdmin\Controllers\imgArticle->index()
 6 SYSTEMPATH\CodeIgniter.php(507): CodeIgniter\CodeIgniter->runController(Object(SysAdmin\Controllers\imgArticle))
 7 SYSTEMPATH\CodeIgniter.php(354): CodeIgniter\CodeIgniter->handleRequest(null, Object(Config\Cache), false)
 8 SYSTEMPATH\Boot.php(334): CodeIgniter\CodeIgniter->run()
 9 SYSTEMPATH\Boot.php(67): CodeIgniter\Boot::runCodeIgniter(Object(CodeIgniter\CodeIgniter))
10 FCPATH\index.php(56): CodeIgniter\Boot::bootWeb(Object(Config\Paths))
WARNING - 2025-03-21 08:22:01 --> [DEPRECATED] Optional parameter $sarray declared before required parameter $id is implicitly treated as a required parameter in ROOTPATH\SysAdmin\Models\NavModel.php on line 17.
 1 SYSTEMPATH\Autoloader\Autoloader.php(316): include_once('E:\\web\\XAMPP\\htdocs\\test\\system\\Debug\\Exceptions.php')
 2 SYSTEMPATH\Autoloader\Autoloader.php(295): CodeIgniter\Autoloader\Autoloader->includeFile('E:\\web\\XAMPP\\htdocs\\test\\SysAdmin\\Models\\NavModel.php')
 3 SYSTEMPATH\Autoloader\Autoloader.php(271): CodeIgniter\Autoloader\Autoloader->loadInNamespace('SysAdmin\\Models\\NavModel')
 4 ROOTPATH\SysAdmin\Controllers\imgArticle.php(30): CodeIgniter\Autoloader\Autoloader->loadClass('SysAdmin\\Models\\NavModel')
 5 SYSTEMPATH\CodeIgniter.php(933): SysAdmin\Controllers\imgArticle->index()
 6 SYSTEMPATH\CodeIgniter.php(507): CodeIgniter\CodeIgniter->runController(Object(SysAdmin\Controllers\imgArticle))
 7 SYSTEMPATH\CodeIgniter.php(354): CodeIgniter\CodeIgniter->handleRequest(null, Object(Config\Cache), false)
 8 SYSTEMPATH\Boot.php(334): CodeIgniter\CodeIgniter->run()
 9 SYSTEMPATH\Boot.php(67): CodeIgniter\Boot::runCodeIgniter(Object(CodeIgniter\CodeIgniter))
10 FCPATH\index.php(56): CodeIgniter\Boot::bootWeb(Object(Config\Paths))
WARNING - 2025-03-21 08:22:01 --> [DEPRECATED] Optional parameter $sarray declared before required parameter $id is implicitly treated as a required parameter in ROOTPATH\SysAdmin\Models\NavModel.php on line 25.
 1 SYSTEMPATH\Autoloader\Autoloader.php(316): include_once('E:\\web\\XAMPP\\htdocs\\test\\system\\Debug\\Exceptions.php')
 2 SYSTEMPATH\Autoloader\Autoloader.php(295): CodeIgniter\Autoloader\Autoloader->includeFile('E:\\web\\XAMPP\\htdocs\\test\\SysAdmin\\Models\\NavModel.php')
 3 SYSTEMPATH\Autoloader\Autoloader.php(271): CodeIgniter\Autoloader\Autoloader->loadInNamespace('SysAdmin\\Models\\NavModel')
 4 ROOTPATH\SysAdmin\Controllers\imgArticle.php(30): CodeIgniter\Autoloader\Autoloader->loadClass('SysAdmin\\Models\\NavModel')
 5 SYSTEMPATH\CodeIgniter.php(933): SysAdmin\Controllers\imgArticle->index()
 6 SYSTEMPATH\CodeIgniter.php(507): CodeIgniter\CodeIgniter->runController(Object(SysAdmin\Controllers\imgArticle))
 7 SYSTEMPATH\CodeIgniter.php(354): CodeIgniter\CodeIgniter->handleRequest(null, Object(Config\Cache), false)
 8 SYSTEMPATH\Boot.php(334): CodeIgniter\CodeIgniter->run()
 9 SYSTEMPATH\Boot.php(67): CodeIgniter\Boot::runCodeIgniter(Object(CodeIgniter\CodeIgniter))
10 FCPATH\index.php(56): CodeIgniter\Boot::bootWeb(Object(Config\Paths))
DEBUG - 2025-03-21 08:22:06 --> Session: Class initialized using 'CodeIgniter\Session\Handlers\FileHandler' driver.
WARNING - 2025-03-21 08:22:06 --> [DEPRECATED] Creation of dynamic property SysAdmin\Controllers\Article::$session is deprecated in ROOTPATH\SysAdmin\Controllers\BaseController.php on line 51.
 1 ROOTPATH\SysAdmin\Controllers\Article.php(10): SysAdmin\Controllers\BaseController->__construct()
 2 SYSTEMPATH\CodeIgniter.php(903): SysAdmin\Controllers\Article->__construct()
 3 SYSTEMPATH\CodeIgniter.php(498): CodeIgniter\CodeIgniter->createController()
 4 SYSTEMPATH\CodeIgniter.php(354): CodeIgniter\CodeIgniter->handleRequest(null, Object(Config\Cache), false)
 5 SYSTEMPATH\Boot.php(334): CodeIgniter\CodeIgniter->run()
 6 SYSTEMPATH\Boot.php(67): CodeIgniter\Boot::runCodeIgniter(Object(CodeIgniter\CodeIgniter))
 7 FCPATH\index.php(56): CodeIgniter\Boot::bootWeb(Object(Config\Paths))
WARNING - 2025-03-21 08:22:06 --> [DEPRECATED] Creation of dynamic property SysAdmin\Controllers\Article::$encrypter is deprecated in ROOTPATH\SysAdmin\Controllers\BaseController.php on line 52.
 1 ROOTPATH\SysAdmin\Controllers\Article.php(10): SysAdmin\Controllers\BaseController->__construct()
 2 SYSTEMPATH\CodeIgniter.php(903): SysAdmin\Controllers\Article->__construct()
 3 SYSTEMPATH\CodeIgniter.php(498): CodeIgniter\CodeIgniter->createController()
 4 SYSTEMPATH\CodeIgniter.php(354): CodeIgniter\CodeIgniter->handleRequest(null, Object(Config\Cache), false)
 5 SYSTEMPATH\Boot.php(334): CodeIgniter\CodeIgniter->run()
 6 SYSTEMPATH\Boot.php(67): CodeIgniter\Boot::runCodeIgniter(Object(CodeIgniter\CodeIgniter))
 7 FCPATH\index.php(56): CodeIgniter\Boot::bootWeb(Object(Config\Paths))
WARNING - 2025-03-21 08:22:06 --> [DEPRECATED] Creation of dynamic property SysAdmin\Controllers\Article::$nav_mold is deprecated in ROOTPATH\SysAdmin\Controllers\Article.php on line 11.
 1 SYSTEMPATH\CodeIgniter.php(903): SysAdmin\Controllers\Article->__construct()
 2 SYSTEMPATH\CodeIgniter.php(498): CodeIgniter\CodeIgniter->createController()
 3 SYSTEMPATH\CodeIgniter.php(354): CodeIgniter\CodeIgniter->handleRequest(null, Object(Config\Cache), false)
 4 SYSTEMPATH\Boot.php(334): CodeIgniter\CodeIgniter->run()
 5 SYSTEMPATH\Boot.php(67): CodeIgniter\Boot::runCodeIgniter(Object(CodeIgniter\CodeIgniter))
 6 FCPATH\index.php(56): CodeIgniter\Boot::bootWeb(Object(Config\Paths))
WARNING - 2025-03-21 08:22:06 --> [DEPRECATED] trim(): Passing null to parameter #1 ($string) of type string is deprecated in ROOTPATH\SysAdmin\Controllers\Article.php on line 55.
 1 ROOTPATH\SysAdmin\Controllers\Article.php(55): trim(null)
 2 ROOTPATH\SysAdmin\Controllers\Article.php(26): SysAdmin\Controllers\Article->condition()
 3 SYSTEMPATH\CodeIgniter.php(933): SysAdmin\Controllers\Article->index()
 4 SYSTEMPATH\CodeIgniter.php(507): CodeIgniter\CodeIgniter->runController(Object(SysAdmin\Controllers\Article))
 5 SYSTEMPATH\CodeIgniter.php(354): CodeIgniter\CodeIgniter->handleRequest(null, Object(Config\Cache), false)
 6 SYSTEMPATH\Boot.php(334): CodeIgniter\CodeIgniter->run()
 7 SYSTEMPATH\Boot.php(67): CodeIgniter\Boot::runCodeIgniter(Object(CodeIgniter\CodeIgniter))
 8 FCPATH\index.php(56): CodeIgniter\Boot::bootWeb(Object(Config\Paths))
WARNING - 2025-03-21 08:22:06 --> [DEPRECATED] trim(): Passing null to parameter #1 ($string) of type string is deprecated in ROOTPATH\SysAdmin\Controllers\Article.php on line 59.
 1 ROOTPATH\SysAdmin\Controllers\Article.php(59): trim(null)
 2 ROOTPATH\SysAdmin\Controllers\Article.php(26): SysAdmin\Controllers\Article->condition()
 3 SYSTEMPATH\CodeIgniter.php(933): SysAdmin\Controllers\Article->index()
 4 SYSTEMPATH\CodeIgniter.php(507): CodeIgniter\CodeIgniter->runController(Object(SysAdmin\Controllers\Article))
 5 SYSTEMPATH\CodeIgniter.php(354): CodeIgniter\CodeIgniter->handleRequest(null, Object(Config\Cache), false)
 6 SYSTEMPATH\Boot.php(334): CodeIgniter\CodeIgniter->run()
 7 SYSTEMPATH\Boot.php(67): CodeIgniter\Boot::runCodeIgniter(Object(CodeIgniter\CodeIgniter))
 8 FCPATH\index.php(56): CodeIgniter\Boot::bootWeb(Object(Config\Paths))
WARNING - 2025-03-21 08:22:06 --> [DEPRECATED] trim(): Passing null to parameter #1 ($string) of type string is deprecated in ROOTPATH\SysAdmin\Controllers\Article.php on line 63.
 1 ROOTPATH\SysAdmin\Controllers\Article.php(63): trim(null)
 2 ROOTPATH\SysAdmin\Controllers\Article.php(26): SysAdmin\Controllers\Article->condition()
 3 SYSTEMPATH\CodeIgniter.php(933): SysAdmin\Controllers\Article->index()
 4 SYSTEMPATH\CodeIgniter.php(507): CodeIgniter\CodeIgniter->runController(Object(SysAdmin\Controllers\Article))
 5 SYSTEMPATH\CodeIgniter.php(354): CodeIgniter\CodeIgniter->handleRequest(null, Object(Config\Cache), false)
 6 SYSTEMPATH\Boot.php(334): CodeIgniter\CodeIgniter->run()
 7 SYSTEMPATH\Boot.php(67): CodeIgniter\Boot::runCodeIgniter(Object(CodeIgniter\CodeIgniter))
 8 FCPATH\index.php(56): CodeIgniter\Boot::bootWeb(Object(Config\Paths))
WARNING - 2025-03-21 08:22:06 --> [DEPRECATED] trim(): Passing null to parameter #1 ($string) of type string is deprecated in ROOTPATH\SysAdmin\Controllers\Article.php on line 67.
 1 ROOTPATH\SysAdmin\Controllers\Article.php(67): trim(null)
 2 ROOTPATH\SysAdmin\Controllers\Article.php(26): SysAdmin\Controllers\Article->condition()
 3 SYSTEMPATH\CodeIgniter.php(933): SysAdmin\Controllers\Article->index()
 4 SYSTEMPATH\CodeIgniter.php(507): CodeIgniter\CodeIgniter->runController(Object(SysAdmin\Controllers\Article))
 5 SYSTEMPATH\CodeIgniter.php(354): CodeIgniter\CodeIgniter->handleRequest(null, Object(Config\Cache), false)
 6 SYSTEMPATH\Boot.php(334): CodeIgniter\CodeIgniter->run()
 7 SYSTEMPATH\Boot.php(67): CodeIgniter\Boot::runCodeIgniter(Object(CodeIgniter\CodeIgniter))
 8 FCPATH\index.php(56): CodeIgniter\Boot::bootWeb(Object(Config\Paths))
WARNING - 2025-03-21 08:22:06 --> [DEPRECATED] trim(): Passing null to parameter #1 ($string) of type string is deprecated in ROOTPATH\SysAdmin\Controllers\Article.php on line 71.
 1 ROOTPATH\SysAdmin\Controllers\Article.php(71): trim(null)
 2 ROOTPATH\SysAdmin\Controllers\Article.php(26): SysAdmin\Controllers\Article->condition()
 3 SYSTEMPATH\CodeIgniter.php(933): SysAdmin\Controllers\Article->index()
 4 SYSTEMPATH\CodeIgniter.php(507): CodeIgniter\CodeIgniter->runController(Object(SysAdmin\Controllers\Article))
 5 SYSTEMPATH\CodeIgniter.php(354): CodeIgniter\CodeIgniter->handleRequest(null, Object(Config\Cache), false)
 6 SYSTEMPATH\Boot.php(334): CodeIgniter\CodeIgniter->run()
 7 SYSTEMPATH\Boot.php(67): CodeIgniter\Boot::runCodeIgniter(Object(CodeIgniter\CodeIgniter))
 8 FCPATH\index.php(56): CodeIgniter\Boot::bootWeb(Object(Config\Paths))
WARNING - 2025-03-21 08:22:06 --> [DEPRECATED] Optional parameter $id declared before required parameter $content is implicitly treated as a required parameter in ROOTPATH\SysAdmin\Models\ArticleModel.php on line 34.
 1 SYSTEMPATH\Autoloader\Autoloader.php(316): include_once('E:\\web\\XAMPP\\htdocs\\test\\system\\Debug\\Exceptions.php')
 2 SYSTEMPATH\Autoloader\Autoloader.php(295): CodeIgniter\Autoloader\Autoloader->includeFile('E:\\web\\XAMPP\\htdocs\\test\\SysAdmin\\Models\\ArticleModel.php')
 3 SYSTEMPATH\Autoloader\Autoloader.php(271): CodeIgniter\Autoloader\Autoloader->loadInNamespace('SysAdmin\\Models\\ArticleModel')
 4 ROOTPATH\SysAdmin\Controllers\Article.php(29): CodeIgniter\Autoloader\Autoloader->loadClass('SysAdmin\\Models\\ArticleModel')
 5 SYSTEMPATH\CodeIgniter.php(933): SysAdmin\Controllers\Article->index()
 6 SYSTEMPATH\CodeIgniter.php(507): CodeIgniter\CodeIgniter->runController(Object(SysAdmin\Controllers\Article))
 7 SYSTEMPATH\CodeIgniter.php(354): CodeIgniter\CodeIgniter->handleRequest(null, Object(Config\Cache), false)
 8 SYSTEMPATH\Boot.php(334): CodeIgniter\CodeIgniter->run()
 9 SYSTEMPATH\Boot.php(67): CodeIgniter\Boot::runCodeIgniter(Object(CodeIgniter\CodeIgniter))
10 FCPATH\index.php(56): CodeIgniter\Boot::bootWeb(Object(Config\Paths))
WARNING - 2025-03-21 08:22:06 --> [DEPRECATED] Optional parameter $sarray declared before required parameter $id is implicitly treated as a required parameter in ROOTPATH\SysAdmin\Models\NavModel.php on line 17.
 1 SYSTEMPATH\Autoloader\Autoloader.php(316): include_once('E:\\web\\XAMPP\\htdocs\\test\\system\\Debug\\Exceptions.php')
 2 SYSTEMPATH\Autoloader\Autoloader.php(295): CodeIgniter\Autoloader\Autoloader->includeFile('E:\\web\\XAMPP\\htdocs\\test\\SysAdmin\\Models\\NavModel.php')
 3 SYSTEMPATH\Autoloader\Autoloader.php(271): CodeIgniter\Autoloader\Autoloader->loadInNamespace('SysAdmin\\Models\\NavModel')
 4 ROOTPATH\SysAdmin\Controllers\Article.php(30): CodeIgniter\Autoloader\Autoloader->loadClass('SysAdmin\\Models\\NavModel')
 5 SYSTEMPATH\CodeIgniter.php(933): SysAdmin\Controllers\Article->index()
 6 SYSTEMPATH\CodeIgniter.php(507): CodeIgniter\CodeIgniter->runController(Object(SysAdmin\Controllers\Article))
 7 SYSTEMPATH\CodeIgniter.php(354): CodeIgniter\CodeIgniter->handleRequest(null, Object(Config\Cache), false)
 8 SYSTEMPATH\Boot.php(334): CodeIgniter\CodeIgniter->run()
 9 SYSTEMPATH\Boot.php(67): CodeIgniter\Boot::runCodeIgniter(Object(CodeIgniter\CodeIgniter))
10 FCPATH\index.php(56): CodeIgniter\Boot::bootWeb(Object(Config\Paths))
WARNING - 2025-03-21 08:22:06 --> [DEPRECATED] Optional parameter $sarray declared before required parameter $id is implicitly treated as a required parameter in ROOTPATH\SysAdmin\Models\NavModel.php on line 25.
 1 SYSTEMPATH\Autoloader\Autoloader.php(316): include_once('E:\\web\\XAMPP\\htdocs\\test\\system\\Debug\\Exceptions.php')
 2 SYSTEMPATH\Autoloader\Autoloader.php(295): CodeIgniter\Autoloader\Autoloader->includeFile('E:\\web\\XAMPP\\htdocs\\test\\SysAdmin\\Models\\NavModel.php')
 3 SYSTEMPATH\Autoloader\Autoloader.php(271): CodeIgniter\Autoloader\Autoloader->loadInNamespace('SysAdmin\\Models\\NavModel')
 4 ROOTPATH\SysAdmin\Controllers\Article.php(30): CodeIgniter\Autoloader\Autoloader->loadClass('SysAdmin\\Models\\NavModel')
 5 SYSTEMPATH\CodeIgniter.php(933): SysAdmin\Controllers\Article->index()
 6 SYSTEMPATH\CodeIgniter.php(507): CodeIgniter\CodeIgniter->runController(Object(SysAdmin\Controllers\Article))
 7 SYSTEMPATH\CodeIgniter.php(354): CodeIgniter\CodeIgniter->handleRequest(null, Object(Config\Cache), false)
 8 SYSTEMPATH\Boot.php(334): CodeIgniter\CodeIgniter->run()
 9 SYSTEMPATH\Boot.php(67): CodeIgniter\Boot::runCodeIgniter(Object(CodeIgniter\CodeIgniter))
10 FCPATH\index.php(56): CodeIgniter\Boot::bootWeb(Object(Config\Paths))
DEBUG - 2025-03-21 08:22:08 --> Session: Class initialized using 'CodeIgniter\Session\Handlers\FileHandler' driver.
WARNING - 2025-03-21 08:22:08 --> [DEPRECATED] Creation of dynamic property SysAdmin\Controllers\Article::$session is deprecated in ROOTPATH\SysAdmin\Controllers\BaseController.php on line 51.
 1 ROOTPATH\SysAdmin\Controllers\Article.php(10): SysAdmin\Controllers\BaseController->__construct()
 2 SYSTEMPATH\CodeIgniter.php(903): SysAdmin\Controllers\Article->__construct()
 3 SYSTEMPATH\CodeIgniter.php(498): CodeIgniter\CodeIgniter->createController()
 4 SYSTEMPATH\CodeIgniter.php(354): CodeIgniter\CodeIgniter->handleRequest(null, Object(Config\Cache), false)
 5 SYSTEMPATH\Boot.php(334): CodeIgniter\CodeIgniter->run()
 6 SYSTEMPATH\Boot.php(67): CodeIgniter\Boot::runCodeIgniter(Object(CodeIgniter\CodeIgniter))
 7 FCPATH\index.php(56): CodeIgniter\Boot::bootWeb(Object(Config\Paths))
WARNING - 2025-03-21 08:22:08 --> [DEPRECATED] Creation of dynamic property SysAdmin\Controllers\Article::$encrypter is deprecated in ROOTPATH\SysAdmin\Controllers\BaseController.php on line 52.
 1 ROOTPATH\SysAdmin\Controllers\Article.php(10): SysAdmin\Controllers\BaseController->__construct()
 2 SYSTEMPATH\CodeIgniter.php(903): SysAdmin\Controllers\Article->__construct()
 3 SYSTEMPATH\CodeIgniter.php(498): CodeIgniter\CodeIgniter->createController()
 4 SYSTEMPATH\CodeIgniter.php(354): CodeIgniter\CodeIgniter->handleRequest(null, Object(Config\Cache), false)
 5 SYSTEMPATH\Boot.php(334): CodeIgniter\CodeIgniter->run()
 6 SYSTEMPATH\Boot.php(67): CodeIgniter\Boot::runCodeIgniter(Object(CodeIgniter\CodeIgniter))
 7 FCPATH\index.php(56): CodeIgniter\Boot::bootWeb(Object(Config\Paths))
WARNING - 2025-03-21 08:22:08 --> [DEPRECATED] Creation of dynamic property SysAdmin\Controllers\Article::$nav_mold is deprecated in ROOTPATH\SysAdmin\Controllers\Article.php on line 11.
 1 SYSTEMPATH\CodeIgniter.php(903): SysAdmin\Controllers\Article->__construct()
 2 SYSTEMPATH\CodeIgniter.php(498): CodeIgniter\CodeIgniter->createController()
 3 SYSTEMPATH\CodeIgniter.php(354): CodeIgniter\CodeIgniter->handleRequest(null, Object(Config\Cache), false)
 4 SYSTEMPATH\Boot.php(334): CodeIgniter\CodeIgniter->run()
 5 SYSTEMPATH\Boot.php(67): CodeIgniter\Boot::runCodeIgniter(Object(CodeIgniter\CodeIgniter))
 6 FCPATH\index.php(56): CodeIgniter\Boot::bootWeb(Object(Config\Paths))
WARNING - 2025-03-21 08:22:08 --> [DEPRECATED] trim(): Passing null to parameter #1 ($string) of type string is deprecated in ROOTPATH\SysAdmin\Controllers\Article.php on line 55.
 1 ROOTPATH\SysAdmin\Controllers\Article.php(55): trim(null)
 2 ROOTPATH\SysAdmin\Controllers\Article.php(26): SysAdmin\Controllers\Article->condition()
 3 SYSTEMPATH\CodeIgniter.php(933): SysAdmin\Controllers\Article->index()
 4 SYSTEMPATH\CodeIgniter.php(507): CodeIgniter\CodeIgniter->runController(Object(SysAdmin\Controllers\Article))
 5 SYSTEMPATH\CodeIgniter.php(354): CodeIgniter\CodeIgniter->handleRequest(null, Object(Config\Cache), false)
 6 SYSTEMPATH\Boot.php(334): CodeIgniter\CodeIgniter->run()
 7 SYSTEMPATH\Boot.php(67): CodeIgniter\Boot::runCodeIgniter(Object(CodeIgniter\CodeIgniter))
 8 FCPATH\index.php(56): CodeIgniter\Boot::bootWeb(Object(Config\Paths))
WARNING - 2025-03-21 08:22:08 --> [DEPRECATED] trim(): Passing null to parameter #1 ($string) of type string is deprecated in ROOTPATH\SysAdmin\Controllers\Article.php on line 59.
 1 ROOTPATH\SysAdmin\Controllers\Article.php(59): trim(null)
 2 ROOTPATH\SysAdmin\Controllers\Article.php(26): SysAdmin\Controllers\Article->condition()
 3 SYSTEMPATH\CodeIgniter.php(933): SysAdmin\Controllers\Article->index()
 4 SYSTEMPATH\CodeIgniter.php(507): CodeIgniter\CodeIgniter->runController(Object(SysAdmin\Controllers\Article))
 5 SYSTEMPATH\CodeIgniter.php(354): CodeIgniter\CodeIgniter->handleRequest(null, Object(Config\Cache), false)
 6 SYSTEMPATH\Boot.php(334): CodeIgniter\CodeIgniter->run()
 7 SYSTEMPATH\Boot.php(67): CodeIgniter\Boot::runCodeIgniter(Object(CodeIgniter\CodeIgniter))
 8 FCPATH\index.php(56): CodeIgniter\Boot::bootWeb(Object(Config\Paths))
WARNING - 2025-03-21 08:22:08 --> [DEPRECATED] trim(): Passing null to parameter #1 ($string) of type string is deprecated in ROOTPATH\SysAdmin\Controllers\Article.php on line 63.
 1 ROOTPATH\SysAdmin\Controllers\Article.php(63): trim(null)
 2 ROOTPATH\SysAdmin\Controllers\Article.php(26): SysAdmin\Controllers\Article->condition()
 3 SYSTEMPATH\CodeIgniter.php(933): SysAdmin\Controllers\Article->index()
 4 SYSTEMPATH\CodeIgniter.php(507): CodeIgniter\CodeIgniter->runController(Object(SysAdmin\Controllers\Article))
 5 SYSTEMPATH\CodeIgniter.php(354): CodeIgniter\CodeIgniter->handleRequest(null, Object(Config\Cache), false)
 6 SYSTEMPATH\Boot.php(334): CodeIgniter\CodeIgniter->run()
 7 SYSTEMPATH\Boot.php(67): CodeIgniter\Boot::runCodeIgniter(Object(CodeIgniter\CodeIgniter))
 8 FCPATH\index.php(56): CodeIgniter\Boot::bootWeb(Object(Config\Paths))
WARNING - 2025-03-21 08:22:08 --> [DEPRECATED] trim(): Passing null to parameter #1 ($string) of type string is deprecated in ROOTPATH\SysAdmin\Controllers\Article.php on line 67.
 1 ROOTPATH\SysAdmin\Controllers\Article.php(67): trim(null)
 2 ROOTPATH\SysAdmin\Controllers\Article.php(26): SysAdmin\Controllers\Article->condition()
 3 SYSTEMPATH\CodeIgniter.php(933): SysAdmin\Controllers\Article->index()
 4 SYSTEMPATH\CodeIgniter.php(507): CodeIgniter\CodeIgniter->runController(Object(SysAdmin\Controllers\Article))
 5 SYSTEMPATH\CodeIgniter.php(354): CodeIgniter\CodeIgniter->handleRequest(null, Object(Config\Cache), false)
 6 SYSTEMPATH\Boot.php(334): CodeIgniter\CodeIgniter->run()
 7 SYSTEMPATH\Boot.php(67): CodeIgniter\Boot::runCodeIgniter(Object(CodeIgniter\CodeIgniter))
 8 FCPATH\index.php(56): CodeIgniter\Boot::bootWeb(Object(Config\Paths))
WARNING - 2025-03-21 08:22:08 --> [DEPRECATED] trim(): Passing null to parameter #1 ($string) of type string is deprecated in ROOTPATH\SysAdmin\Controllers\Article.php on line 71.
 1 ROOTPATH\SysAdmin\Controllers\Article.php(71): trim(null)
 2 ROOTPATH\SysAdmin\Controllers\Article.php(26): SysAdmin\Controllers\Article->condition()
 3 SYSTEMPATH\CodeIgniter.php(933): SysAdmin\Controllers\Article->index()
 4 SYSTEMPATH\CodeIgniter.php(507): CodeIgniter\CodeIgniter->runController(Object(SysAdmin\Controllers\Article))
 5 SYSTEMPATH\CodeIgniter.php(354): CodeIgniter\CodeIgniter->handleRequest(null, Object(Config\Cache), false)
 6 SYSTEMPATH\Boot.php(334): CodeIgniter\CodeIgniter->run()
 7 SYSTEMPATH\Boot.php(67): CodeIgniter\Boot::runCodeIgniter(Object(CodeIgniter\CodeIgniter))
 8 FCPATH\index.php(56): CodeIgniter\Boot::bootWeb(Object(Config\Paths))
WARNING - 2025-03-21 08:22:08 --> [DEPRECATED] Optional parameter $id declared before required parameter $content is implicitly treated as a required parameter in ROOTPATH\SysAdmin\Models\ArticleModel.php on line 34.
 1 SYSTEMPATH\Autoloader\Autoloader.php(316): include_once('E:\\web\\XAMPP\\htdocs\\test\\system\\Debug\\Exceptions.php')
 2 SYSTEMPATH\Autoloader\Autoloader.php(295): CodeIgniter\Autoloader\Autoloader->includeFile('E:\\web\\XAMPP\\htdocs\\test\\SysAdmin\\Models\\ArticleModel.php')
 3 SYSTEMPATH\Autoloader\Autoloader.php(271): CodeIgniter\Autoloader\Autoloader->loadInNamespace('SysAdmin\\Models\\ArticleModel')
 4 ROOTPATH\SysAdmin\Controllers\Article.php(29): CodeIgniter\Autoloader\Autoloader->loadClass('SysAdmin\\Models\\ArticleModel')
 5 SYSTEMPATH\CodeIgniter.php(933): SysAdmin\Controllers\Article->index()
 6 SYSTEMPATH\CodeIgniter.php(507): CodeIgniter\CodeIgniter->runController(Object(SysAdmin\Controllers\Article))
 7 SYSTEMPATH\CodeIgniter.php(354): CodeIgniter\CodeIgniter->handleRequest(null, Object(Config\Cache), false)
 8 SYSTEMPATH\Boot.php(334): CodeIgniter\CodeIgniter->run()
 9 SYSTEMPATH\Boot.php(67): CodeIgniter\Boot::runCodeIgniter(Object(CodeIgniter\CodeIgniter))
10 FCPATH\index.php(56): CodeIgniter\Boot::bootWeb(Object(Config\Paths))
WARNING - 2025-03-21 08:22:08 --> [DEPRECATED] Optional parameter $sarray declared before required parameter $id is implicitly treated as a required parameter in ROOTPATH\SysAdmin\Models\NavModel.php on line 17.
 1 SYSTEMPATH\Autoloader\Autoloader.php(316): include_once('E:\\web\\XAMPP\\htdocs\\test\\system\\Debug\\Exceptions.php')
 2 SYSTEMPATH\Autoloader\Autoloader.php(295): CodeIgniter\Autoloader\Autoloader->includeFile('E:\\web\\XAMPP\\htdocs\\test\\SysAdmin\\Models\\NavModel.php')
 3 SYSTEMPATH\Autoloader\Autoloader.php(271): CodeIgniter\Autoloader\Autoloader->loadInNamespace('SysAdmin\\Models\\NavModel')
 4 ROOTPATH\SysAdmin\Controllers\Article.php(30): CodeIgniter\Autoloader\Autoloader->loadClass('SysAdmin\\Models\\NavModel')
 5 SYSTEMPATH\CodeIgniter.php(933): SysAdmin\Controllers\Article->index()
 6 SYSTEMPATH\CodeIgniter.php(507): CodeIgniter\CodeIgniter->runController(Object(SysAdmin\Controllers\Article))
 7 SYSTEMPATH\CodeIgniter.php(354): CodeIgniter\CodeIgniter->handleRequest(null, Object(Config\Cache), false)
 8 SYSTEMPATH\Boot.php(334): CodeIgniter\CodeIgniter->run()
 9 SYSTEMPATH\Boot.php(67): CodeIgniter\Boot::runCodeIgniter(Object(CodeIgniter\CodeIgniter))
10 FCPATH\index.php(56): CodeIgniter\Boot::bootWeb(Object(Config\Paths))
WARNING - 2025-03-21 08:22:08 --> [DEPRECATED] Optional parameter $sarray declared before required parameter $id is implicitly treated as a required parameter in ROOTPATH\SysAdmin\Models\NavModel.php on line 25.
 1 SYSTEMPATH\Autoloader\Autoloader.php(316): include_once('E:\\web\\XAMPP\\htdocs\\test\\system\\Debug\\Exceptions.php')
 2 SYSTEMPATH\Autoloader\Autoloader.php(295): CodeIgniter\Autoloader\Autoloader->includeFile('E:\\web\\XAMPP\\htdocs\\test\\SysAdmin\\Models\\NavModel.php')
 3 SYSTEMPATH\Autoloader\Autoloader.php(271): CodeIgniter\Autoloader\Autoloader->loadInNamespace('SysAdmin\\Models\\NavModel')
 4 ROOTPATH\SysAdmin\Controllers\Article.php(30): CodeIgniter\Autoloader\Autoloader->loadClass('SysAdmin\\Models\\NavModel')
 5 SYSTEMPATH\CodeIgniter.php(933): SysAdmin\Controllers\Article->index()
 6 SYSTEMPATH\CodeIgniter.php(507): CodeIgniter\CodeIgniter->runController(Object(SysAdmin\Controllers\Article))
 7 SYSTEMPATH\CodeIgniter.php(354): CodeIgniter\CodeIgniter->handleRequest(null, Object(Config\Cache), false)
 8 SYSTEMPATH\Boot.php(334): CodeIgniter\CodeIgniter->run()
 9 SYSTEMPATH\Boot.php(67): CodeIgniter\Boot::runCodeIgniter(Object(CodeIgniter\CodeIgniter))
10 FCPATH\index.php(56): CodeIgniter\Boot::bootWeb(Object(Config\Paths))
DEBUG - 2025-03-21 08:22:09 --> Session: Class initialized using 'CodeIgniter\Session\Handlers\FileHandler' driver.
WARNING - 2025-03-21 08:22:09 --> [DEPRECATED] Creation of dynamic property SysAdmin\Controllers\Article::$session is deprecated in ROOTPATH\SysAdmin\Controllers\BaseController.php on line 51.
 1 ROOTPATH\SysAdmin\Controllers\Article.php(10): SysAdmin\Controllers\BaseController->__construct()
 2 SYSTEMPATH\CodeIgniter.php(903): SysAdmin\Controllers\Article->__construct()
 3 SYSTEMPATH\CodeIgniter.php(498): CodeIgniter\CodeIgniter->createController()
 4 SYSTEMPATH\CodeIgniter.php(354): CodeIgniter\CodeIgniter->handleRequest(null, Object(Config\Cache), false)
 5 SYSTEMPATH\Boot.php(334): CodeIgniter\CodeIgniter->run()
 6 SYSTEMPATH\Boot.php(67): CodeIgniter\Boot::runCodeIgniter(Object(CodeIgniter\CodeIgniter))
 7 FCPATH\index.php(56): CodeIgniter\Boot::bootWeb(Object(Config\Paths))
WARNING - 2025-03-21 08:22:09 --> [DEPRECATED] Creation of dynamic property SysAdmin\Controllers\Article::$encrypter is deprecated in ROOTPATH\SysAdmin\Controllers\BaseController.php on line 52.
 1 ROOTPATH\SysAdmin\Controllers\Article.php(10): SysAdmin\Controllers\BaseController->__construct()
 2 SYSTEMPATH\CodeIgniter.php(903): SysAdmin\Controllers\Article->__construct()
 3 SYSTEMPATH\CodeIgniter.php(498): CodeIgniter\CodeIgniter->createController()
 4 SYSTEMPATH\CodeIgniter.php(354): CodeIgniter\CodeIgniter->handleRequest(null, Object(Config\Cache), false)
 5 SYSTEMPATH\Boot.php(334): CodeIgniter\CodeIgniter->run()
 6 SYSTEMPATH\Boot.php(67): CodeIgniter\Boot::runCodeIgniter(Object(CodeIgniter\CodeIgniter))
 7 FCPATH\index.php(56): CodeIgniter\Boot::bootWeb(Object(Config\Paths))
WARNING - 2025-03-21 08:22:09 --> [DEPRECATED] Creation of dynamic property SysAdmin\Controllers\Article::$nav_mold is deprecated in ROOTPATH\SysAdmin\Controllers\Article.php on line 11.
 1 SYSTEMPATH\CodeIgniter.php(903): SysAdmin\Controllers\Article->__construct()
 2 SYSTEMPATH\CodeIgniter.php(498): CodeIgniter\CodeIgniter->createController()
 3 SYSTEMPATH\CodeIgniter.php(354): CodeIgniter\CodeIgniter->handleRequest(null, Object(Config\Cache), false)
 4 SYSTEMPATH\Boot.php(334): CodeIgniter\CodeIgniter->run()
 5 SYSTEMPATH\Boot.php(67): CodeIgniter\Boot::runCodeIgniter(Object(CodeIgniter\CodeIgniter))
 6 FCPATH\index.php(56): CodeIgniter\Boot::bootWeb(Object(Config\Paths))
WARNING - 2025-03-21 08:22:09 --> [DEPRECATED] trim(): Passing null to parameter #1 ($string) of type string is deprecated in ROOTPATH\SysAdmin\Controllers\Article.php on line 55.
 1 ROOTPATH\SysAdmin\Controllers\Article.php(55): trim(null)
 2 ROOTPATH\SysAdmin\Controllers\Article.php(26): SysAdmin\Controllers\Article->condition()
 3 SYSTEMPATH\CodeIgniter.php(933): SysAdmin\Controllers\Article->index()
 4 SYSTEMPATH\CodeIgniter.php(507): CodeIgniter\CodeIgniter->runController(Object(SysAdmin\Controllers\Article))
 5 SYSTEMPATH\CodeIgniter.php(354): CodeIgniter\CodeIgniter->handleRequest(null, Object(Config\Cache), false)
 6 SYSTEMPATH\Boot.php(334): CodeIgniter\CodeIgniter->run()
 7 SYSTEMPATH\Boot.php(67): CodeIgniter\Boot::runCodeIgniter(Object(CodeIgniter\CodeIgniter))
 8 FCPATH\index.php(56): CodeIgniter\Boot::bootWeb(Object(Config\Paths))
WARNING - 2025-03-21 08:22:09 --> [DEPRECATED] trim(): Passing null to parameter #1 ($string) of type string is deprecated in ROOTPATH\SysAdmin\Controllers\Article.php on line 59.
 1 ROOTPATH\SysAdmin\Controllers\Article.php(59): trim(null)
 2 ROOTPATH\SysAdmin\Controllers\Article.php(26): SysAdmin\Controllers\Article->condition()
 3 SYSTEMPATH\CodeIgniter.php(933): SysAdmin\Controllers\Article->index()
 4 SYSTEMPATH\CodeIgniter.php(507): CodeIgniter\CodeIgniter->runController(Object(SysAdmin\Controllers\Article))
 5 SYSTEMPATH\CodeIgniter.php(354): CodeIgniter\CodeIgniter->handleRequest(null, Object(Config\Cache), false)
 6 SYSTEMPATH\Boot.php(334): CodeIgniter\CodeIgniter->run()
 7 SYSTEMPATH\Boot.php(67): CodeIgniter\Boot::runCodeIgniter(Object(CodeIgniter\CodeIgniter))
 8 FCPATH\index.php(56): CodeIgniter\Boot::bootWeb(Object(Config\Paths))
WARNING - 2025-03-21 08:22:09 --> [DEPRECATED] trim(): Passing null to parameter #1 ($string) of type string is deprecated in ROOTPATH\SysAdmin\Controllers\Article.php on line 63.
 1 ROOTPATH\SysAdmin\Controllers\Article.php(63): trim(null)
 2 ROOTPATH\SysAdmin\Controllers\Article.php(26): SysAdmin\Controllers\Article->condition()
 3 SYSTEMPATH\CodeIgniter.php(933): SysAdmin\Controllers\Article->index()
 4 SYSTEMPATH\CodeIgniter.php(507): CodeIgniter\CodeIgniter->runController(Object(SysAdmin\Controllers\Article))
 5 SYSTEMPATH\CodeIgniter.php(354): CodeIgniter\CodeIgniter->handleRequest(null, Object(Config\Cache), false)
 6 SYSTEMPATH\Boot.php(334): CodeIgniter\CodeIgniter->run()
 7 SYSTEMPATH\Boot.php(67): CodeIgniter\Boot::runCodeIgniter(Object(CodeIgniter\CodeIgniter))
 8 FCPATH\index.php(56): CodeIgniter\Boot::bootWeb(Object(Config\Paths))
WARNING - 2025-03-21 08:22:09 --> [DEPRECATED] trim(): Passing null to parameter #1 ($string) of type string is deprecated in ROOTPATH\SysAdmin\Controllers\Article.php on line 67.
 1 ROOTPATH\SysAdmin\Controllers\Article.php(67): trim(null)
 2 ROOTPATH\SysAdmin\Controllers\Article.php(26): SysAdmin\Controllers\Article->condition()
 3 SYSTEMPATH\CodeIgniter.php(933): SysAdmin\Controllers\Article->index()
 4 SYSTEMPATH\CodeIgniter.php(507): CodeIgniter\CodeIgniter->runController(Object(SysAdmin\Controllers\Article))
 5 SYSTEMPATH\CodeIgniter.php(354): CodeIgniter\CodeIgniter->handleRequest(null, Object(Config\Cache), false)
 6 SYSTEMPATH\Boot.php(334): CodeIgniter\CodeIgniter->run()
 7 SYSTEMPATH\Boot.php(67): CodeIgniter\Boot::runCodeIgniter(Object(CodeIgniter\CodeIgniter))
 8 FCPATH\index.php(56): CodeIgniter\Boot::bootWeb(Object(Config\Paths))
WARNING - 2025-03-21 08:22:09 --> [DEPRECATED] trim(): Passing null to parameter #1 ($string) of type string is deprecated in ROOTPATH\SysAdmin\Controllers\Article.php on line 71.
 1 ROOTPATH\SysAdmin\Controllers\Article.php(71): trim(null)
 2 ROOTPATH\SysAdmin\Controllers\Article.php(26): SysAdmin\Controllers\Article->condition()
 3 SYSTEMPATH\CodeIgniter.php(933): SysAdmin\Controllers\Article->index()
 4 SYSTEMPATH\CodeIgniter.php(507): CodeIgniter\CodeIgniter->runController(Object(SysAdmin\Controllers\Article))
 5 SYSTEMPATH\CodeIgniter.php(354): CodeIgniter\CodeIgniter->handleRequest(null, Object(Config\Cache), false)
 6 SYSTEMPATH\Boot.php(334): CodeIgniter\CodeIgniter->run()
 7 SYSTEMPATH\Boot.php(67): CodeIgniter\Boot::runCodeIgniter(Object(CodeIgniter\CodeIgniter))
 8 FCPATH\index.php(56): CodeIgniter\Boot::bootWeb(Object(Config\Paths))
WARNING - 2025-03-21 08:22:09 --> [DEPRECATED] Optional parameter $id declared before required parameter $content is implicitly treated as a required parameter in ROOTPATH\SysAdmin\Models\ArticleModel.php on line 34.
 1 SYSTEMPATH\Autoloader\Autoloader.php(316): include_once('E:\\web\\XAMPP\\htdocs\\test\\system\\Debug\\Exceptions.php')
 2 SYSTEMPATH\Autoloader\Autoloader.php(295): CodeIgniter\Autoloader\Autoloader->includeFile('E:\\web\\XAMPP\\htdocs\\test\\SysAdmin\\Models\\ArticleModel.php')
 3 SYSTEMPATH\Autoloader\Autoloader.php(271): CodeIgniter\Autoloader\Autoloader->loadInNamespace('SysAdmin\\Models\\ArticleModel')
 4 ROOTPATH\SysAdmin\Controllers\Article.php(29): CodeIgniter\Autoloader\Autoloader->loadClass('SysAdmin\\Models\\ArticleModel')
 5 SYSTEMPATH\CodeIgniter.php(933): SysAdmin\Controllers\Article->index()
 6 SYSTEMPATH\CodeIgniter.php(507): CodeIgniter\CodeIgniter->runController(Object(SysAdmin\Controllers\Article))
 7 SYSTEMPATH\CodeIgniter.php(354): CodeIgniter\CodeIgniter->handleRequest(null, Object(Config\Cache), false)
 8 SYSTEMPATH\Boot.php(334): CodeIgniter\CodeIgniter->run()
 9 SYSTEMPATH\Boot.php(67): CodeIgniter\Boot::runCodeIgniter(Object(CodeIgniter\CodeIgniter))
10 FCPATH\index.php(56): CodeIgniter\Boot::bootWeb(Object(Config\Paths))
WARNING - 2025-03-21 08:22:09 --> [DEPRECATED] Optional parameter $sarray declared before required parameter $id is implicitly treated as a required parameter in ROOTPATH\SysAdmin\Models\NavModel.php on line 17.
 1 SYSTEMPATH\Autoloader\Autoloader.php(316): include_once('E:\\web\\XAMPP\\htdocs\\test\\system\\Debug\\Exceptions.php')
 2 SYSTEMPATH\Autoloader\Autoloader.php(295): CodeIgniter\Autoloader\Autoloader->includeFile('E:\\web\\XAMPP\\htdocs\\test\\SysAdmin\\Models\\NavModel.php')
 3 SYSTEMPATH\Autoloader\Autoloader.php(271): CodeIgniter\Autoloader\Autoloader->loadInNamespace('SysAdmin\\Models\\NavModel')
 4 ROOTPATH\SysAdmin\Controllers\Article.php(30): CodeIgniter\Autoloader\Autoloader->loadClass('SysAdmin\\Models\\NavModel')
 5 SYSTEMPATH\CodeIgniter.php(933): SysAdmin\Controllers\Article->index()
 6 SYSTEMPATH\CodeIgniter.php(507): CodeIgniter\CodeIgniter->runController(Object(SysAdmin\Controllers\Article))
 7 SYSTEMPATH\CodeIgniter.php(354): CodeIgniter\CodeIgniter->handleRequest(null, Object(Config\Cache), false)
 8 SYSTEMPATH\Boot.php(334): CodeIgniter\CodeIgniter->run()
 9 SYSTEMPATH\Boot.php(67): CodeIgniter\Boot::runCodeIgniter(Object(CodeIgniter\CodeIgniter))
10 FCPATH\index.php(56): CodeIgniter\Boot::bootWeb(Object(Config\Paths))
WARNING - 2025-03-21 08:22:09 --> [DEPRECATED] Optional parameter $sarray declared before required parameter $id is implicitly treated as a required parameter in ROOTPATH\SysAdmin\Models\NavModel.php on line 25.
 1 SYSTEMPATH\Autoloader\Autoloader.php(316): include_once('E:\\web\\XAMPP\\htdocs\\test\\system\\Debug\\Exceptions.php')
 2 SYSTEMPATH\Autoloader\Autoloader.php(295): CodeIgniter\Autoloader\Autoloader->includeFile('E:\\web\\XAMPP\\htdocs\\test\\SysAdmin\\Models\\NavModel.php')
 3 SYSTEMPATH\Autoloader\Autoloader.php(271): CodeIgniter\Autoloader\Autoloader->loadInNamespace('SysAdmin\\Models\\NavModel')
 4 ROOTPATH\SysAdmin\Controllers\Article.php(30): CodeIgniter\Autoloader\Autoloader->loadClass('SysAdmin\\Models\\NavModel')
 5 SYSTEMPATH\CodeIgniter.php(933): SysAdmin\Controllers\Article->index()
 6 SYSTEMPATH\CodeIgniter.php(507): CodeIgniter\CodeIgniter->runController(Object(SysAdmin\Controllers\Article))
 7 SYSTEMPATH\CodeIgniter.php(354): CodeIgniter\CodeIgniter->handleRequest(null, Object(Config\Cache), false)
 8 SYSTEMPATH\Boot.php(334): CodeIgniter\CodeIgniter->run()
 9 SYSTEMPATH\Boot.php(67): CodeIgniter\Boot::runCodeIgniter(Object(CodeIgniter\CodeIgniter))
10 FCPATH\index.php(56): CodeIgniter\Boot::bootWeb(Object(Config\Paths))
DEBUG - 2025-03-21 08:24:15 --> Session: Class initialized using 'CodeIgniter\Session\Handlers\FileHandler' driver.
WARNING - 2025-03-21 08:24:15 --> [DEPRECATED] Creation of dynamic property SysAdmin\Controllers\Persons::$session is deprecated in ROOTPATH\SysAdmin\Controllers\BaseController.php on line 51.
 1 ROOTPATH\SysAdmin\Controllers\Persons.php(8): SysAdmin\Controllers\BaseController->__construct()
 2 SYSTEMPATH\CodeIgniter.php(903): SysAdmin\Controllers\Persons->__construct()
 3 SYSTEMPATH\CodeIgniter.php(498): CodeIgniter\CodeIgniter->createController()
 4 SYSTEMPATH\CodeIgniter.php(354): CodeIgniter\CodeIgniter->handleRequest(null, Object(Config\Cache), false)
 5 SYSTEMPATH\Boot.php(334): CodeIgniter\CodeIgniter->run()
 6 SYSTEMPATH\Boot.php(67): CodeIgniter\Boot::runCodeIgniter(Object(CodeIgniter\CodeIgniter))
 7 FCPATH\index.php(56): CodeIgniter\Boot::bootWeb(Object(Config\Paths))
WARNING - 2025-03-21 08:24:15 --> [DEPRECATED] Creation of dynamic property SysAdmin\Controllers\Persons::$encrypter is deprecated in ROOTPATH\SysAdmin\Controllers\BaseController.php on line 52.
 1 ROOTPATH\SysAdmin\Controllers\Persons.php(8): SysAdmin\Controllers\BaseController->__construct()
 2 SYSTEMPATH\CodeIgniter.php(903): SysAdmin\Controllers\Persons->__construct()
 3 SYSTEMPATH\CodeIgniter.php(498): CodeIgniter\CodeIgniter->createController()
 4 SYSTEMPATH\CodeIgniter.php(354): CodeIgniter\CodeIgniter->handleRequest(null, Object(Config\Cache), false)
 5 SYSTEMPATH\Boot.php(334): CodeIgniter\CodeIgniter->run()
 6 SYSTEMPATH\Boot.php(67): CodeIgniter\Boot::runCodeIgniter(Object(CodeIgniter\CodeIgniter))
 7 FCPATH\index.php(56): CodeIgniter\Boot::bootWeb(Object(Config\Paths))
WARNING - 2025-03-21 08:24:15 --> [DEPRECATED] Creation of dynamic property SysAdmin\Controllers\Persons::$nav_mold is deprecated in ROOTPATH\SysAdmin\Controllers\Persons.php on line 15.
 1 SYSTEMPATH\CodeIgniter.php(903): SysAdmin\Controllers\Persons->__construct()
 2 SYSTEMPATH\CodeIgniter.php(498): CodeIgniter\CodeIgniter->createController()
 3 SYSTEMPATH\CodeIgniter.php(354): CodeIgniter\CodeIgniter->handleRequest(null, Object(Config\Cache), false)
 4 SYSTEMPATH\Boot.php(334): CodeIgniter\CodeIgniter->run()
 5 SYSTEMPATH\Boot.php(67): CodeIgniter\Boot::runCodeIgniter(Object(CodeIgniter\CodeIgniter))
 6 FCPATH\index.php(56): CodeIgniter\Boot::bootWeb(Object(Config\Paths))
WARNING - 2025-03-21 08:24:15 --> [DEPRECATED] Creation of dynamic property SysAdmin\Controllers\Persons::$PersonsModel is deprecated in ROOTPATH\SysAdmin\Controllers\Persons.php on line 20.
 1 SYSTEMPATH\CodeIgniter.php(903): SysAdmin\Controllers\Persons->__construct()
 2 SYSTEMPATH\CodeIgniter.php(498): CodeIgniter\CodeIgniter->createController()
 3 SYSTEMPATH\CodeIgniter.php(354): CodeIgniter\CodeIgniter->handleRequest(null, Object(Config\Cache), false)
 4 SYSTEMPATH\Boot.php(334): CodeIgniter\CodeIgniter->run()
 5 SYSTEMPATH\Boot.php(67): CodeIgniter\Boot::runCodeIgniter(Object(CodeIgniter\CodeIgniter))
 6 FCPATH\index.php(56): CodeIgniter\Boot::bootWeb(Object(Config\Paths))
WARNING - 2025-03-21 08:24:15 --> [DEPRECATED] trim(): Passing null to parameter #1 ($string) of type string is deprecated in ROOTPATH\SysAdmin\Controllers\Persons.php on line 45.
 1 ROOTPATH\SysAdmin\Controllers\Persons.php(45): trim(null)
 2 ROOTPATH\SysAdmin\Controllers\Persons.php(24): SysAdmin\Controllers\Persons->condition()
 3 SYSTEMPATH\CodeIgniter.php(933): SysAdmin\Controllers\Persons->index()
 4 SYSTEMPATH\CodeIgniter.php(507): CodeIgniter\CodeIgniter->runController(Object(SysAdmin\Controllers\Persons))
 5 SYSTEMPATH\CodeIgniter.php(354): CodeIgniter\CodeIgniter->handleRequest(null, Object(Config\Cache), false)
 6 SYSTEMPATH\Boot.php(334): CodeIgniter\CodeIgniter->run()
 7 SYSTEMPATH\Boot.php(67): CodeIgniter\Boot::runCodeIgniter(Object(CodeIgniter\CodeIgniter))
 8 FCPATH\index.php(56): CodeIgniter\Boot::bootWeb(Object(Config\Paths))
WARNING - 2025-03-21 08:24:15 --> [DEPRECATED] trim(): Passing null to parameter #1 ($string) of type string is deprecated in ROOTPATH\SysAdmin\Controllers\Persons.php on line 50.
 1 ROOTPATH\SysAdmin\Controllers\Persons.php(50): trim(null)
 2 ROOTPATH\SysAdmin\Controllers\Persons.php(24): SysAdmin\Controllers\Persons->condition()
 3 SYSTEMPATH\CodeIgniter.php(933): SysAdmin\Controllers\Persons->index()
 4 SYSTEMPATH\CodeIgniter.php(507): CodeIgniter\CodeIgniter->runController(Object(SysAdmin\Controllers\Persons))
 5 SYSTEMPATH\CodeIgniter.php(354): CodeIgniter\CodeIgniter->handleRequest(null, Object(Config\Cache), false)
 6 SYSTEMPATH\Boot.php(334): CodeIgniter\CodeIgniter->run()
 7 SYSTEMPATH\Boot.php(67): CodeIgniter\Boot::runCodeIgniter(Object(CodeIgniter\CodeIgniter))
 8 FCPATH\index.php(56): CodeIgniter\Boot::bootWeb(Object(Config\Paths))
WARNING - 2025-03-21 08:24:15 --> [DEPRECATED] trim(): Passing null to parameter #1 ($string) of type string is deprecated in ROOTPATH\SysAdmin\Controllers\Persons.php on line 54.
 1 ROOTPATH\SysAdmin\Controllers\Persons.php(54): trim(null)
 2 ROOTPATH\SysAdmin\Controllers\Persons.php(24): SysAdmin\Controllers\Persons->condition()
 3 SYSTEMPATH\CodeIgniter.php(933): SysAdmin\Controllers\Persons->index()
 4 SYSTEMPATH\CodeIgniter.php(507): CodeIgniter\CodeIgniter->runController(Object(SysAdmin\Controllers\Persons))
 5 SYSTEMPATH\CodeIgniter.php(354): CodeIgniter\CodeIgniter->handleRequest(null, Object(Config\Cache), false)
 6 SYSTEMPATH\Boot.php(334): CodeIgniter\CodeIgniter->run()
 7 SYSTEMPATH\Boot.php(67): CodeIgniter\Boot::runCodeIgniter(Object(CodeIgniter\CodeIgniter))
 8 FCPATH\index.php(56): CodeIgniter\Boot::bootWeb(Object(Config\Paths))
WARNING - 2025-03-21 08:24:15 --> [DEPRECATED] trim(): Passing null to parameter #1 ($string) of type string is deprecated in ROOTPATH\SysAdmin\Controllers\Persons.php on line 58.
 1 ROOTPATH\SysAdmin\Controllers\Persons.php(58): trim(null)
 2 ROOTPATH\SysAdmin\Controllers\Persons.php(24): SysAdmin\Controllers\Persons->condition()
 3 SYSTEMPATH\CodeIgniter.php(933): SysAdmin\Controllers\Persons->index()
 4 SYSTEMPATH\CodeIgniter.php(507): CodeIgniter\CodeIgniter->runController(Object(SysAdmin\Controllers\Persons))
 5 SYSTEMPATH\CodeIgniter.php(354): CodeIgniter\CodeIgniter->handleRequest(null, Object(Config\Cache), false)
 6 SYSTEMPATH\Boot.php(334): CodeIgniter\CodeIgniter->run()
 7 SYSTEMPATH\Boot.php(67): CodeIgniter\Boot::runCodeIgniter(Object(CodeIgniter\CodeIgniter))
 8 FCPATH\index.php(56): CodeIgniter\Boot::bootWeb(Object(Config\Paths))
WARNING - 2025-03-21 08:24:15 --> [DEPRECATED] trim(): Passing null to parameter #1 ($string) of type string is deprecated in ROOTPATH\SysAdmin\Controllers\Persons.php on line 62.
 1 ROOTPATH\SysAdmin\Controllers\Persons.php(62): trim(null)
 2 ROOTPATH\SysAdmin\Controllers\Persons.php(24): SysAdmin\Controllers\Persons->condition()
 3 SYSTEMPATH\CodeIgniter.php(933): SysAdmin\Controllers\Persons->index()
 4 SYSTEMPATH\CodeIgniter.php(507): CodeIgniter\CodeIgniter->runController(Object(SysAdmin\Controllers\Persons))
 5 SYSTEMPATH\CodeIgniter.php(354): CodeIgniter\CodeIgniter->handleRequest(null, Object(Config\Cache), false)
 6 SYSTEMPATH\Boot.php(334): CodeIgniter\CodeIgniter->run()
 7 SYSTEMPATH\Boot.php(67): CodeIgniter\Boot::runCodeIgniter(Object(CodeIgniter\CodeIgniter))
 8 FCPATH\index.php(56): CodeIgniter\Boot::bootWeb(Object(Config\Paths))
DEBUG - 2025-03-21 08:24:21 --> Session: Class initialized using 'CodeIgniter\Session\Handlers\FileHandler' driver.
WARNING - 2025-03-21 08:24:22 --> [DEPRECATED] Creation of dynamic property SysAdmin\Controllers\Site::$session is deprecated in ROOTPATH\SysAdmin\Controllers\BaseController.php on line 51.
 1 ROOTPATH\SysAdmin\Controllers\Site.php(14): SysAdmin\Controllers\BaseController->__construct()
 2 SYSTEMPATH\CodeIgniter.php(903): SysAdmin\Controllers\Site->__construct()
 3 SYSTEMPATH\CodeIgniter.php(498): CodeIgniter\CodeIgniter->createController()
 4 SYSTEMPATH\CodeIgniter.php(354): CodeIgniter\CodeIgniter->handleRequest(null, Object(Config\Cache), false)
 5 SYSTEMPATH\Boot.php(334): CodeIgniter\CodeIgniter->run()
 6 SYSTEMPATH\Boot.php(67): CodeIgniter\Boot::runCodeIgniter(Object(CodeIgniter\CodeIgniter))
 7 FCPATH\index.php(56): CodeIgniter\Boot::bootWeb(Object(Config\Paths))
WARNING - 2025-03-21 08:24:22 --> [DEPRECATED] Creation of dynamic property SysAdmin\Controllers\Site::$encrypter is deprecated in ROOTPATH\SysAdmin\Controllers\BaseController.php on line 52.
 1 ROOTPATH\SysAdmin\Controllers\Site.php(14): SysAdmin\Controllers\BaseController->__construct()
 2 SYSTEMPATH\CodeIgniter.php(903): SysAdmin\Controllers\Site->__construct()
 3 SYSTEMPATH\CodeIgniter.php(498): CodeIgniter\CodeIgniter->createController()
 4 SYSTEMPATH\CodeIgniter.php(354): CodeIgniter\CodeIgniter->handleRequest(null, Object(Config\Cache), false)
 5 SYSTEMPATH\Boot.php(334): CodeIgniter\CodeIgniter->run()
 6 SYSTEMPATH\Boot.php(67): CodeIgniter\Boot::runCodeIgniter(Object(CodeIgniter\CodeIgniter))
 7 FCPATH\index.php(56): CodeIgniter\Boot::bootWeb(Object(Config\Paths))
WARNING - 2025-03-21 08:24:22 --> [DEPRECATED] Creation of dynamic property SysAdmin\Controllers\Site::$nav_mold is deprecated in ROOTPATH\SysAdmin\Controllers\Site.php on line 16.
 1 SYSTEMPATH\CodeIgniter.php(903): SysAdmin\Controllers\Site->__construct()
 2 SYSTEMPATH\CodeIgniter.php(498): CodeIgniter\CodeIgniter->createController()
 3 SYSTEMPATH\CodeIgniter.php(354): CodeIgniter\CodeIgniter->handleRequest(null, Object(Config\Cache), false)
 4 SYSTEMPATH\Boot.php(334): CodeIgniter\CodeIgniter->run()
 5 SYSTEMPATH\Boot.php(67): CodeIgniter\Boot::runCodeIgniter(Object(CodeIgniter\CodeIgniter))
 6 FCPATH\index.php(56): CodeIgniter\Boot::bootWeb(Object(Config\Paths))
WARNING - 2025-03-21 08:24:22 --> [DEPRECATED] Creation of dynamic property SysAdmin\Controllers\Site::$SiteModel is deprecated in ROOTPATH\SysAdmin\Controllers\Site.php on line 20.
 1 SYSTEMPATH\CodeIgniter.php(903): SysAdmin\Controllers\Site->__construct()
 2 SYSTEMPATH\CodeIgniter.php(498): CodeIgniter\CodeIgniter->createController()
 3 SYSTEMPATH\CodeIgniter.php(354): CodeIgniter\CodeIgniter->handleRequest(null, Object(Config\Cache), false)
 4 SYSTEMPATH\Boot.php(334): CodeIgniter\CodeIgniter->run()
 5 SYSTEMPATH\Boot.php(67): CodeIgniter\Boot::runCodeIgniter(Object(CodeIgniter\CodeIgniter))
 6 FCPATH\index.php(56): CodeIgniter\Boot::bootWeb(Object(Config\Paths))
DEBUG - 2025-03-21 08:24:28 --> Session: Class initialized using 'CodeIgniter\Session\Handlers\FileHandler' driver.
WARNING - 2025-03-21 08:24:28 --> [DEPRECATED] Creation of dynamic property SysAdmin\Controllers\sysCategory::$session is deprecated in ROOTPATH\SysAdmin\Controllers\BaseController.php on line 51.
 1 ROOTPATH\SysAdmin\Controllers\sysCategory.php(9): SysAdmin\Controllers\BaseController->__construct()
 2 SYSTEMPATH\CodeIgniter.php(903): SysAdmin\Controllers\sysCategory->__construct()
 3 SYSTEMPATH\CodeIgniter.php(498): CodeIgniter\CodeIgniter->createController()
 4 SYSTEMPATH\CodeIgniter.php(354): CodeIgniter\CodeIgniter->handleRequest(null, Object(Config\Cache), false)
 5 SYSTEMPATH\Boot.php(334): CodeIgniter\CodeIgniter->run()
 6 SYSTEMPATH\Boot.php(67): CodeIgniter\Boot::runCodeIgniter(Object(CodeIgniter\CodeIgniter))
 7 FCPATH\index.php(56): CodeIgniter\Boot::bootWeb(Object(Config\Paths))
WARNING - 2025-03-21 08:24:28 --> [DEPRECATED] Creation of dynamic property SysAdmin\Controllers\sysCategory::$encrypter is deprecated in ROOTPATH\SysAdmin\Controllers\BaseController.php on line 52.
 1 ROOTPATH\SysAdmin\Controllers\sysCategory.php(9): SysAdmin\Controllers\BaseController->__construct()
 2 SYSTEMPATH\CodeIgniter.php(903): SysAdmin\Controllers\sysCategory->__construct()
 3 SYSTEMPATH\CodeIgniter.php(498): CodeIgniter\CodeIgniter->createController()
 4 SYSTEMPATH\CodeIgniter.php(354): CodeIgniter\CodeIgniter->handleRequest(null, Object(Config\Cache), false)
 5 SYSTEMPATH\Boot.php(334): CodeIgniter\CodeIgniter->run()
 6 SYSTEMPATH\Boot.php(67): CodeIgniter\Boot::runCodeIgniter(Object(CodeIgniter\CodeIgniter))
 7 FCPATH\index.php(56): CodeIgniter\Boot::bootWeb(Object(Config\Paths))
WARNING - 2025-03-21 08:24:28 --> [DEPRECATED] Creation of dynamic property SysAdmin\Controllers\sysCategory::$nav_mold is deprecated in ROOTPATH\SysAdmin\Controllers\sysCategory.php on line 10.
 1 SYSTEMPATH\CodeIgniter.php(903): SysAdmin\Controllers\sysCategory->__construct()
 2 SYSTEMPATH\CodeIgniter.php(498): CodeIgniter\CodeIgniter->createController()
 3 SYSTEMPATH\CodeIgniter.php(354): CodeIgniter\CodeIgniter->handleRequest(null, Object(Config\Cache), false)
 4 SYSTEMPATH\Boot.php(334): CodeIgniter\CodeIgniter->run()
 5 SYSTEMPATH\Boot.php(67): CodeIgniter\Boot::runCodeIgniter(Object(CodeIgniter\CodeIgniter))
 6 FCPATH\index.php(56): CodeIgniter\Boot::bootWeb(Object(Config\Paths))
DEBUG - 2025-03-21 08:30:35 --> Session: Class initialized using 'CodeIgniter\Session\Handlers\FileHandler' driver.
WARNING - 2025-03-21 08:30:35 --> [DEPRECATED] Creation of dynamic property SysAdmin\Controllers\Home::$session is deprecated in ROOTPATH\SysAdmin\Controllers\BaseController.php on line 51.
 1 ROOTPATH\SysAdmin\Controllers\Home.php(10): SysAdmin\Controllers\BaseController->__construct()
 2 SYSTEMPATH\CodeIgniter.php(903): SysAdmin\Controllers\Home->__construct()
 3 SYSTEMPATH\CodeIgniter.php(498): CodeIgniter\CodeIgniter->createController()
 4 SYSTEMPATH\CodeIgniter.php(354): CodeIgniter\CodeIgniter->handleRequest(null, Object(Config\Cache), false)
 5 SYSTEMPATH\Boot.php(334): CodeIgniter\CodeIgniter->run()
 6 SYSTEMPATH\Boot.php(67): CodeIgniter\Boot::runCodeIgniter(Object(CodeIgniter\CodeIgniter))
 7 FCPATH\index.php(56): CodeIgniter\Boot::bootWeb(Object(Config\Paths))
WARNING - 2025-03-21 08:30:35 --> [DEPRECATED] Creation of dynamic property SysAdmin\Controllers\Home::$encrypter is deprecated in ROOTPATH\SysAdmin\Controllers\BaseController.php on line 52.
 1 ROOTPATH\SysAdmin\Controllers\Home.php(10): SysAdmin\Controllers\BaseController->__construct()
 2 SYSTEMPATH\CodeIgniter.php(903): SysAdmin\Controllers\Home->__construct()
 3 SYSTEMPATH\CodeIgniter.php(498): CodeIgniter\CodeIgniter->createController()
 4 SYSTEMPATH\CodeIgniter.php(354): CodeIgniter\CodeIgniter->handleRequest(null, Object(Config\Cache), false)
 5 SYSTEMPATH\Boot.php(334): CodeIgniter\CodeIgniter->run()
 6 SYSTEMPATH\Boot.php(67): CodeIgniter\Boot::runCodeIgniter(Object(CodeIgniter\CodeIgniter))
 7 FCPATH\index.php(56): CodeIgniter\Boot::bootWeb(Object(Config\Paths))
DEBUG - 2025-03-21 08:30:36 --> Session: Class initialized using 'CodeIgniter\Session\Handlers\FileHandler' driver.
WARNING - 2025-03-21 08:30:36 --> [DEPRECATED] Creation of dynamic property SysAdmin\Controllers\Home::$session is deprecated in ROOTPATH\SysAdmin\Controllers\BaseController.php on line 51.
 1 ROOTPATH\SysAdmin\Controllers\Home.php(10): SysAdmin\Controllers\BaseController->__construct()
 2 SYSTEMPATH\CodeIgniter.php(903): SysAdmin\Controllers\Home->__construct()
 3 SYSTEMPATH\CodeIgniter.php(498): CodeIgniter\CodeIgniter->createController()
 4 SYSTEMPATH\CodeIgniter.php(354): CodeIgniter\CodeIgniter->handleRequest(null, Object(Config\Cache), false)
 5 SYSTEMPATH\Boot.php(334): CodeIgniter\CodeIgniter->run()
 6 SYSTEMPATH\Boot.php(67): CodeIgniter\Boot::runCodeIgniter(Object(CodeIgniter\CodeIgniter))
 7 FCPATH\index.php(56): CodeIgniter\Boot::bootWeb(Object(Config\Paths))
WARNING - 2025-03-21 08:30:36 --> [DEPRECATED] Creation of dynamic property SysAdmin\Controllers\Home::$encrypter is deprecated in ROOTPATH\SysAdmin\Controllers\BaseController.php on line 52.
 1 ROOTPATH\SysAdmin\Controllers\Home.php(10): SysAdmin\Controllers\BaseController->__construct()
 2 SYSTEMPATH\CodeIgniter.php(903): SysAdmin\Controllers\Home->__construct()
 3 SYSTEMPATH\CodeIgniter.php(498): CodeIgniter\CodeIgniter->createController()
 4 SYSTEMPATH\CodeIgniter.php(354): CodeIgniter\CodeIgniter->handleRequest(null, Object(Config\Cache), false)
 5 SYSTEMPATH\Boot.php(334): CodeIgniter\CodeIgniter->run()
 6 SYSTEMPATH\Boot.php(67): CodeIgniter\Boot::runCodeIgniter(Object(CodeIgniter\CodeIgniter))
 7 FCPATH\index.php(56): CodeIgniter\Boot::bootWeb(Object(Config\Paths))
DEBUG - 2025-03-21 08:30:36 --> Session: Class initialized using 'CodeIgniter\Session\Handlers\FileHandler' driver.
WARNING - 2025-03-21 08:30:36 --> [DEPRECATED] Creation of dynamic property SysAdmin\Controllers\Home::$session is deprecated in ROOTPATH\SysAdmin\Controllers\BaseController.php on line 51.
 1 ROOTPATH\SysAdmin\Controllers\Home.php(10): SysAdmin\Controllers\BaseController->__construct()
 2 SYSTEMPATH\CodeIgniter.php(903): SysAdmin\Controllers\Home->__construct()
 3 SYSTEMPATH\CodeIgniter.php(498): CodeIgniter\CodeIgniter->createController()
 4 SYSTEMPATH\CodeIgniter.php(354): CodeIgniter\CodeIgniter->handleRequest(null, Object(Config\Cache), false)
 5 SYSTEMPATH\Boot.php(334): CodeIgniter\CodeIgniter->run()
 6 SYSTEMPATH\Boot.php(67): CodeIgniter\Boot::runCodeIgniter(Object(CodeIgniter\CodeIgniter))
 7 FCPATH\index.php(56): CodeIgniter\Boot::bootWeb(Object(Config\Paths))
WARNING - 2025-03-21 08:30:36 --> [DEPRECATED] Creation of dynamic property SysAdmin\Controllers\Home::$encrypter is deprecated in ROOTPATH\SysAdmin\Controllers\BaseController.php on line 52.
 1 ROOTPATH\SysAdmin\Controllers\Home.php(10): SysAdmin\Controllers\BaseController->__construct()
 2 SYSTEMPATH\CodeIgniter.php(903): SysAdmin\Controllers\Home->__construct()
 3 SYSTEMPATH\CodeIgniter.php(498): CodeIgniter\CodeIgniter->createController()
 4 SYSTEMPATH\CodeIgniter.php(354): CodeIgniter\CodeIgniter->handleRequest(null, Object(Config\Cache), false)
 5 SYSTEMPATH\Boot.php(334): CodeIgniter\CodeIgniter->run()
 6 SYSTEMPATH\Boot.php(67): CodeIgniter\Boot::runCodeIgniter(Object(CodeIgniter\CodeIgniter))
 7 FCPATH\index.php(56): CodeIgniter\Boot::bootWeb(Object(Config\Paths))
DEBUG - 2025-03-21 08:30:41 --> Session: Class initialized using 'CodeIgniter\Session\Handlers\FileHandler' driver.
WARNING - 2025-03-21 08:30:41 --> [DEPRECATED] Creation of dynamic property SysAdmin\Controllers\Site::$session is deprecated in ROOTPATH\SysAdmin\Controllers\BaseController.php on line 51.
 1 ROOTPATH\SysAdmin\Controllers\Site.php(14): SysAdmin\Controllers\BaseController->__construct()
 2 SYSTEMPATH\CodeIgniter.php(903): SysAdmin\Controllers\Site->__construct()
 3 SYSTEMPATH\CodeIgniter.php(498): CodeIgniter\CodeIgniter->createController()
 4 SYSTEMPATH\CodeIgniter.php(354): CodeIgniter\CodeIgniter->handleRequest(null, Object(Config\Cache), false)
 5 SYSTEMPATH\Boot.php(334): CodeIgniter\CodeIgniter->run()
 6 SYSTEMPATH\Boot.php(67): CodeIgniter\Boot::runCodeIgniter(Object(CodeIgniter\CodeIgniter))
 7 FCPATH\index.php(56): CodeIgniter\Boot::bootWeb(Object(Config\Paths))
WARNING - 2025-03-21 08:30:41 --> [DEPRECATED] Creation of dynamic property SysAdmin\Controllers\Site::$encrypter is deprecated in ROOTPATH\SysAdmin\Controllers\BaseController.php on line 52.
 1 ROOTPATH\SysAdmin\Controllers\Site.php(14): SysAdmin\Controllers\BaseController->__construct()
 2 SYSTEMPATH\CodeIgniter.php(903): SysAdmin\Controllers\Site->__construct()
 3 SYSTEMPATH\CodeIgniter.php(498): CodeIgniter\CodeIgniter->createController()
 4 SYSTEMPATH\CodeIgniter.php(354): CodeIgniter\CodeIgniter->handleRequest(null, Object(Config\Cache), false)
 5 SYSTEMPATH\Boot.php(334): CodeIgniter\CodeIgniter->run()
 6 SYSTEMPATH\Boot.php(67): CodeIgniter\Boot::runCodeIgniter(Object(CodeIgniter\CodeIgniter))
 7 FCPATH\index.php(56): CodeIgniter\Boot::bootWeb(Object(Config\Paths))
WARNING - 2025-03-21 08:30:41 --> [DEPRECATED] Creation of dynamic property SysAdmin\Controllers\Site::$nav_mold is deprecated in ROOTPATH\SysAdmin\Controllers\Site.php on line 16.
 1 SYSTEMPATH\CodeIgniter.php(903): SysAdmin\Controllers\Site->__construct()
 2 SYSTEMPATH\CodeIgniter.php(498): CodeIgniter\CodeIgniter->createController()
 3 SYSTEMPATH\CodeIgniter.php(354): CodeIgniter\CodeIgniter->handleRequest(null, Object(Config\Cache), false)
 4 SYSTEMPATH\Boot.php(334): CodeIgniter\CodeIgniter->run()
 5 SYSTEMPATH\Boot.php(67): CodeIgniter\Boot::runCodeIgniter(Object(CodeIgniter\CodeIgniter))
 6 FCPATH\index.php(56): CodeIgniter\Boot::bootWeb(Object(Config\Paths))
WARNING - 2025-03-21 08:30:41 --> [DEPRECATED] Creation of dynamic property SysAdmin\Controllers\Site::$SiteModel is deprecated in ROOTPATH\SysAdmin\Controllers\Site.php on line 20.
 1 SYSTEMPATH\CodeIgniter.php(903): SysAdmin\Controllers\Site->__construct()
 2 SYSTEMPATH\CodeIgniter.php(498): CodeIgniter\CodeIgniter->createController()
 3 SYSTEMPATH\CodeIgniter.php(354): CodeIgniter\CodeIgniter->handleRequest(null, Object(Config\Cache), false)
 4 SYSTEMPATH\Boot.php(334): CodeIgniter\CodeIgniter->run()
 5 SYSTEMPATH\Boot.php(67): CodeIgniter\Boot::runCodeIgniter(Object(CodeIgniter\CodeIgniter))
 6 FCPATH\index.php(56): CodeIgniter\Boot::bootWeb(Object(Config\Paths))
DEBUG - 2025-03-21 08:30:42 --> Session: Class initialized using 'CodeIgniter\Session\Handlers\FileHandler' driver.
WARNING - 2025-03-21 08:30:42 --> [DEPRECATED] Creation of dynamic property SysAdmin\Controllers\Nav::$session is deprecated in ROOTPATH\SysAdmin\Controllers\BaseController.php on line 51.
 1 ROOTPATH\SysAdmin\Controllers\Nav.php(8): SysAdmin\Controllers\BaseController->__construct()
 2 SYSTEMPATH\CodeIgniter.php(903): SysAdmin\Controllers\Nav->__construct()
 3 SYSTEMPATH\CodeIgniter.php(498): CodeIgniter\CodeIgniter->createController()
 4 SYSTEMPATH\CodeIgniter.php(354): CodeIgniter\CodeIgniter->handleRequest(null, Object(Config\Cache), false)
 5 SYSTEMPATH\Boot.php(334): CodeIgniter\CodeIgniter->run()
 6 SYSTEMPATH\Boot.php(67): CodeIgniter\Boot::runCodeIgniter(Object(CodeIgniter\CodeIgniter))
 7 FCPATH\index.php(56): CodeIgniter\Boot::bootWeb(Object(Config\Paths))
WARNING - 2025-03-21 08:30:42 --> [DEPRECATED] Creation of dynamic property SysAdmin\Controllers\Nav::$encrypter is deprecated in ROOTPATH\SysAdmin\Controllers\BaseController.php on line 52.
 1 ROOTPATH\SysAdmin\Controllers\Nav.php(8): SysAdmin\Controllers\BaseController->__construct()
 2 SYSTEMPATH\CodeIgniter.php(903): SysAdmin\Controllers\Nav->__construct()
 3 SYSTEMPATH\CodeIgniter.php(498): CodeIgniter\CodeIgniter->createController()
 4 SYSTEMPATH\CodeIgniter.php(354): CodeIgniter\CodeIgniter->handleRequest(null, Object(Config\Cache), false)
 5 SYSTEMPATH\Boot.php(334): CodeIgniter\CodeIgniter->run()
 6 SYSTEMPATH\Boot.php(67): CodeIgniter\Boot::runCodeIgniter(Object(CodeIgniter\CodeIgniter))
 7 FCPATH\index.php(56): CodeIgniter\Boot::bootWeb(Object(Config\Paths))
WARNING - 2025-03-21 08:30:42 --> [DEPRECATED] Creation of dynamic property SysAdmin\Controllers\Nav::$nav_mold is deprecated in ROOTPATH\SysAdmin\Controllers\Nav.php on line 9.
 1 SYSTEMPATH\CodeIgniter.php(903): SysAdmin\Controllers\Nav->__construct()
 2 SYSTEMPATH\CodeIgniter.php(498): CodeIgniter\CodeIgniter->createController()
 3 SYSTEMPATH\CodeIgniter.php(354): CodeIgniter\CodeIgniter->handleRequest(null, Object(Config\Cache), false)
 4 SYSTEMPATH\Boot.php(334): CodeIgniter\CodeIgniter->run()
 5 SYSTEMPATH\Boot.php(67): CodeIgniter\Boot::runCodeIgniter(Object(CodeIgniter\CodeIgniter))
 6 FCPATH\index.php(56): CodeIgniter\Boot::bootWeb(Object(Config\Paths))
WARNING - 2025-03-21 08:30:42 --> [DEPRECATED] Optional parameter $sarray declared before required parameter $id is implicitly treated as a required parameter in ROOTPATH\SysAdmin\Models\NavModel.php on line 17.
 1 SYSTEMPATH\Autoloader\Autoloader.php(316): include_once('E:\\web\\XAMPP\\htdocs\\test\\system\\Debug\\Exceptions.php')
 2 SYSTEMPATH\Autoloader\Autoloader.php(295): CodeIgniter\Autoloader\Autoloader->includeFile('E:\\web\\XAMPP\\htdocs\\test\\SysAdmin\\Models\\NavModel.php')
 3 SYSTEMPATH\Autoloader\Autoloader.php(271): CodeIgniter\Autoloader\Autoloader->loadInNamespace('SysAdmin\\Models\\NavModel')
 4 ROOTPATH\SysAdmin\Controllers\Nav.php(24): CodeIgniter\Autoloader\Autoloader->loadClass('SysAdmin\\Models\\NavModel')
 5 SYSTEMPATH\CodeIgniter.php(933): SysAdmin\Controllers\Nav->index()
 6 SYSTEMPATH\CodeIgniter.php(507): CodeIgniter\CodeIgniter->runController(Object(SysAdmin\Controllers\Nav))
 7 SYSTEMPATH\CodeIgniter.php(354): CodeIgniter\CodeIgniter->handleRequest(null, Object(Config\Cache), false)
 8 SYSTEMPATH\Boot.php(334): CodeIgniter\CodeIgniter->run()
 9 SYSTEMPATH\Boot.php(67): CodeIgniter\Boot::runCodeIgniter(Object(CodeIgniter\CodeIgniter))
10 FCPATH\index.php(56): CodeIgniter\Boot::bootWeb(Object(Config\Paths))
WARNING - 2025-03-21 08:30:42 --> [DEPRECATED] Optional parameter $sarray declared before required parameter $id is implicitly treated as a required parameter in ROOTPATH\SysAdmin\Models\NavModel.php on line 25.
 1 SYSTEMPATH\Autoloader\Autoloader.php(316): include_once('E:\\web\\XAMPP\\htdocs\\test\\system\\Debug\\Exceptions.php')
 2 SYSTEMPATH\Autoloader\Autoloader.php(295): CodeIgniter\Autoloader\Autoloader->includeFile('E:\\web\\XAMPP\\htdocs\\test\\SysAdmin\\Models\\NavModel.php')
 3 SYSTEMPATH\Autoloader\Autoloader.php(271): CodeIgniter\Autoloader\Autoloader->loadInNamespace('SysAdmin\\Models\\NavModel')
 4 ROOTPATH\SysAdmin\Controllers\Nav.php(24): CodeIgniter\Autoloader\Autoloader->loadClass('SysAdmin\\Models\\NavModel')
 5 SYSTEMPATH\CodeIgniter.php(933): SysAdmin\Controllers\Nav->index()
 6 SYSTEMPATH\CodeIgniter.php(507): CodeIgniter\CodeIgniter->runController(Object(SysAdmin\Controllers\Nav))
 7 SYSTEMPATH\CodeIgniter.php(354): CodeIgniter\CodeIgniter->handleRequest(null, Object(Config\Cache), false)
 8 SYSTEMPATH\Boot.php(334): CodeIgniter\CodeIgniter->run()
 9 SYSTEMPATH\Boot.php(67): CodeIgniter\Boot::runCodeIgniter(Object(CodeIgniter\CodeIgniter))
10 FCPATH\index.php(56): CodeIgniter\Boot::bootWeb(Object(Config\Paths))
DEBUG - 2025-03-21 08:30:43 --> Session: Class initialized using 'CodeIgniter\Session\Handlers\FileHandler' driver.
WARNING - 2025-03-21 08:30:43 --> [DEPRECATED] Creation of dynamic property SysAdmin\Controllers\sysCategory::$session is deprecated in ROOTPATH\SysAdmin\Controllers\BaseController.php on line 51.
 1 ROOTPATH\SysAdmin\Controllers\sysCategory.php(9): SysAdmin\Controllers\BaseController->__construct()
 2 SYSTEMPATH\CodeIgniter.php(903): SysAdmin\Controllers\sysCategory->__construct()
 3 SYSTEMPATH\CodeIgniter.php(498): CodeIgniter\CodeIgniter->createController()
 4 SYSTEMPATH\CodeIgniter.php(354): CodeIgniter\CodeIgniter->handleRequest(null, Object(Config\Cache), false)
 5 SYSTEMPATH\Boot.php(334): CodeIgniter\CodeIgniter->run()
 6 SYSTEMPATH\Boot.php(67): CodeIgniter\Boot::runCodeIgniter(Object(CodeIgniter\CodeIgniter))
 7 FCPATH\index.php(56): CodeIgniter\Boot::bootWeb(Object(Config\Paths))
WARNING - 2025-03-21 08:30:43 --> [DEPRECATED] Creation of dynamic property SysAdmin\Controllers\sysCategory::$encrypter is deprecated in ROOTPATH\SysAdmin\Controllers\BaseController.php on line 52.
 1 ROOTPATH\SysAdmin\Controllers\sysCategory.php(9): SysAdmin\Controllers\BaseController->__construct()
 2 SYSTEMPATH\CodeIgniter.php(903): SysAdmin\Controllers\sysCategory->__construct()
 3 SYSTEMPATH\CodeIgniter.php(498): CodeIgniter\CodeIgniter->createController()
 4 SYSTEMPATH\CodeIgniter.php(354): CodeIgniter\CodeIgniter->handleRequest(null, Object(Config\Cache), false)
 5 SYSTEMPATH\Boot.php(334): CodeIgniter\CodeIgniter->run()
 6 SYSTEMPATH\Boot.php(67): CodeIgniter\Boot::runCodeIgniter(Object(CodeIgniter\CodeIgniter))
 7 FCPATH\index.php(56): CodeIgniter\Boot::bootWeb(Object(Config\Paths))
WARNING - 2025-03-21 08:30:43 --> [DEPRECATED] Creation of dynamic property SysAdmin\Controllers\sysCategory::$nav_mold is deprecated in ROOTPATH\SysAdmin\Controllers\sysCategory.php on line 10.
 1 SYSTEMPATH\CodeIgniter.php(903): SysAdmin\Controllers\sysCategory->__construct()
 2 SYSTEMPATH\CodeIgniter.php(498): CodeIgniter\CodeIgniter->createController()
 3 SYSTEMPATH\CodeIgniter.php(354): CodeIgniter\CodeIgniter->handleRequest(null, Object(Config\Cache), false)
 4 SYSTEMPATH\Boot.php(334): CodeIgniter\CodeIgniter->run()
 5 SYSTEMPATH\Boot.php(67): CodeIgniter\Boot::runCodeIgniter(Object(CodeIgniter\CodeIgniter))
 6 FCPATH\index.php(56): CodeIgniter\Boot::bootWeb(Object(Config\Paths))
DEBUG - 2025-03-21 08:30:50 --> Session: Class initialized using 'CodeIgniter\Session\Handlers\FileHandler' driver.
WARNING - 2025-03-21 08:30:50 --> [DEPRECATED] Creation of dynamic property SysAdmin\Controllers\Authority::$session is deprecated in ROOTPATH\SysAdmin\Controllers\BaseController.php on line 51.
 1 ROOTPATH\SysAdmin\Controllers\Authority.php(11): SysAdmin\Controllers\BaseController->__construct()
 2 SYSTEMPATH\CodeIgniter.php(903): SysAdmin\Controllers\Authority->__construct()
 3 SYSTEMPATH\CodeIgniter.php(498): CodeIgniter\CodeIgniter->createController()
 4 SYSTEMPATH\CodeIgniter.php(354): CodeIgniter\CodeIgniter->handleRequest(null, Object(Config\Cache), false)
 5 SYSTEMPATH\Boot.php(334): CodeIgniter\CodeIgniter->run()
 6 SYSTEMPATH\Boot.php(67): CodeIgniter\Boot::runCodeIgniter(Object(CodeIgniter\CodeIgniter))
 7 FCPATH\index.php(56): CodeIgniter\Boot::bootWeb(Object(Config\Paths))
WARNING - 2025-03-21 08:30:50 --> [DEPRECATED] Creation of dynamic property SysAdmin\Controllers\Authority::$encrypter is deprecated in ROOTPATH\SysAdmin\Controllers\BaseController.php on line 52.
 1 ROOTPATH\SysAdmin\Controllers\Authority.php(11): SysAdmin\Controllers\BaseController->__construct()
 2 SYSTEMPATH\CodeIgniter.php(903): SysAdmin\Controllers\Authority->__construct()
 3 SYSTEMPATH\CodeIgniter.php(498): CodeIgniter\CodeIgniter->createController()
 4 SYSTEMPATH\CodeIgniter.php(354): CodeIgniter\CodeIgniter->handleRequest(null, Object(Config\Cache), false)
 5 SYSTEMPATH\Boot.php(334): CodeIgniter\CodeIgniter->run()
 6 SYSTEMPATH\Boot.php(67): CodeIgniter\Boot::runCodeIgniter(Object(CodeIgniter\CodeIgniter))
 7 FCPATH\index.php(56): CodeIgniter\Boot::bootWeb(Object(Config\Paths))
WARNING - 2025-03-21 08:30:50 --> [DEPRECATED] Creation of dynamic property SysAdmin\Controllers\Authority::$nav_mold is deprecated in ROOTPATH\SysAdmin\Controllers\Authority.php on line 12.
 1 SYSTEMPATH\CodeIgniter.php(903): SysAdmin\Controllers\Authority->__construct()
 2 SYSTEMPATH\CodeIgniter.php(498): CodeIgniter\CodeIgniter->createController()
 3 SYSTEMPATH\CodeIgniter.php(354): CodeIgniter\CodeIgniter->handleRequest(null, Object(Config\Cache), false)
 4 SYSTEMPATH\Boot.php(334): CodeIgniter\CodeIgniter->run()
 5 SYSTEMPATH\Boot.php(67): CodeIgniter\Boot::runCodeIgniter(Object(CodeIgniter\CodeIgniter))
 6 FCPATH\index.php(56): CodeIgniter\Boot::bootWeb(Object(Config\Paths))
DEBUG - 2025-03-21 08:30:52 --> Session: Class initialized using 'CodeIgniter\Session\Handlers\FileHandler' driver.
WARNING - 2025-03-21 08:30:52 --> [DEPRECATED] Creation of dynamic property SysAdmin\Controllers\Authority::$session is deprecated in ROOTPATH\SysAdmin\Controllers\BaseController.php on line 51.
 1 ROOTPATH\SysAdmin\Controllers\Authority.php(11): SysAdmin\Controllers\BaseController->__construct()
 2 SYSTEMPATH\CodeIgniter.php(903): SysAdmin\Controllers\Authority->__construct()
 3 SYSTEMPATH\CodeIgniter.php(498): CodeIgniter\CodeIgniter->createController()
 4 SYSTEMPATH\CodeIgniter.php(354): CodeIgniter\CodeIgniter->handleRequest(null, Object(Config\Cache), false)
 5 SYSTEMPATH\Boot.php(334): CodeIgniter\CodeIgniter->run()
 6 SYSTEMPATH\Boot.php(67): CodeIgniter\Boot::runCodeIgniter(Object(CodeIgniter\CodeIgniter))
 7 FCPATH\index.php(56): CodeIgniter\Boot::bootWeb(Object(Config\Paths))
WARNING - 2025-03-21 08:30:52 --> [DEPRECATED] Creation of dynamic property SysAdmin\Controllers\Authority::$encrypter is deprecated in ROOTPATH\SysAdmin\Controllers\BaseController.php on line 52.
 1 ROOTPATH\SysAdmin\Controllers\Authority.php(11): SysAdmin\Controllers\BaseController->__construct()
 2 SYSTEMPATH\CodeIgniter.php(903): SysAdmin\Controllers\Authority->__construct()
 3 SYSTEMPATH\CodeIgniter.php(498): CodeIgniter\CodeIgniter->createController()
 4 SYSTEMPATH\CodeIgniter.php(354): CodeIgniter\CodeIgniter->handleRequest(null, Object(Config\Cache), false)
 5 SYSTEMPATH\Boot.php(334): CodeIgniter\CodeIgniter->run()
 6 SYSTEMPATH\Boot.php(67): CodeIgniter\Boot::runCodeIgniter(Object(CodeIgniter\CodeIgniter))
 7 FCPATH\index.php(56): CodeIgniter\Boot::bootWeb(Object(Config\Paths))
WARNING - 2025-03-21 08:30:52 --> [DEPRECATED] Creation of dynamic property SysAdmin\Controllers\Authority::$nav_mold is deprecated in ROOTPATH\SysAdmin\Controllers\Authority.php on line 12.
 1 SYSTEMPATH\CodeIgniter.php(903): SysAdmin\Controllers\Authority->__construct()
 2 SYSTEMPATH\CodeIgniter.php(498): CodeIgniter\CodeIgniter->createController()
 3 SYSTEMPATH\CodeIgniter.php(354): CodeIgniter\CodeIgniter->handleRequest(null, Object(Config\Cache), false)
 4 SYSTEMPATH\Boot.php(334): CodeIgniter\CodeIgniter->run()
 5 SYSTEMPATH\Boot.php(67): CodeIgniter\Boot::runCodeIgniter(Object(CodeIgniter\CodeIgniter))
 6 FCPATH\index.php(56): CodeIgniter\Boot::bootWeb(Object(Config\Paths))
DEBUG - 2025-03-21 08:31:00 --> Session: Class initialized using 'CodeIgniter\Session\Handlers\FileHandler' driver.
WARNING - 2025-03-21 08:31:00 --> [DEPRECATED] Creation of dynamic property SysAdmin\Controllers\Authority::$session is deprecated in ROOTPATH\SysAdmin\Controllers\BaseController.php on line 51.
 1 ROOTPATH\SysAdmin\Controllers\Authority.php(11): SysAdmin\Controllers\BaseController->__construct()
 2 SYSTEMPATH\CodeIgniter.php(903): SysAdmin\Controllers\Authority->__construct()
 3 SYSTEMPATH\CodeIgniter.php(498): CodeIgniter\CodeIgniter->createController()
 4 SYSTEMPATH\CodeIgniter.php(354): CodeIgniter\CodeIgniter->handleRequest(null, Object(Config\Cache), false)
 5 SYSTEMPATH\Boot.php(334): CodeIgniter\CodeIgniter->run()
 6 SYSTEMPATH\Boot.php(67): CodeIgniter\Boot::runCodeIgniter(Object(CodeIgniter\CodeIgniter))
 7 FCPATH\index.php(56): CodeIgniter\Boot::bootWeb(Object(Config\Paths))
WARNING - 2025-03-21 08:31:00 --> [DEPRECATED] Creation of dynamic property SysAdmin\Controllers\Authority::$encrypter is deprecated in ROOTPATH\SysAdmin\Controllers\BaseController.php on line 52.
 1 ROOTPATH\SysAdmin\Controllers\Authority.php(11): SysAdmin\Controllers\BaseController->__construct()
 2 SYSTEMPATH\CodeIgniter.php(903): SysAdmin\Controllers\Authority->__construct()
 3 SYSTEMPATH\CodeIgniter.php(498): CodeIgniter\CodeIgniter->createController()
 4 SYSTEMPATH\CodeIgniter.php(354): CodeIgniter\CodeIgniter->handleRequest(null, Object(Config\Cache), false)
 5 SYSTEMPATH\Boot.php(334): CodeIgniter\CodeIgniter->run()
 6 SYSTEMPATH\Boot.php(67): CodeIgniter\Boot::runCodeIgniter(Object(CodeIgniter\CodeIgniter))
 7 FCPATH\index.php(56): CodeIgniter\Boot::bootWeb(Object(Config\Paths))
WARNING - 2025-03-21 08:31:00 --> [DEPRECATED] Creation of dynamic property SysAdmin\Controllers\Authority::$nav_mold is deprecated in ROOTPATH\SysAdmin\Controllers\Authority.php on line 12.
 1 SYSTEMPATH\CodeIgniter.php(903): SysAdmin\Controllers\Authority->__construct()
 2 SYSTEMPATH\CodeIgniter.php(498): CodeIgniter\CodeIgniter->createController()
 3 SYSTEMPATH\CodeIgniter.php(354): CodeIgniter\CodeIgniter->handleRequest(null, Object(Config\Cache), false)
 4 SYSTEMPATH\Boot.php(334): CodeIgniter\CodeIgniter->run()
 5 SYSTEMPATH\Boot.php(67): CodeIgniter\Boot::runCodeIgniter(Object(CodeIgniter\CodeIgniter))
 6 FCPATH\index.php(56): CodeIgniter\Boot::bootWeb(Object(Config\Paths))
DEBUG - 2025-03-21 08:31:11 --> Session: Class initialized using 'CodeIgniter\Session\Handlers\FileHandler' driver.
WARNING - 2025-03-21 08:31:12 --> [DEPRECATED] Creation of dynamic property SysAdmin\Controllers\Authority::$session is deprecated in ROOTPATH\SysAdmin\Controllers\BaseController.php on line 51.
 1 ROOTPATH\SysAdmin\Controllers\Authority.php(11): SysAdmin\Controllers\BaseController->__construct()
 2 SYSTEMPATH\CodeIgniter.php(903): SysAdmin\Controllers\Authority->__construct()
 3 SYSTEMPATH\CodeIgniter.php(498): CodeIgniter\CodeIgniter->createController()
 4 SYSTEMPATH\CodeIgniter.php(354): CodeIgniter\CodeIgniter->handleRequest(null, Object(Config\Cache), false)
 5 SYSTEMPATH\Boot.php(334): CodeIgniter\CodeIgniter->run()
 6 SYSTEMPATH\Boot.php(67): CodeIgniter\Boot::runCodeIgniter(Object(CodeIgniter\CodeIgniter))
 7 FCPATH\index.php(56): CodeIgniter\Boot::bootWeb(Object(Config\Paths))
WARNING - 2025-03-21 08:31:12 --> [DEPRECATED] Creation of dynamic property SysAdmin\Controllers\Authority::$encrypter is deprecated in ROOTPATH\SysAdmin\Controllers\BaseController.php on line 52.
 1 ROOTPATH\SysAdmin\Controllers\Authority.php(11): SysAdmin\Controllers\BaseController->__construct()
 2 SYSTEMPATH\CodeIgniter.php(903): SysAdmin\Controllers\Authority->__construct()
 3 SYSTEMPATH\CodeIgniter.php(498): CodeIgniter\CodeIgniter->createController()
 4 SYSTEMPATH\CodeIgniter.php(354): CodeIgniter\CodeIgniter->handleRequest(null, Object(Config\Cache), false)
 5 SYSTEMPATH\Boot.php(334): CodeIgniter\CodeIgniter->run()
 6 SYSTEMPATH\Boot.php(67): CodeIgniter\Boot::runCodeIgniter(Object(CodeIgniter\CodeIgniter))
 7 FCPATH\index.php(56): CodeIgniter\Boot::bootWeb(Object(Config\Paths))
WARNING - 2025-03-21 08:31:12 --> [DEPRECATED] Creation of dynamic property SysAdmin\Controllers\Authority::$nav_mold is deprecated in ROOTPATH\SysAdmin\Controllers\Authority.php on line 12.
 1 SYSTEMPATH\CodeIgniter.php(903): SysAdmin\Controllers\Authority->__construct()
 2 SYSTEMPATH\CodeIgniter.php(498): CodeIgniter\CodeIgniter->createController()
 3 SYSTEMPATH\CodeIgniter.php(354): CodeIgniter\CodeIgniter->handleRequest(null, Object(Config\Cache), false)
 4 SYSTEMPATH\Boot.php(334): CodeIgniter\CodeIgniter->run()
 5 SYSTEMPATH\Boot.php(67): CodeIgniter\Boot::runCodeIgniter(Object(CodeIgniter\CodeIgniter))
 6 FCPATH\index.php(56): CodeIgniter\Boot::bootWeb(Object(Config\Paths))
DEBUG - 2025-03-21 08:31:23 --> Session: Class initialized using 'CodeIgniter\Session\Handlers\FileHandler' driver.
WARNING - 2025-03-21 08:31:23 --> [DEPRECATED] Creation of dynamic property SysAdmin\Controllers\Home::$session is deprecated in ROOTPATH\SysAdmin\Controllers\BaseController.php on line 51.
 1 ROOTPATH\SysAdmin\Controllers\Home.php(10): SysAdmin\Controllers\BaseController->__construct()
 2 SYSTEMPATH\CodeIgniter.php(903): SysAdmin\Controllers\Home->__construct()
 3 SYSTEMPATH\CodeIgniter.php(498): CodeIgniter\CodeIgniter->createController()
 4 SYSTEMPATH\CodeIgniter.php(354): CodeIgniter\CodeIgniter->handleRequest(null, Object(Config\Cache), false)
 5 SYSTEMPATH\Boot.php(334): CodeIgniter\CodeIgniter->run()
 6 SYSTEMPATH\Boot.php(67): CodeIgniter\Boot::runCodeIgniter(Object(CodeIgniter\CodeIgniter))
 7 FCPATH\index.php(56): CodeIgniter\Boot::bootWeb(Object(Config\Paths))
WARNING - 2025-03-21 08:31:23 --> [DEPRECATED] Creation of dynamic property SysAdmin\Controllers\Home::$encrypter is deprecated in ROOTPATH\SysAdmin\Controllers\BaseController.php on line 52.
 1 ROOTPATH\SysAdmin\Controllers\Home.php(10): SysAdmin\Controllers\BaseController->__construct()
 2 SYSTEMPATH\CodeIgniter.php(903): SysAdmin\Controllers\Home->__construct()
 3 SYSTEMPATH\CodeIgniter.php(498): CodeIgniter\CodeIgniter->createController()
 4 SYSTEMPATH\CodeIgniter.php(354): CodeIgniter\CodeIgniter->handleRequest(null, Object(Config\Cache), false)
 5 SYSTEMPATH\Boot.php(334): CodeIgniter\CodeIgniter->run()
 6 SYSTEMPATH\Boot.php(67): CodeIgniter\Boot::runCodeIgniter(Object(CodeIgniter\CodeIgniter))
 7 FCPATH\index.php(56): CodeIgniter\Boot::bootWeb(Object(Config\Paths))
DEBUG - 2025-03-21 08:31:24 --> Session: Class initialized using 'CodeIgniter\Session\Handlers\FileHandler' driver.
WARNING - 2025-03-21 08:31:24 --> [DEPRECATED] Creation of dynamic property SysAdmin\Controllers\Home::$session is deprecated in ROOTPATH\SysAdmin\Controllers\BaseController.php on line 51.
 1 ROOTPATH\SysAdmin\Controllers\Home.php(10): SysAdmin\Controllers\BaseController->__construct()
 2 SYSTEMPATH\CodeIgniter.php(903): SysAdmin\Controllers\Home->__construct()
 3 SYSTEMPATH\CodeIgniter.php(498): CodeIgniter\CodeIgniter->createController()
 4 SYSTEMPATH\CodeIgniter.php(354): CodeIgniter\CodeIgniter->handleRequest(null, Object(Config\Cache), false)
 5 SYSTEMPATH\Boot.php(334): CodeIgniter\CodeIgniter->run()
 6 SYSTEMPATH\Boot.php(67): CodeIgniter\Boot::runCodeIgniter(Object(CodeIgniter\CodeIgniter))
 7 FCPATH\index.php(56): CodeIgniter\Boot::bootWeb(Object(Config\Paths))
WARNING - 2025-03-21 08:31:24 --> [DEPRECATED] Creation of dynamic property SysAdmin\Controllers\Home::$encrypter is deprecated in ROOTPATH\SysAdmin\Controllers\BaseController.php on line 52.
 1 ROOTPATH\SysAdmin\Controllers\Home.php(10): SysAdmin\Controllers\BaseController->__construct()
 2 SYSTEMPATH\CodeIgniter.php(903): SysAdmin\Controllers\Home->__construct()
 3 SYSTEMPATH\CodeIgniter.php(498): CodeIgniter\CodeIgniter->createController()
 4 SYSTEMPATH\CodeIgniter.php(354): CodeIgniter\CodeIgniter->handleRequest(null, Object(Config\Cache), false)
 5 SYSTEMPATH\Boot.php(334): CodeIgniter\CodeIgniter->run()
 6 SYSTEMPATH\Boot.php(67): CodeIgniter\Boot::runCodeIgniter(Object(CodeIgniter\CodeIgniter))
 7 FCPATH\index.php(56): CodeIgniter\Boot::bootWeb(Object(Config\Paths))
DEBUG - 2025-03-21 08:31:24 --> Session: Class initialized using 'CodeIgniter\Session\Handlers\FileHandler' driver.
WARNING - 2025-03-21 08:31:24 --> [DEPRECATED] Creation of dynamic property SysAdmin\Controllers\Home::$session is deprecated in ROOTPATH\SysAdmin\Controllers\BaseController.php on line 51.
 1 ROOTPATH\SysAdmin\Controllers\Home.php(10): SysAdmin\Controllers\BaseController->__construct()
 2 SYSTEMPATH\CodeIgniter.php(903): SysAdmin\Controllers\Home->__construct()
 3 SYSTEMPATH\CodeIgniter.php(498): CodeIgniter\CodeIgniter->createController()
 4 SYSTEMPATH\CodeIgniter.php(354): CodeIgniter\CodeIgniter->handleRequest(null, Object(Config\Cache), false)
 5 SYSTEMPATH\Boot.php(334): CodeIgniter\CodeIgniter->run()
 6 SYSTEMPATH\Boot.php(67): CodeIgniter\Boot::runCodeIgniter(Object(CodeIgniter\CodeIgniter))
 7 FCPATH\index.php(56): CodeIgniter\Boot::bootWeb(Object(Config\Paths))
WARNING - 2025-03-21 08:31:24 --> [DEPRECATED] Creation of dynamic property SysAdmin\Controllers\Home::$encrypter is deprecated in ROOTPATH\SysAdmin\Controllers\BaseController.php on line 52.
 1 ROOTPATH\SysAdmin\Controllers\Home.php(10): SysAdmin\Controllers\BaseController->__construct()
 2 SYSTEMPATH\CodeIgniter.php(903): SysAdmin\Controllers\Home->__construct()
 3 SYSTEMPATH\CodeIgniter.php(498): CodeIgniter\CodeIgniter->createController()
 4 SYSTEMPATH\CodeIgniter.php(354): CodeIgniter\CodeIgniter->handleRequest(null, Object(Config\Cache), false)
 5 SYSTEMPATH\Boot.php(334): CodeIgniter\CodeIgniter->run()
 6 SYSTEMPATH\Boot.php(67): CodeIgniter\Boot::runCodeIgniter(Object(CodeIgniter\CodeIgniter))
 7 FCPATH\index.php(56): CodeIgniter\Boot::bootWeb(Object(Config\Paths))
DEBUG - 2025-03-21 08:31:33 --> Session: Class initialized using 'CodeIgniter\Session\Handlers\FileHandler' driver.
WARNING - 2025-03-21 08:31:33 --> [DEPRECATED] Creation of dynamic property SysAdmin\Controllers\sysCategory::$session is deprecated in ROOTPATH\SysAdmin\Controllers\BaseController.php on line 51.
 1 ROOTPATH\SysAdmin\Controllers\sysCategory.php(9): SysAdmin\Controllers\BaseController->__construct()
 2 SYSTEMPATH\CodeIgniter.php(903): SysAdmin\Controllers\sysCategory->__construct()
 3 SYSTEMPATH\CodeIgniter.php(498): CodeIgniter\CodeIgniter->createController()
 4 SYSTEMPATH\CodeIgniter.php(354): CodeIgniter\CodeIgniter->handleRequest(null, Object(Config\Cache), false)
 5 SYSTEMPATH\Boot.php(334): CodeIgniter\CodeIgniter->run()
 6 SYSTEMPATH\Boot.php(67): CodeIgniter\Boot::runCodeIgniter(Object(CodeIgniter\CodeIgniter))
 7 FCPATH\index.php(56): CodeIgniter\Boot::bootWeb(Object(Config\Paths))
WARNING - 2025-03-21 08:31:33 --> [DEPRECATED] Creation of dynamic property SysAdmin\Controllers\sysCategory::$encrypter is deprecated in ROOTPATH\SysAdmin\Controllers\BaseController.php on line 52.
 1 ROOTPATH\SysAdmin\Controllers\sysCategory.php(9): SysAdmin\Controllers\BaseController->__construct()
 2 SYSTEMPATH\CodeIgniter.php(903): SysAdmin\Controllers\sysCategory->__construct()
 3 SYSTEMPATH\CodeIgniter.php(498): CodeIgniter\CodeIgniter->createController()
 4 SYSTEMPATH\CodeIgniter.php(354): CodeIgniter\CodeIgniter->handleRequest(null, Object(Config\Cache), false)
 5 SYSTEMPATH\Boot.php(334): CodeIgniter\CodeIgniter->run()
 6 SYSTEMPATH\Boot.php(67): CodeIgniter\Boot::runCodeIgniter(Object(CodeIgniter\CodeIgniter))
 7 FCPATH\index.php(56): CodeIgniter\Boot::bootWeb(Object(Config\Paths))
WARNING - 2025-03-21 08:31:33 --> [DEPRECATED] Creation of dynamic property SysAdmin\Controllers\sysCategory::$nav_mold is deprecated in ROOTPATH\SysAdmin\Controllers\sysCategory.php on line 10.
 1 SYSTEMPATH\CodeIgniter.php(903): SysAdmin\Controllers\sysCategory->__construct()
 2 SYSTEMPATH\CodeIgniter.php(498): CodeIgniter\CodeIgniter->createController()
 3 SYSTEMPATH\CodeIgniter.php(354): CodeIgniter\CodeIgniter->handleRequest(null, Object(Config\Cache), false)
 4 SYSTEMPATH\Boot.php(334): CodeIgniter\CodeIgniter->run()
 5 SYSTEMPATH\Boot.php(67): CodeIgniter\Boot::runCodeIgniter(Object(CodeIgniter\CodeIgniter))
 6 FCPATH\index.php(56): CodeIgniter\Boot::bootWeb(Object(Config\Paths))
DEBUG - 2025-03-21 08:31:36 --> Session: Class initialized using 'CodeIgniter\Session\Handlers\FileHandler' driver.
WARNING - 2025-03-21 08:31:36 --> [DEPRECATED] Creation of dynamic property SysAdmin\Controllers\sysCategory::$session is deprecated in ROOTPATH\SysAdmin\Controllers\BaseController.php on line 51.
 1 ROOTPATH\SysAdmin\Controllers\sysCategory.php(9): SysAdmin\Controllers\BaseController->__construct()
 2 SYSTEMPATH\CodeIgniter.php(903): SysAdmin\Controllers\sysCategory->__construct()
 3 SYSTEMPATH\CodeIgniter.php(498): CodeIgniter\CodeIgniter->createController()
 4 SYSTEMPATH\CodeIgniter.php(354): CodeIgniter\CodeIgniter->handleRequest(null, Object(Config\Cache), false)
 5 SYSTEMPATH\Boot.php(334): CodeIgniter\CodeIgniter->run()
 6 SYSTEMPATH\Boot.php(67): CodeIgniter\Boot::runCodeIgniter(Object(CodeIgniter\CodeIgniter))
 7 FCPATH\index.php(56): CodeIgniter\Boot::bootWeb(Object(Config\Paths))
WARNING - 2025-03-21 08:31:36 --> [DEPRECATED] Creation of dynamic property SysAdmin\Controllers\sysCategory::$encrypter is deprecated in ROOTPATH\SysAdmin\Controllers\BaseController.php on line 52.
 1 ROOTPATH\SysAdmin\Controllers\sysCategory.php(9): SysAdmin\Controllers\BaseController->__construct()
 2 SYSTEMPATH\CodeIgniter.php(903): SysAdmin\Controllers\sysCategory->__construct()
 3 SYSTEMPATH\CodeIgniter.php(498): CodeIgniter\CodeIgniter->createController()
 4 SYSTEMPATH\CodeIgniter.php(354): CodeIgniter\CodeIgniter->handleRequest(null, Object(Config\Cache), false)
 5 SYSTEMPATH\Boot.php(334): CodeIgniter\CodeIgniter->run()
 6 SYSTEMPATH\Boot.php(67): CodeIgniter\Boot::runCodeIgniter(Object(CodeIgniter\CodeIgniter))
 7 FCPATH\index.php(56): CodeIgniter\Boot::bootWeb(Object(Config\Paths))
WARNING - 2025-03-21 08:31:36 --> [DEPRECATED] Creation of dynamic property SysAdmin\Controllers\sysCategory::$nav_mold is deprecated in ROOTPATH\SysAdmin\Controllers\sysCategory.php on line 10.
 1 SYSTEMPATH\CodeIgniter.php(903): SysAdmin\Controllers\sysCategory->__construct()
 2 SYSTEMPATH\CodeIgniter.php(498): CodeIgniter\CodeIgniter->createController()
 3 SYSTEMPATH\CodeIgniter.php(354): CodeIgniter\CodeIgniter->handleRequest(null, Object(Config\Cache), false)
 4 SYSTEMPATH\Boot.php(334): CodeIgniter\CodeIgniter->run()
 5 SYSTEMPATH\Boot.php(67): CodeIgniter\Boot::runCodeIgniter(Object(CodeIgniter\CodeIgniter))
 6 FCPATH\index.php(56): CodeIgniter\Boot::bootWeb(Object(Config\Paths))
DEBUG - 2025-03-21 08:31:46 --> Session: Class initialized using 'CodeIgniter\Session\Handlers\FileHandler' driver.
WARNING - 2025-03-21 08:31:46 --> [DEPRECATED] Creation of dynamic property SysAdmin\Controllers\sysCategory::$session is deprecated in ROOTPATH\SysAdmin\Controllers\BaseController.php on line 51.
 1 ROOTPATH\SysAdmin\Controllers\sysCategory.php(9): SysAdmin\Controllers\BaseController->__construct()
 2 SYSTEMPATH\CodeIgniter.php(903): SysAdmin\Controllers\sysCategory->__construct()
 3 SYSTEMPATH\CodeIgniter.php(498): CodeIgniter\CodeIgniter->createController()
 4 SYSTEMPATH\CodeIgniter.php(354): CodeIgniter\CodeIgniter->handleRequest(null, Object(Config\Cache), false)
 5 SYSTEMPATH\Boot.php(334): CodeIgniter\CodeIgniter->run()
 6 SYSTEMPATH\Boot.php(67): CodeIgniter\Boot::runCodeIgniter(Object(CodeIgniter\CodeIgniter))
 7 FCPATH\index.php(56): CodeIgniter\Boot::bootWeb(Object(Config\Paths))
WARNING - 2025-03-21 08:31:46 --> [DEPRECATED] Creation of dynamic property SysAdmin\Controllers\sysCategory::$encrypter is deprecated in ROOTPATH\SysAdmin\Controllers\BaseController.php on line 52.
 1 ROOTPATH\SysAdmin\Controllers\sysCategory.php(9): SysAdmin\Controllers\BaseController->__construct()
 2 SYSTEMPATH\CodeIgniter.php(903): SysAdmin\Controllers\sysCategory->__construct()
 3 SYSTEMPATH\CodeIgniter.php(498): CodeIgniter\CodeIgniter->createController()
 4 SYSTEMPATH\CodeIgniter.php(354): CodeIgniter\CodeIgniter->handleRequest(null, Object(Config\Cache), false)
 5 SYSTEMPATH\Boot.php(334): CodeIgniter\CodeIgniter->run()
 6 SYSTEMPATH\Boot.php(67): CodeIgniter\Boot::runCodeIgniter(Object(CodeIgniter\CodeIgniter))
 7 FCPATH\index.php(56): CodeIgniter\Boot::bootWeb(Object(Config\Paths))
WARNING - 2025-03-21 08:31:46 --> [DEPRECATED] Creation of dynamic property SysAdmin\Controllers\sysCategory::$nav_mold is deprecated in ROOTPATH\SysAdmin\Controllers\sysCategory.php on line 10.
 1 SYSTEMPATH\CodeIgniter.php(903): SysAdmin\Controllers\sysCategory->__construct()
 2 SYSTEMPATH\CodeIgniter.php(498): CodeIgniter\CodeIgniter->createController()
 3 SYSTEMPATH\CodeIgniter.php(354): CodeIgniter\CodeIgniter->handleRequest(null, Object(Config\Cache), false)
 4 SYSTEMPATH\Boot.php(334): CodeIgniter\CodeIgniter->run()
 5 SYSTEMPATH\Boot.php(67): CodeIgniter\Boot::runCodeIgniter(Object(CodeIgniter\CodeIgniter))
 6 FCPATH\index.php(56): CodeIgniter\Boot::bootWeb(Object(Config\Paths))
DEBUG - 2025-03-21 08:31:47 --> Session: Class initialized using 'CodeIgniter\Session\Handlers\FileHandler' driver.
WARNING - 2025-03-21 08:31:47 --> [DEPRECATED] Creation of dynamic property SysAdmin\Controllers\sysCategory::$session is deprecated in ROOTPATH\SysAdmin\Controllers\BaseController.php on line 51.
 1 ROOTPATH\SysAdmin\Controllers\sysCategory.php(9): SysAdmin\Controllers\BaseController->__construct()
 2 SYSTEMPATH\CodeIgniter.php(903): SysAdmin\Controllers\sysCategory->__construct()
 3 SYSTEMPATH\CodeIgniter.php(498): CodeIgniter\CodeIgniter->createController()
 4 SYSTEMPATH\CodeIgniter.php(354): CodeIgniter\CodeIgniter->handleRequest(null, Object(Config\Cache), false)
 5 SYSTEMPATH\Boot.php(334): CodeIgniter\CodeIgniter->run()
 6 SYSTEMPATH\Boot.php(67): CodeIgniter\Boot::runCodeIgniter(Object(CodeIgniter\CodeIgniter))
 7 FCPATH\index.php(56): CodeIgniter\Boot::bootWeb(Object(Config\Paths))
WARNING - 2025-03-21 08:31:47 --> [DEPRECATED] Creation of dynamic property SysAdmin\Controllers\sysCategory::$encrypter is deprecated in ROOTPATH\SysAdmin\Controllers\BaseController.php on line 52.
 1 ROOTPATH\SysAdmin\Controllers\sysCategory.php(9): SysAdmin\Controllers\BaseController->__construct()
 2 SYSTEMPATH\CodeIgniter.php(903): SysAdmin\Controllers\sysCategory->__construct()
 3 SYSTEMPATH\CodeIgniter.php(498): CodeIgniter\CodeIgniter->createController()
 4 SYSTEMPATH\CodeIgniter.php(354): CodeIgniter\CodeIgniter->handleRequest(null, Object(Config\Cache), false)
 5 SYSTEMPATH\Boot.php(334): CodeIgniter\CodeIgniter->run()
 6 SYSTEMPATH\Boot.php(67): CodeIgniter\Boot::runCodeIgniter(Object(CodeIgniter\CodeIgniter))
 7 FCPATH\index.php(56): CodeIgniter\Boot::bootWeb(Object(Config\Paths))
WARNING - 2025-03-21 08:31:47 --> [DEPRECATED] Creation of dynamic property SysAdmin\Controllers\sysCategory::$nav_mold is deprecated in ROOTPATH\SysAdmin\Controllers\sysCategory.php on line 10.
 1 SYSTEMPATH\CodeIgniter.php(903): SysAdmin\Controllers\sysCategory->__construct()
 2 SYSTEMPATH\CodeIgniter.php(498): CodeIgniter\CodeIgniter->createController()
 3 SYSTEMPATH\CodeIgniter.php(354): CodeIgniter\CodeIgniter->handleRequest(null, Object(Config\Cache), false)
 4 SYSTEMPATH\Boot.php(334): CodeIgniter\CodeIgniter->run()
 5 SYSTEMPATH\Boot.php(67): CodeIgniter\Boot::runCodeIgniter(Object(CodeIgniter\CodeIgniter))
 6 FCPATH\index.php(56): CodeIgniter\Boot::bootWeb(Object(Config\Paths))
DEBUG - 2025-03-21 08:31:47 --> Session: Class initialized using 'CodeIgniter\Session\Handlers\FileHandler' driver.
WARNING - 2025-03-21 08:31:47 --> [DEPRECATED] Creation of dynamic property SysAdmin\Controllers\sysCategory::$session is deprecated in ROOTPATH\SysAdmin\Controllers\BaseController.php on line 51.
 1 ROOTPATH\SysAdmin\Controllers\sysCategory.php(9): SysAdmin\Controllers\BaseController->__construct()
 2 SYSTEMPATH\CodeIgniter.php(903): SysAdmin\Controllers\sysCategory->__construct()
 3 SYSTEMPATH\CodeIgniter.php(498): CodeIgniter\CodeIgniter->createController()
 4 SYSTEMPATH\CodeIgniter.php(354): CodeIgniter\CodeIgniter->handleRequest(null, Object(Config\Cache), false)
 5 SYSTEMPATH\Boot.php(334): CodeIgniter\CodeIgniter->run()
 6 SYSTEMPATH\Boot.php(67): CodeIgniter\Boot::runCodeIgniter(Object(CodeIgniter\CodeIgniter))
 7 FCPATH\index.php(56): CodeIgniter\Boot::bootWeb(Object(Config\Paths))
WARNING - 2025-03-21 08:31:47 --> [DEPRECATED] Creation of dynamic property SysAdmin\Controllers\sysCategory::$encrypter is deprecated in ROOTPATH\SysAdmin\Controllers\BaseController.php on line 52.
 1 ROOTPATH\SysAdmin\Controllers\sysCategory.php(9): SysAdmin\Controllers\BaseController->__construct()
 2 SYSTEMPATH\CodeIgniter.php(903): SysAdmin\Controllers\sysCategory->__construct()
 3 SYSTEMPATH\CodeIgniter.php(498): CodeIgniter\CodeIgniter->createController()
 4 SYSTEMPATH\CodeIgniter.php(354): CodeIgniter\CodeIgniter->handleRequest(null, Object(Config\Cache), false)
 5 SYSTEMPATH\Boot.php(334): CodeIgniter\CodeIgniter->run()
 6 SYSTEMPATH\Boot.php(67): CodeIgniter\Boot::runCodeIgniter(Object(CodeIgniter\CodeIgniter))
 7 FCPATH\index.php(56): CodeIgniter\Boot::bootWeb(Object(Config\Paths))
WARNING - 2025-03-21 08:31:47 --> [DEPRECATED] Creation of dynamic property SysAdmin\Controllers\sysCategory::$nav_mold is deprecated in ROOTPATH\SysAdmin\Controllers\sysCategory.php on line 10.
 1 SYSTEMPATH\CodeIgniter.php(903): SysAdmin\Controllers\sysCategory->__construct()
 2 SYSTEMPATH\CodeIgniter.php(498): CodeIgniter\CodeIgniter->createController()
 3 SYSTEMPATH\CodeIgniter.php(354): CodeIgniter\CodeIgniter->handleRequest(null, Object(Config\Cache), false)
 4 SYSTEMPATH\Boot.php(334): CodeIgniter\CodeIgniter->run()
 5 SYSTEMPATH\Boot.php(67): CodeIgniter\Boot::runCodeIgniter(Object(CodeIgniter\CodeIgniter))
 6 FCPATH\index.php(56): CodeIgniter\Boot::bootWeb(Object(Config\Paths))
DEBUG - 2025-03-21 08:31:49 --> Session: Class initialized using 'CodeIgniter\Session\Handlers\FileHandler' driver.
WARNING - 2025-03-21 08:31:49 --> [DEPRECATED] Creation of dynamic property SysAdmin\Controllers\Home::$session is deprecated in ROOTPATH\SysAdmin\Controllers\BaseController.php on line 51.
 1 ROOTPATH\SysAdmin\Controllers\Home.php(10): SysAdmin\Controllers\BaseController->__construct()
 2 SYSTEMPATH\CodeIgniter.php(903): SysAdmin\Controllers\Home->__construct()
 3 SYSTEMPATH\CodeIgniter.php(498): CodeIgniter\CodeIgniter->createController()
 4 SYSTEMPATH\CodeIgniter.php(354): CodeIgniter\CodeIgniter->handleRequest(null, Object(Config\Cache), false)
 5 SYSTEMPATH\Boot.php(334): CodeIgniter\CodeIgniter->run()
 6 SYSTEMPATH\Boot.php(67): CodeIgniter\Boot::runCodeIgniter(Object(CodeIgniter\CodeIgniter))
 7 FCPATH\index.php(56): CodeIgniter\Boot::bootWeb(Object(Config\Paths))
WARNING - 2025-03-21 08:31:49 --> [DEPRECATED] Creation of dynamic property SysAdmin\Controllers\Home::$encrypter is deprecated in ROOTPATH\SysAdmin\Controllers\BaseController.php on line 52.
 1 ROOTPATH\SysAdmin\Controllers\Home.php(10): SysAdmin\Controllers\BaseController->__construct()
 2 SYSTEMPATH\CodeIgniter.php(903): SysAdmin\Controllers\Home->__construct()
 3 SYSTEMPATH\CodeIgniter.php(498): CodeIgniter\CodeIgniter->createController()
 4 SYSTEMPATH\CodeIgniter.php(354): CodeIgniter\CodeIgniter->handleRequest(null, Object(Config\Cache), false)
 5 SYSTEMPATH\Boot.php(334): CodeIgniter\CodeIgniter->run()
 6 SYSTEMPATH\Boot.php(67): CodeIgniter\Boot::runCodeIgniter(Object(CodeIgniter\CodeIgniter))
 7 FCPATH\index.php(56): CodeIgniter\Boot::bootWeb(Object(Config\Paths))
DEBUG - 2025-03-21 08:31:49 --> Session: Class initialized using 'CodeIgniter\Session\Handlers\FileHandler' driver.
WARNING - 2025-03-21 08:31:49 --> [DEPRECATED] Creation of dynamic property SysAdmin\Controllers\Home::$session is deprecated in ROOTPATH\SysAdmin\Controllers\BaseController.php on line 51.
 1 ROOTPATH\SysAdmin\Controllers\Home.php(10): SysAdmin\Controllers\BaseController->__construct()
 2 SYSTEMPATH\CodeIgniter.php(903): SysAdmin\Controllers\Home->__construct()
 3 SYSTEMPATH\CodeIgniter.php(498): CodeIgniter\CodeIgniter->createController()
 4 SYSTEMPATH\CodeIgniter.php(354): CodeIgniter\CodeIgniter->handleRequest(null, Object(Config\Cache), false)
 5 SYSTEMPATH\Boot.php(334): CodeIgniter\CodeIgniter->run()
 6 SYSTEMPATH\Boot.php(67): CodeIgniter\Boot::runCodeIgniter(Object(CodeIgniter\CodeIgniter))
 7 FCPATH\index.php(56): CodeIgniter\Boot::bootWeb(Object(Config\Paths))
WARNING - 2025-03-21 08:31:49 --> [DEPRECATED] Creation of dynamic property SysAdmin\Controllers\Home::$encrypter is deprecated in ROOTPATH\SysAdmin\Controllers\BaseController.php on line 52.
 1 ROOTPATH\SysAdmin\Controllers\Home.php(10): SysAdmin\Controllers\BaseController->__construct()
 2 SYSTEMPATH\CodeIgniter.php(903): SysAdmin\Controllers\Home->__construct()
 3 SYSTEMPATH\CodeIgniter.php(498): CodeIgniter\CodeIgniter->createController()
 4 SYSTEMPATH\CodeIgniter.php(354): CodeIgniter\CodeIgniter->handleRequest(null, Object(Config\Cache), false)
 5 SYSTEMPATH\Boot.php(334): CodeIgniter\CodeIgniter->run()
 6 SYSTEMPATH\Boot.php(67): CodeIgniter\Boot::runCodeIgniter(Object(CodeIgniter\CodeIgniter))
 7 FCPATH\index.php(56): CodeIgniter\Boot::bootWeb(Object(Config\Paths))
DEBUG - 2025-03-21 08:31:50 --> Session: Class initialized using 'CodeIgniter\Session\Handlers\FileHandler' driver.
WARNING - 2025-03-21 08:31:50 --> [DEPRECATED] Creation of dynamic property SysAdmin\Controllers\Home::$session is deprecated in ROOTPATH\SysAdmin\Controllers\BaseController.php on line 51.
 1 ROOTPATH\SysAdmin\Controllers\Home.php(10): SysAdmin\Controllers\BaseController->__construct()
 2 SYSTEMPATH\CodeIgniter.php(903): SysAdmin\Controllers\Home->__construct()
 3 SYSTEMPATH\CodeIgniter.php(498): CodeIgniter\CodeIgniter->createController()
 4 SYSTEMPATH\CodeIgniter.php(354): CodeIgniter\CodeIgniter->handleRequest(null, Object(Config\Cache), false)
 5 SYSTEMPATH\Boot.php(334): CodeIgniter\CodeIgniter->run()
 6 SYSTEMPATH\Boot.php(67): CodeIgniter\Boot::runCodeIgniter(Object(CodeIgniter\CodeIgniter))
 7 FCPATH\index.php(56): CodeIgniter\Boot::bootWeb(Object(Config\Paths))
WARNING - 2025-03-21 08:31:50 --> [DEPRECATED] Creation of dynamic property SysAdmin\Controllers\Home::$encrypter is deprecated in ROOTPATH\SysAdmin\Controllers\BaseController.php on line 52.
 1 ROOTPATH\SysAdmin\Controllers\Home.php(10): SysAdmin\Controllers\BaseController->__construct()
 2 SYSTEMPATH\CodeIgniter.php(903): SysAdmin\Controllers\Home->__construct()
 3 SYSTEMPATH\CodeIgniter.php(498): CodeIgniter\CodeIgniter->createController()
 4 SYSTEMPATH\CodeIgniter.php(354): CodeIgniter\CodeIgniter->handleRequest(null, Object(Config\Cache), false)
 5 SYSTEMPATH\Boot.php(334): CodeIgniter\CodeIgniter->run()
 6 SYSTEMPATH\Boot.php(67): CodeIgniter\Boot::runCodeIgniter(Object(CodeIgniter\CodeIgniter))
 7 FCPATH\index.php(56): CodeIgniter\Boot::bootWeb(Object(Config\Paths))
DEBUG - 2025-03-21 08:31:55 --> Session: Class initialized using 'CodeIgniter\Session\Handlers\FileHandler' driver.
WARNING - 2025-03-21 08:31:55 --> [DEPRECATED] Creation of dynamic property SysAdmin\Controllers\Swipers::$session is deprecated in ROOTPATH\SysAdmin\Controllers\BaseController.php on line 51.
 1 ROOTPATH\SysAdmin\Controllers\Swipers.php(9): SysAdmin\Controllers\BaseController->__construct()
 2 SYSTEMPATH\CodeIgniter.php(903): SysAdmin\Controllers\Swipers->__construct()
 3 SYSTEMPATH\CodeIgniter.php(498): CodeIgniter\CodeIgniter->createController()
 4 SYSTEMPATH\CodeIgniter.php(354): CodeIgniter\CodeIgniter->handleRequest(null, Object(Config\Cache), false)
 5 SYSTEMPATH\Boot.php(334): CodeIgniter\CodeIgniter->run()
 6 SYSTEMPATH\Boot.php(67): CodeIgniter\Boot::runCodeIgniter(Object(CodeIgniter\CodeIgniter))
 7 FCPATH\index.php(56): CodeIgniter\Boot::bootWeb(Object(Config\Paths))
WARNING - 2025-03-21 08:31:55 --> [DEPRECATED] Creation of dynamic property SysAdmin\Controllers\Swipers::$encrypter is deprecated in ROOTPATH\SysAdmin\Controllers\BaseController.php on line 52.
 1 ROOTPATH\SysAdmin\Controllers\Swipers.php(9): SysAdmin\Controllers\BaseController->__construct()
 2 SYSTEMPATH\CodeIgniter.php(903): SysAdmin\Controllers\Swipers->__construct()
 3 SYSTEMPATH\CodeIgniter.php(498): CodeIgniter\CodeIgniter->createController()
 4 SYSTEMPATH\CodeIgniter.php(354): CodeIgniter\CodeIgniter->handleRequest(null, Object(Config\Cache), false)
 5 SYSTEMPATH\Boot.php(334): CodeIgniter\CodeIgniter->run()
 6 SYSTEMPATH\Boot.php(67): CodeIgniter\Boot::runCodeIgniter(Object(CodeIgniter\CodeIgniter))
 7 FCPATH\index.php(56): CodeIgniter\Boot::bootWeb(Object(Config\Paths))
WARNING - 2025-03-21 08:31:55 --> [DEPRECATED] Creation of dynamic property SysAdmin\Controllers\Swipers::$nav_mold is deprecated in ROOTPATH\SysAdmin\Controllers\Swipers.php on line 10.
 1 SYSTEMPATH\CodeIgniter.php(903): SysAdmin\Controllers\Swipers->__construct()
 2 SYSTEMPATH\CodeIgniter.php(498): CodeIgniter\CodeIgniter->createController()
 3 SYSTEMPATH\CodeIgniter.php(354): CodeIgniter\CodeIgniter->handleRequest(null, Object(Config\Cache), false)
 4 SYSTEMPATH\Boot.php(334): CodeIgniter\CodeIgniter->run()
 5 SYSTEMPATH\Boot.php(67): CodeIgniter\Boot::runCodeIgniter(Object(CodeIgniter\CodeIgniter))
 6 FCPATH\index.php(56): CodeIgniter\Boot::bootWeb(Object(Config\Paths))
WARNING - 2025-03-21 08:31:55 --> [DEPRECATED] Creation of dynamic property SysAdmin\Controllers\Swipers::$SwiperModel is deprecated in ROOTPATH\SysAdmin\Controllers\Swipers.php on line 22.
 1 SYSTEMPATH\CodeIgniter.php(903): SysAdmin\Controllers\Swipers->__construct()
 2 SYSTEMPATH\CodeIgniter.php(498): CodeIgniter\CodeIgniter->createController()
 3 SYSTEMPATH\CodeIgniter.php(354): CodeIgniter\CodeIgniter->handleRequest(null, Object(Config\Cache), false)
 4 SYSTEMPATH\Boot.php(334): CodeIgniter\CodeIgniter->run()
 5 SYSTEMPATH\Boot.php(67): CodeIgniter\Boot::runCodeIgniter(Object(CodeIgniter\CodeIgniter))
 6 FCPATH\index.php(56): CodeIgniter\Boot::bootWeb(Object(Config\Paths))
ERROR - 2025-03-21 08:31:55 --> mysqli_sql_exception: Unknown column 'itype' in 'field list' in E:\web\XAMPP\htdocs\test\system\Database\MySQLi\Connection.php:327
Stack trace:
#0 E:\web\XAMPP\htdocs\test\system\Database\MySQLi\Connection.php(327): mysqli->query('SELECT `id`, `t...', 0)
#1 E:\web\XAMPP\htdocs\test\system\Database\BaseConnection.php(738): CodeIgniter\Database\MySQLi\Connection->execute('SELECT `id`, `t...')
#2 E:\web\XAMPP\htdocs\test\system\Database\BaseConnection.php(652): CodeIgniter\Database\BaseConnection->simpleQuery('SELECT `id`, `t...')
#3 E:\web\XAMPP\htdocs\test\system\Database\BaseBuilder.php(1649): CodeIgniter\Database\BaseConnection->query('SELECT `id`, `t...', Array, false)
#4 E:\web\XAMPP\htdocs\test\system\Model.php(928): CodeIgniter\Database\BaseBuilder->get()
#5 E:\web\XAMPP\htdocs\test\SysAdmin\Controllers\Swipers.php(27): CodeIgniter\Model->__call('get', Array)
#6 E:\web\XAMPP\htdocs\test\system\CodeIgniter.php(933): SysAdmin\Controllers\Swipers->index()
#7 E:\web\XAMPP\htdocs\test\system\CodeIgniter.php(507): CodeIgniter\CodeIgniter->runController(Object(SysAdmin\Controllers\Swipers))
#8 E:\web\XAMPP\htdocs\test\system\CodeIgniter.php(354): CodeIgniter\CodeIgniter->handleRequest(NULL, Object(Config\Cache), false)
#9 E:\web\XAMPP\htdocs\test\system\Boot.php(334): CodeIgniter\CodeIgniter->run()
#10 E:\web\XAMPP\htdocs\test\system\Boot.php(67): CodeIgniter\Boot::runCodeIgniter(Object(CodeIgniter\CodeIgniter))
#11 E:\web\XAMPP\htdocs\test\public\index.php(56): CodeIgniter\Boot::bootWeb(Object(Config\Paths))
#12 {main}
CRITICAL - 2025-03-21 08:31:55 --> CodeIgniter\Database\Exceptions\DatabaseException: Unknown column 'itype' in 'field list'
[Method: GET, Route: xccmssys/Swipers]
in SYSTEMPATH\Database\BaseConnection.php on line 692.
 1 SYSTEMPATH\Database\BaseBuilder.php(1649): CodeIgniter\Database\BaseConnection->query('SELECT `id`, `title`, `href`, `is_show`, `itype`, `sort_order`
FROM `c_swipers`', [], false)
 2 SYSTEMPATH\Model.php(928): CodeIgniter\Database\BaseBuilder->get()
 3 ROOTPATH\SysAdmin\Controllers\Swipers.php(27): CodeIgniter\Model->__call('get', [])
 4 SYSTEMPATH\CodeIgniter.php(933): SysAdmin\Controllers\Swipers->index()
 5 SYSTEMPATH\CodeIgniter.php(507): CodeIgniter\CodeIgniter->runController(Object(SysAdmin\Controllers\Swipers))
 6 SYSTEMPATH\CodeIgniter.php(354): CodeIgniter\CodeIgniter->handleRequest(null, Object(Config\Cache), false)
 7 SYSTEMPATH\Boot.php(334): CodeIgniter\CodeIgniter->run()
 8 SYSTEMPATH\Boot.php(67): CodeIgniter\Boot::runCodeIgniter(Object(CodeIgniter\CodeIgniter))
 9 FCPATH\index.php(56): CodeIgniter\Boot::bootWeb(Object(Config\Paths))
CRITICAL - 2025-03-21 08:31:55 --> [Caused by] CodeIgniter\Database\Exceptions\DatabaseException: Unknown column 'itype' in 'field list'
in SYSTEMPATH\Database\MySQLi\Connection.php on line 332.
 1 SYSTEMPATH\Database\BaseConnection.php(738): CodeIgniter\Database\MySQLi\Connection->execute('SELECT `id`, `title`, `href`, `is_show`, `itype`, `sort_order`
FROM `c_swipers`')
 2 SYSTEMPATH\Database\BaseConnection.php(652): CodeIgniter\Database\BaseConnection->simpleQuery('SELECT `id`, `title`, `href`, `is_show`, `itype`, `sort_order`
FROM `c_swipers`')
 3 SYSTEMPATH\Database\BaseBuilder.php(1649): CodeIgniter\Database\BaseConnection->query('SELECT `id`, `title`, `href`, `is_show`, `itype`, `sort_order`
FROM `c_swipers`', [], false)
 4 SYSTEMPATH\Model.php(928): CodeIgniter\Database\BaseBuilder->get()
 5 ROOTPATH\SysAdmin\Controllers\Swipers.php(27): CodeIgniter\Model->__call('get', [])
 6 SYSTEMPATH\CodeIgniter.php(933): SysAdmin\Controllers\Swipers->index()
 7 SYSTEMPATH\CodeIgniter.php(507): CodeIgniter\CodeIgniter->runController(Object(SysAdmin\Controllers\Swipers))
 8 SYSTEMPATH\CodeIgniter.php(354): CodeIgniter\CodeIgniter->handleRequest(null, Object(Config\Cache), false)
 9 SYSTEMPATH\Boot.php(334): CodeIgniter\CodeIgniter->run()
10 SYSTEMPATH\Boot.php(67): CodeIgniter\Boot::runCodeIgniter(Object(CodeIgniter\CodeIgniter))
11 FCPATH\index.php(56): CodeIgniter\Boot::bootWeb(Object(Config\Paths))
CRITICAL - 2025-03-21 08:31:55 --> [Caused by] mysqli_sql_exception: Unknown column 'itype' in 'field list'
in SYSTEMPATH\Database\MySQLi\Connection.php on line 327.
 1 SYSTEMPATH\Database\MySQLi\Connection.php(327): mysqli->query('SELECT `id`, `title`, `href`, `is_show`, `itype`, `sort_order`
FROM `c_swipers`', 0)
 2 SYSTEMPATH\Database\BaseConnection.php(738): CodeIgniter\Database\MySQLi\Connection->execute('SELECT `id`, `title`, `href`, `is_show`, `itype`, `sort_order`
FROM `c_swipers`')
 3 SYSTEMPATH\Database\BaseConnection.php(652): CodeIgniter\Database\BaseConnection->simpleQuery('SELECT `id`, `title`, `href`, `is_show`, `itype`, `sort_order`
FROM `c_swipers`')
 4 SYSTEMPATH\Database\BaseBuilder.php(1649): CodeIgniter\Database\BaseConnection->query('SELECT `id`, `title`, `href`, `is_show`, `itype`, `sort_order`
FROM `c_swipers`', [], false)
 5 SYSTEMPATH\Model.php(928): CodeIgniter\Database\BaseBuilder->get()
 6 ROOTPATH\SysAdmin\Controllers\Swipers.php(27): CodeIgniter\Model->__call('get', [])
 7 SYSTEMPATH\CodeIgniter.php(933): SysAdmin\Controllers\Swipers->index()
 8 SYSTEMPATH\CodeIgniter.php(507): CodeIgniter\CodeIgniter->runController(Object(SysAdmin\Controllers\Swipers))
 9 SYSTEMPATH\CodeIgniter.php(354): CodeIgniter\CodeIgniter->handleRequest(null, Object(Config\Cache), false)
10 SYSTEMPATH\Boot.php(334): CodeIgniter\CodeIgniter->run()
11 SYSTEMPATH\Boot.php(67): CodeIgniter\Boot::runCodeIgniter(Object(CodeIgniter\CodeIgniter))
12 FCPATH\index.php(56): CodeIgniter\Boot::bootWeb(Object(Config\Paths))
DEBUG - 2025-03-21 08:33:16 --> Session: Class initialized using 'CodeIgniter\Session\Handlers\FileHandler' driver.
WARNING - 2025-03-21 08:33:16 --> [DEPRECATED] Creation of dynamic property SysAdmin\Controllers\Swipers::$session is deprecated in ROOTPATH\SysAdmin\Controllers\BaseController.php on line 51.
 1 ROOTPATH\SysAdmin\Controllers\Swipers.php(9): SysAdmin\Controllers\BaseController->__construct()
 2 SYSTEMPATH\CodeIgniter.php(903): SysAdmin\Controllers\Swipers->__construct()
 3 SYSTEMPATH\CodeIgniter.php(498): CodeIgniter\CodeIgniter->createController()
 4 SYSTEMPATH\CodeIgniter.php(354): CodeIgniter\CodeIgniter->handleRequest(null, Object(Config\Cache), false)
 5 SYSTEMPATH\Boot.php(334): CodeIgniter\CodeIgniter->run()
 6 SYSTEMPATH\Boot.php(67): CodeIgniter\Boot::runCodeIgniter(Object(CodeIgniter\CodeIgniter))
 7 FCPATH\index.php(56): CodeIgniter\Boot::bootWeb(Object(Config\Paths))
WARNING - 2025-03-21 08:33:16 --> [DEPRECATED] Creation of dynamic property SysAdmin\Controllers\Swipers::$encrypter is deprecated in ROOTPATH\SysAdmin\Controllers\BaseController.php on line 52.
 1 ROOTPATH\SysAdmin\Controllers\Swipers.php(9): SysAdmin\Controllers\BaseController->__construct()
 2 SYSTEMPATH\CodeIgniter.php(903): SysAdmin\Controllers\Swipers->__construct()
 3 SYSTEMPATH\CodeIgniter.php(498): CodeIgniter\CodeIgniter->createController()
 4 SYSTEMPATH\CodeIgniter.php(354): CodeIgniter\CodeIgniter->handleRequest(null, Object(Config\Cache), false)
 5 SYSTEMPATH\Boot.php(334): CodeIgniter\CodeIgniter->run()
 6 SYSTEMPATH\Boot.php(67): CodeIgniter\Boot::runCodeIgniter(Object(CodeIgniter\CodeIgniter))
 7 FCPATH\index.php(56): CodeIgniter\Boot::bootWeb(Object(Config\Paths))
WARNING - 2025-03-21 08:33:16 --> [DEPRECATED] Creation of dynamic property SysAdmin\Controllers\Swipers::$nav_mold is deprecated in ROOTPATH\SysAdmin\Controllers\Swipers.php on line 10.
 1 SYSTEMPATH\CodeIgniter.php(903): SysAdmin\Controllers\Swipers->__construct()
 2 SYSTEMPATH\CodeIgniter.php(498): CodeIgniter\CodeIgniter->createController()
 3 SYSTEMPATH\CodeIgniter.php(354): CodeIgniter\CodeIgniter->handleRequest(null, Object(Config\Cache), false)
 4 SYSTEMPATH\Boot.php(334): CodeIgniter\CodeIgniter->run()
 5 SYSTEMPATH\Boot.php(67): CodeIgniter\Boot::runCodeIgniter(Object(CodeIgniter\CodeIgniter))
 6 FCPATH\index.php(56): CodeIgniter\Boot::bootWeb(Object(Config\Paths))
WARNING - 2025-03-21 08:33:16 --> [DEPRECATED] Creation of dynamic property SysAdmin\Controllers\Swipers::$SwiperModel is deprecated in ROOTPATH\SysAdmin\Controllers\Swipers.php on line 22.
 1 SYSTEMPATH\CodeIgniter.php(903): SysAdmin\Controllers\Swipers->__construct()
 2 SYSTEMPATH\CodeIgniter.php(498): CodeIgniter\CodeIgniter->createController()
 3 SYSTEMPATH\CodeIgniter.php(354): CodeIgniter\CodeIgniter->handleRequest(null, Object(Config\Cache), false)
 4 SYSTEMPATH\Boot.php(334): CodeIgniter\CodeIgniter->run()
 5 SYSTEMPATH\Boot.php(67): CodeIgniter\Boot::runCodeIgniter(Object(CodeIgniter\CodeIgniter))
 6 FCPATH\index.php(56): CodeIgniter\Boot::bootWeb(Object(Config\Paths))
DEBUG - 2025-03-21 08:33:32 --> Session: Class initialized using 'CodeIgniter\Session\Handlers\FileHandler' driver.
WARNING - 2025-03-21 08:33:32 --> [DEPRECATED] Creation of dynamic property SysAdmin\Controllers\Swipers::$session is deprecated in ROOTPATH\SysAdmin\Controllers\BaseController.php on line 51.
 1 ROOTPATH\SysAdmin\Controllers\Swipers.php(9): SysAdmin\Controllers\BaseController->__construct()
 2 SYSTEMPATH\CodeIgniter.php(903): SysAdmin\Controllers\Swipers->__construct()
 3 SYSTEMPATH\CodeIgniter.php(498): CodeIgniter\CodeIgniter->createController()
 4 SYSTEMPATH\CodeIgniter.php(354): CodeIgniter\CodeIgniter->handleRequest(null, Object(Config\Cache), false)
 5 SYSTEMPATH\Boot.php(334): CodeIgniter\CodeIgniter->run()
 6 SYSTEMPATH\Boot.php(67): CodeIgniter\Boot::runCodeIgniter(Object(CodeIgniter\CodeIgniter))
 7 FCPATH\index.php(56): CodeIgniter\Boot::bootWeb(Object(Config\Paths))
WARNING - 2025-03-21 08:33:32 --> [DEPRECATED] Creation of dynamic property SysAdmin\Controllers\Swipers::$encrypter is deprecated in ROOTPATH\SysAdmin\Controllers\BaseController.php on line 52.
 1 ROOTPATH\SysAdmin\Controllers\Swipers.php(9): SysAdmin\Controllers\BaseController->__construct()
 2 SYSTEMPATH\CodeIgniter.php(903): SysAdmin\Controllers\Swipers->__construct()
 3 SYSTEMPATH\CodeIgniter.php(498): CodeIgniter\CodeIgniter->createController()
 4 SYSTEMPATH\CodeIgniter.php(354): CodeIgniter\CodeIgniter->handleRequest(null, Object(Config\Cache), false)
 5 SYSTEMPATH\Boot.php(334): CodeIgniter\CodeIgniter->run()
 6 SYSTEMPATH\Boot.php(67): CodeIgniter\Boot::runCodeIgniter(Object(CodeIgniter\CodeIgniter))
 7 FCPATH\index.php(56): CodeIgniter\Boot::bootWeb(Object(Config\Paths))
WARNING - 2025-03-21 08:33:32 --> [DEPRECATED] Creation of dynamic property SysAdmin\Controllers\Swipers::$nav_mold is deprecated in ROOTPATH\SysAdmin\Controllers\Swipers.php on line 10.
 1 SYSTEMPATH\CodeIgniter.php(903): SysAdmin\Controllers\Swipers->__construct()
 2 SYSTEMPATH\CodeIgniter.php(498): CodeIgniter\CodeIgniter->createController()
 3 SYSTEMPATH\CodeIgniter.php(354): CodeIgniter\CodeIgniter->handleRequest(null, Object(Config\Cache), false)
 4 SYSTEMPATH\Boot.php(334): CodeIgniter\CodeIgniter->run()
 5 SYSTEMPATH\Boot.php(67): CodeIgniter\Boot::runCodeIgniter(Object(CodeIgniter\CodeIgniter))
 6 FCPATH\index.php(56): CodeIgniter\Boot::bootWeb(Object(Config\Paths))
WARNING - 2025-03-21 08:33:32 --> [DEPRECATED] Creation of dynamic property SysAdmin\Controllers\Swipers::$SwiperModel is deprecated in ROOTPATH\SysAdmin\Controllers\Swipers.php on line 22.
 1 SYSTEMPATH\CodeIgniter.php(903): SysAdmin\Controllers\Swipers->__construct()
 2 SYSTEMPATH\CodeIgniter.php(498): CodeIgniter\CodeIgniter->createController()
 3 SYSTEMPATH\CodeIgniter.php(354): CodeIgniter\CodeIgniter->handleRequest(null, Object(Config\Cache), false)
 4 SYSTEMPATH\Boot.php(334): CodeIgniter\CodeIgniter->run()
 5 SYSTEMPATH\Boot.php(67): CodeIgniter\Boot::runCodeIgniter(Object(CodeIgniter\CodeIgniter))
 6 FCPATH\index.php(56): CodeIgniter\Boot::bootWeb(Object(Config\Paths))
DEBUG - 2025-03-21 08:33:37 --> Session: Class initialized using 'CodeIgniter\Session\Handlers\FileHandler' driver.
WARNING - 2025-03-21 08:33:37 --> [DEPRECATED] Creation of dynamic property SysAdmin\Controllers\upLoad::$session is deprecated in ROOTPATH\SysAdmin\Controllers\BaseController.php on line 51.
 1 SYSTEMPATH\CodeIgniter.php(903): SysAdmin\Controllers\BaseController->__construct()
 2 SYSTEMPATH\CodeIgniter.php(498): CodeIgniter\CodeIgniter->createController()
 3 SYSTEMPATH\CodeIgniter.php(354): CodeIgniter\CodeIgniter->handleRequest(null, Object(Config\Cache), false)
 4 SYSTEMPATH\Boot.php(334): CodeIgniter\CodeIgniter->run()
 5 SYSTEMPATH\Boot.php(67): CodeIgniter\Boot::runCodeIgniter(Object(CodeIgniter\CodeIgniter))
 6 FCPATH\index.php(56): CodeIgniter\Boot::bootWeb(Object(Config\Paths))
WARNING - 2025-03-21 08:33:37 --> [DEPRECATED] Creation of dynamic property SysAdmin\Controllers\upLoad::$encrypter is deprecated in ROOTPATH\SysAdmin\Controllers\BaseController.php on line 52.
 1 SYSTEMPATH\CodeIgniter.php(903): SysAdmin\Controllers\BaseController->__construct()
 2 SYSTEMPATH\CodeIgniter.php(498): CodeIgniter\CodeIgniter->createController()
 3 SYSTEMPATH\CodeIgniter.php(354): CodeIgniter\CodeIgniter->handleRequest(null, Object(Config\Cache), false)
 4 SYSTEMPATH\Boot.php(334): CodeIgniter\CodeIgniter->run()
 5 SYSTEMPATH\Boot.php(67): CodeIgniter\Boot::runCodeIgniter(Object(CodeIgniter\CodeIgniter))
 6 FCPATH\index.php(56): CodeIgniter\Boot::bootWeb(Object(Config\Paths))
DEBUG - 2025-03-21 08:33:39 --> Session: Class initialized using 'CodeIgniter\Session\Handlers\FileHandler' driver.
WARNING - 2025-03-21 08:33:39 --> [DEPRECATED] Creation of dynamic property SysAdmin\Controllers\Swipers::$session is deprecated in ROOTPATH\SysAdmin\Controllers\BaseController.php on line 51.
 1 ROOTPATH\SysAdmin\Controllers\Swipers.php(9): SysAdmin\Controllers\BaseController->__construct()
 2 SYSTEMPATH\CodeIgniter.php(903): SysAdmin\Controllers\Swipers->__construct()
 3 SYSTEMPATH\CodeIgniter.php(498): CodeIgniter\CodeIgniter->createController()
 4 SYSTEMPATH\CodeIgniter.php(354): CodeIgniter\CodeIgniter->handleRequest(null, Object(Config\Cache), false)
 5 SYSTEMPATH\Boot.php(334): CodeIgniter\CodeIgniter->run()
 6 SYSTEMPATH\Boot.php(67): CodeIgniter\Boot::runCodeIgniter(Object(CodeIgniter\CodeIgniter))
 7 FCPATH\index.php(56): CodeIgniter\Boot::bootWeb(Object(Config\Paths))
WARNING - 2025-03-21 08:33:39 --> [DEPRECATED] Creation of dynamic property SysAdmin\Controllers\Swipers::$encrypter is deprecated in ROOTPATH\SysAdmin\Controllers\BaseController.php on line 52.
 1 ROOTPATH\SysAdmin\Controllers\Swipers.php(9): SysAdmin\Controllers\BaseController->__construct()
 2 SYSTEMPATH\CodeIgniter.php(903): SysAdmin\Controllers\Swipers->__construct()
 3 SYSTEMPATH\CodeIgniter.php(498): CodeIgniter\CodeIgniter->createController()
 4 SYSTEMPATH\CodeIgniter.php(354): CodeIgniter\CodeIgniter->handleRequest(null, Object(Config\Cache), false)
 5 SYSTEMPATH\Boot.php(334): CodeIgniter\CodeIgniter->run()
 6 SYSTEMPATH\Boot.php(67): CodeIgniter\Boot::runCodeIgniter(Object(CodeIgniter\CodeIgniter))
 7 FCPATH\index.php(56): CodeIgniter\Boot::bootWeb(Object(Config\Paths))
WARNING - 2025-03-21 08:33:39 --> [DEPRECATED] Creation of dynamic property SysAdmin\Controllers\Swipers::$nav_mold is deprecated in ROOTPATH\SysAdmin\Controllers\Swipers.php on line 10.
 1 SYSTEMPATH\CodeIgniter.php(903): SysAdmin\Controllers\Swipers->__construct()
 2 SYSTEMPATH\CodeIgniter.php(498): CodeIgniter\CodeIgniter->createController()
 3 SYSTEMPATH\CodeIgniter.php(354): CodeIgniter\CodeIgniter->handleRequest(null, Object(Config\Cache), false)
 4 SYSTEMPATH\Boot.php(334): CodeIgniter\CodeIgniter->run()
 5 SYSTEMPATH\Boot.php(67): CodeIgniter\Boot::runCodeIgniter(Object(CodeIgniter\CodeIgniter))
 6 FCPATH\index.php(56): CodeIgniter\Boot::bootWeb(Object(Config\Paths))
WARNING - 2025-03-21 08:33:39 --> [DEPRECATED] Creation of dynamic property SysAdmin\Controllers\Swipers::$SwiperModel is deprecated in ROOTPATH\SysAdmin\Controllers\Swipers.php on line 22.
 1 SYSTEMPATH\CodeIgniter.php(903): SysAdmin\Controllers\Swipers->__construct()
 2 SYSTEMPATH\CodeIgniter.php(498): CodeIgniter\CodeIgniter->createController()
 3 SYSTEMPATH\CodeIgniter.php(354): CodeIgniter\CodeIgniter->handleRequest(null, Object(Config\Cache), false)
 4 SYSTEMPATH\Boot.php(334): CodeIgniter\CodeIgniter->run()
 5 SYSTEMPATH\Boot.php(67): CodeIgniter\Boot::runCodeIgniter(Object(CodeIgniter\CodeIgniter))
 6 FCPATH\index.php(56): CodeIgniter\Boot::bootWeb(Object(Config\Paths))
DEBUG - 2025-03-21 08:33:40 --> Session: Class initialized using 'CodeIgniter\Session\Handlers\FileHandler' driver.
WARNING - 2025-03-21 08:33:40 --> [DEPRECATED] Creation of dynamic property SysAdmin\Controllers\Swipers::$session is deprecated in ROOTPATH\SysAdmin\Controllers\BaseController.php on line 51.
 1 ROOTPATH\SysAdmin\Controllers\Swipers.php(9): SysAdmin\Controllers\BaseController->__construct()
 2 SYSTEMPATH\CodeIgniter.php(903): SysAdmin\Controllers\Swipers->__construct()
 3 SYSTEMPATH\CodeIgniter.php(498): CodeIgniter\CodeIgniter->createController()
 4 SYSTEMPATH\CodeIgniter.php(354): CodeIgniter\CodeIgniter->handleRequest(null, Object(Config\Cache), false)
 5 SYSTEMPATH\Boot.php(334): CodeIgniter\CodeIgniter->run()
 6 SYSTEMPATH\Boot.php(67): CodeIgniter\Boot::runCodeIgniter(Object(CodeIgniter\CodeIgniter))
 7 FCPATH\index.php(56): CodeIgniter\Boot::bootWeb(Object(Config\Paths))
WARNING - 2025-03-21 08:33:40 --> [DEPRECATED] Creation of dynamic property SysAdmin\Controllers\Swipers::$encrypter is deprecated in ROOTPATH\SysAdmin\Controllers\BaseController.php on line 52.
 1 ROOTPATH\SysAdmin\Controllers\Swipers.php(9): SysAdmin\Controllers\BaseController->__construct()
 2 SYSTEMPATH\CodeIgniter.php(903): SysAdmin\Controllers\Swipers->__construct()
 3 SYSTEMPATH\CodeIgniter.php(498): CodeIgniter\CodeIgniter->createController()
 4 SYSTEMPATH\CodeIgniter.php(354): CodeIgniter\CodeIgniter->handleRequest(null, Object(Config\Cache), false)
 5 SYSTEMPATH\Boot.php(334): CodeIgniter\CodeIgniter->run()
 6 SYSTEMPATH\Boot.php(67): CodeIgniter\Boot::runCodeIgniter(Object(CodeIgniter\CodeIgniter))
 7 FCPATH\index.php(56): CodeIgniter\Boot::bootWeb(Object(Config\Paths))
WARNING - 2025-03-21 08:33:40 --> [DEPRECATED] Creation of dynamic property SysAdmin\Controllers\Swipers::$nav_mold is deprecated in ROOTPATH\SysAdmin\Controllers\Swipers.php on line 10.
 1 SYSTEMPATH\CodeIgniter.php(903): SysAdmin\Controllers\Swipers->__construct()
 2 SYSTEMPATH\CodeIgniter.php(498): CodeIgniter\CodeIgniter->createController()
 3 SYSTEMPATH\CodeIgniter.php(354): CodeIgniter\CodeIgniter->handleRequest(null, Object(Config\Cache), false)
 4 SYSTEMPATH\Boot.php(334): CodeIgniter\CodeIgniter->run()
 5 SYSTEMPATH\Boot.php(67): CodeIgniter\Boot::runCodeIgniter(Object(CodeIgniter\CodeIgniter))
 6 FCPATH\index.php(56): CodeIgniter\Boot::bootWeb(Object(Config\Paths))
WARNING - 2025-03-21 08:33:40 --> [DEPRECATED] Creation of dynamic property SysAdmin\Controllers\Swipers::$SwiperModel is deprecated in ROOTPATH\SysAdmin\Controllers\Swipers.php on line 22.
 1 SYSTEMPATH\CodeIgniter.php(903): SysAdmin\Controllers\Swipers->__construct()
 2 SYSTEMPATH\CodeIgniter.php(498): CodeIgniter\CodeIgniter->createController()
 3 SYSTEMPATH\CodeIgniter.php(354): CodeIgniter\CodeIgniter->handleRequest(null, Object(Config\Cache), false)
 4 SYSTEMPATH\Boot.php(334): CodeIgniter\CodeIgniter->run()
 5 SYSTEMPATH\Boot.php(67): CodeIgniter\Boot::runCodeIgniter(Object(CodeIgniter\CodeIgniter))
 6 FCPATH\index.php(56): CodeIgniter\Boot::bootWeb(Object(Config\Paths))
DEBUG - 2025-03-21 08:33:40 --> Session: Class initialized using 'CodeIgniter\Session\Handlers\FileHandler' driver.
WARNING - 2025-03-21 08:33:40 --> [DEPRECATED] Creation of dynamic property SysAdmin\Controllers\Swipers::$session is deprecated in ROOTPATH\SysAdmin\Controllers\BaseController.php on line 51.
 1 ROOTPATH\SysAdmin\Controllers\Swipers.php(9): SysAdmin\Controllers\BaseController->__construct()
 2 SYSTEMPATH\CodeIgniter.php(903): SysAdmin\Controllers\Swipers->__construct()
 3 SYSTEMPATH\CodeIgniter.php(498): CodeIgniter\CodeIgniter->createController()
 4 SYSTEMPATH\CodeIgniter.php(354): CodeIgniter\CodeIgniter->handleRequest(null, Object(Config\Cache), false)
 5 SYSTEMPATH\Boot.php(334): CodeIgniter\CodeIgniter->run()
 6 SYSTEMPATH\Boot.php(67): CodeIgniter\Boot::runCodeIgniter(Object(CodeIgniter\CodeIgniter))
 7 FCPATH\index.php(56): CodeIgniter\Boot::bootWeb(Object(Config\Paths))
WARNING - 2025-03-21 08:33:40 --> [DEPRECATED] Creation of dynamic property SysAdmin\Controllers\Swipers::$encrypter is deprecated in ROOTPATH\SysAdmin\Controllers\BaseController.php on line 52.
 1 ROOTPATH\SysAdmin\Controllers\Swipers.php(9): SysAdmin\Controllers\BaseController->__construct()
 2 SYSTEMPATH\CodeIgniter.php(903): SysAdmin\Controllers\Swipers->__construct()
 3 SYSTEMPATH\CodeIgniter.php(498): CodeIgniter\CodeIgniter->createController()
 4 SYSTEMPATH\CodeIgniter.php(354): CodeIgniter\CodeIgniter->handleRequest(null, Object(Config\Cache), false)
 5 SYSTEMPATH\Boot.php(334): CodeIgniter\CodeIgniter->run()
 6 SYSTEMPATH\Boot.php(67): CodeIgniter\Boot::runCodeIgniter(Object(CodeIgniter\CodeIgniter))
 7 FCPATH\index.php(56): CodeIgniter\Boot::bootWeb(Object(Config\Paths))
WARNING - 2025-03-21 08:33:40 --> [DEPRECATED] Creation of dynamic property SysAdmin\Controllers\Swipers::$nav_mold is deprecated in ROOTPATH\SysAdmin\Controllers\Swipers.php on line 10.
 1 SYSTEMPATH\CodeIgniter.php(903): SysAdmin\Controllers\Swipers->__construct()
 2 SYSTEMPATH\CodeIgniter.php(498): CodeIgniter\CodeIgniter->createController()
 3 SYSTEMPATH\CodeIgniter.php(354): CodeIgniter\CodeIgniter->handleRequest(null, Object(Config\Cache), false)
 4 SYSTEMPATH\Boot.php(334): CodeIgniter\CodeIgniter->run()
 5 SYSTEMPATH\Boot.php(67): CodeIgniter\Boot::runCodeIgniter(Object(CodeIgniter\CodeIgniter))
 6 FCPATH\index.php(56): CodeIgniter\Boot::bootWeb(Object(Config\Paths))
WARNING - 2025-03-21 08:33:40 --> [DEPRECATED] Creation of dynamic property SysAdmin\Controllers\Swipers::$SwiperModel is deprecated in ROOTPATH\SysAdmin\Controllers\Swipers.php on line 22.
 1 SYSTEMPATH\CodeIgniter.php(903): SysAdmin\Controllers\Swipers->__construct()
 2 SYSTEMPATH\CodeIgniter.php(498): CodeIgniter\CodeIgniter->createController()
 3 SYSTEMPATH\CodeIgniter.php(354): CodeIgniter\CodeIgniter->handleRequest(null, Object(Config\Cache), false)
 4 SYSTEMPATH\Boot.php(334): CodeIgniter\CodeIgniter->run()
 5 SYSTEMPATH\Boot.php(67): CodeIgniter\Boot::runCodeIgniter(Object(CodeIgniter\CodeIgniter))
 6 FCPATH\index.php(56): CodeIgniter\Boot::bootWeb(Object(Config\Paths))
DEBUG - 2025-03-21 08:33:42 --> Session: Class initialized using 'CodeIgniter\Session\Handlers\FileHandler' driver.
WARNING - 2025-03-21 08:33:42 --> [DEPRECATED] Creation of dynamic property SysAdmin\Controllers\Swipers::$session is deprecated in ROOTPATH\SysAdmin\Controllers\BaseController.php on line 51.
 1 ROOTPATH\SysAdmin\Controllers\Swipers.php(9): SysAdmin\Controllers\BaseController->__construct()
 2 SYSTEMPATH\CodeIgniter.php(903): SysAdmin\Controllers\Swipers->__construct()
 3 SYSTEMPATH\CodeIgniter.php(498): CodeIgniter\CodeIgniter->createController()
 4 SYSTEMPATH\CodeIgniter.php(354): CodeIgniter\CodeIgniter->handleRequest(null, Object(Config\Cache), false)
 5 SYSTEMPATH\Boot.php(334): CodeIgniter\CodeIgniter->run()
 6 SYSTEMPATH\Boot.php(67): CodeIgniter\Boot::runCodeIgniter(Object(CodeIgniter\CodeIgniter))
 7 FCPATH\index.php(56): CodeIgniter\Boot::bootWeb(Object(Config\Paths))
WARNING - 2025-03-21 08:33:42 --> [DEPRECATED] Creation of dynamic property SysAdmin\Controllers\Swipers::$encrypter is deprecated in ROOTPATH\SysAdmin\Controllers\BaseController.php on line 52.
 1 ROOTPATH\SysAdmin\Controllers\Swipers.php(9): SysAdmin\Controllers\BaseController->__construct()
 2 SYSTEMPATH\CodeIgniter.php(903): SysAdmin\Controllers\Swipers->__construct()
 3 SYSTEMPATH\CodeIgniter.php(498): CodeIgniter\CodeIgniter->createController()
 4 SYSTEMPATH\CodeIgniter.php(354): CodeIgniter\CodeIgniter->handleRequest(null, Object(Config\Cache), false)
 5 SYSTEMPATH\Boot.php(334): CodeIgniter\CodeIgniter->run()
 6 SYSTEMPATH\Boot.php(67): CodeIgniter\Boot::runCodeIgniter(Object(CodeIgniter\CodeIgniter))
 7 FCPATH\index.php(56): CodeIgniter\Boot::bootWeb(Object(Config\Paths))
WARNING - 2025-03-21 08:33:42 --> [DEPRECATED] Creation of dynamic property SysAdmin\Controllers\Swipers::$nav_mold is deprecated in ROOTPATH\SysAdmin\Controllers\Swipers.php on line 10.
 1 SYSTEMPATH\CodeIgniter.php(903): SysAdmin\Controllers\Swipers->__construct()
 2 SYSTEMPATH\CodeIgniter.php(498): CodeIgniter\CodeIgniter->createController()
 3 SYSTEMPATH\CodeIgniter.php(354): CodeIgniter\CodeIgniter->handleRequest(null, Object(Config\Cache), false)
 4 SYSTEMPATH\Boot.php(334): CodeIgniter\CodeIgniter->run()
 5 SYSTEMPATH\Boot.php(67): CodeIgniter\Boot::runCodeIgniter(Object(CodeIgniter\CodeIgniter))
 6 FCPATH\index.php(56): CodeIgniter\Boot::bootWeb(Object(Config\Paths))
WARNING - 2025-03-21 08:33:42 --> [DEPRECATED] Creation of dynamic property SysAdmin\Controllers\Swipers::$SwiperModel is deprecated in ROOTPATH\SysAdmin\Controllers\Swipers.php on line 22.
 1 SYSTEMPATH\CodeIgniter.php(903): SysAdmin\Controllers\Swipers->__construct()
 2 SYSTEMPATH\CodeIgniter.php(498): CodeIgniter\CodeIgniter->createController()
 3 SYSTEMPATH\CodeIgniter.php(354): CodeIgniter\CodeIgniter->handleRequest(null, Object(Config\Cache), false)
 4 SYSTEMPATH\Boot.php(334): CodeIgniter\CodeIgniter->run()
 5 SYSTEMPATH\Boot.php(67): CodeIgniter\Boot::runCodeIgniter(Object(CodeIgniter\CodeIgniter))
 6 FCPATH\index.php(56): CodeIgniter\Boot::bootWeb(Object(Config\Paths))
DEBUG - 2025-03-21 08:33:49 --> Session: Class initialized using 'CodeIgniter\Session\Handlers\FileHandler' driver.
WARNING - 2025-03-21 08:33:49 --> [DEPRECATED] Creation of dynamic property SysAdmin\Controllers\upLoad::$session is deprecated in ROOTPATH\SysAdmin\Controllers\BaseController.php on line 51.
 1 SYSTEMPATH\CodeIgniter.php(903): SysAdmin\Controllers\BaseController->__construct()
 2 SYSTEMPATH\CodeIgniter.php(498): CodeIgniter\CodeIgniter->createController()
 3 SYSTEMPATH\CodeIgniter.php(354): CodeIgniter\CodeIgniter->handleRequest(null, Object(Config\Cache), false)
 4 SYSTEMPATH\Boot.php(334): CodeIgniter\CodeIgniter->run()
 5 SYSTEMPATH\Boot.php(67): CodeIgniter\Boot::runCodeIgniter(Object(CodeIgniter\CodeIgniter))
 6 FCPATH\index.php(56): CodeIgniter\Boot::bootWeb(Object(Config\Paths))
WARNING - 2025-03-21 08:33:49 --> [DEPRECATED] Creation of dynamic property SysAdmin\Controllers\upLoad::$encrypter is deprecated in ROOTPATH\SysAdmin\Controllers\BaseController.php on line 52.
 1 SYSTEMPATH\CodeIgniter.php(903): SysAdmin\Controllers\BaseController->__construct()
 2 SYSTEMPATH\CodeIgniter.php(498): CodeIgniter\CodeIgniter->createController()
 3 SYSTEMPATH\CodeIgniter.php(354): CodeIgniter\CodeIgniter->handleRequest(null, Object(Config\Cache), false)
 4 SYSTEMPATH\Boot.php(334): CodeIgniter\CodeIgniter->run()
 5 SYSTEMPATH\Boot.php(67): CodeIgniter\Boot::runCodeIgniter(Object(CodeIgniter\CodeIgniter))
 6 FCPATH\index.php(56): CodeIgniter\Boot::bootWeb(Object(Config\Paths))
DEBUG - 2025-03-21 08:33:56 --> Session: Class initialized using 'CodeIgniter\Session\Handlers\FileHandler' driver.
WARNING - 2025-03-21 08:33:56 --> [DEPRECATED] Creation of dynamic property SysAdmin\Controllers\upLoad::$session is deprecated in ROOTPATH\SysAdmin\Controllers\BaseController.php on line 51.
 1 SYSTEMPATH\CodeIgniter.php(903): SysAdmin\Controllers\BaseController->__construct()
 2 SYSTEMPATH\CodeIgniter.php(498): CodeIgniter\CodeIgniter->createController()
 3 SYSTEMPATH\CodeIgniter.php(354): CodeIgniter\CodeIgniter->handleRequest(null, Object(Config\Cache), false)
 4 SYSTEMPATH\Boot.php(334): CodeIgniter\CodeIgniter->run()
 5 SYSTEMPATH\Boot.php(67): CodeIgniter\Boot::runCodeIgniter(Object(CodeIgniter\CodeIgniter))
 6 FCPATH\index.php(56): CodeIgniter\Boot::bootWeb(Object(Config\Paths))
WARNING - 2025-03-21 08:33:56 --> [DEPRECATED] Creation of dynamic property SysAdmin\Controllers\upLoad::$encrypter is deprecated in ROOTPATH\SysAdmin\Controllers\BaseController.php on line 52.
 1 SYSTEMPATH\CodeIgniter.php(903): SysAdmin\Controllers\BaseController->__construct()
 2 SYSTEMPATH\CodeIgniter.php(498): CodeIgniter\CodeIgniter->createController()
 3 SYSTEMPATH\CodeIgniter.php(354): CodeIgniter\CodeIgniter->handleRequest(null, Object(Config\Cache), false)
 4 SYSTEMPATH\Boot.php(334): CodeIgniter\CodeIgniter->run()
 5 SYSTEMPATH\Boot.php(67): CodeIgniter\Boot::runCodeIgniter(Object(CodeIgniter\CodeIgniter))
 6 FCPATH\index.php(56): CodeIgniter\Boot::bootWeb(Object(Config\Paths))
DEBUG - 2025-03-21 08:33:59 --> Session: Class initialized using 'CodeIgniter\Session\Handlers\FileHandler' driver.
WARNING - 2025-03-21 08:33:59 --> [DEPRECATED] Creation of dynamic property SysAdmin\Controllers\Swipers::$session is deprecated in ROOTPATH\SysAdmin\Controllers\BaseController.php on line 51.
 1 ROOTPATH\SysAdmin\Controllers\Swipers.php(9): SysAdmin\Controllers\BaseController->__construct()
 2 SYSTEMPATH\CodeIgniter.php(903): SysAdmin\Controllers\Swipers->__construct()
 3 SYSTEMPATH\CodeIgniter.php(498): CodeIgniter\CodeIgniter->createController()
 4 SYSTEMPATH\CodeIgniter.php(354): CodeIgniter\CodeIgniter->handleRequest(null, Object(Config\Cache), false)
 5 SYSTEMPATH\Boot.php(334): CodeIgniter\CodeIgniter->run()
 6 SYSTEMPATH\Boot.php(67): CodeIgniter\Boot::runCodeIgniter(Object(CodeIgniter\CodeIgniter))
 7 FCPATH\index.php(56): CodeIgniter\Boot::bootWeb(Object(Config\Paths))
WARNING - 2025-03-21 08:33:59 --> [DEPRECATED] Creation of dynamic property SysAdmin\Controllers\Swipers::$encrypter is deprecated in ROOTPATH\SysAdmin\Controllers\BaseController.php on line 52.
 1 ROOTPATH\SysAdmin\Controllers\Swipers.php(9): SysAdmin\Controllers\BaseController->__construct()
 2 SYSTEMPATH\CodeIgniter.php(903): SysAdmin\Controllers\Swipers->__construct()
 3 SYSTEMPATH\CodeIgniter.php(498): CodeIgniter\CodeIgniter->createController()
 4 SYSTEMPATH\CodeIgniter.php(354): CodeIgniter\CodeIgniter->handleRequest(null, Object(Config\Cache), false)
 5 SYSTEMPATH\Boot.php(334): CodeIgniter\CodeIgniter->run()
 6 SYSTEMPATH\Boot.php(67): CodeIgniter\Boot::runCodeIgniter(Object(CodeIgniter\CodeIgniter))
 7 FCPATH\index.php(56): CodeIgniter\Boot::bootWeb(Object(Config\Paths))
WARNING - 2025-03-21 08:33:59 --> [DEPRECATED] Creation of dynamic property SysAdmin\Controllers\Swipers::$nav_mold is deprecated in ROOTPATH\SysAdmin\Controllers\Swipers.php on line 10.
 1 SYSTEMPATH\CodeIgniter.php(903): SysAdmin\Controllers\Swipers->__construct()
 2 SYSTEMPATH\CodeIgniter.php(498): CodeIgniter\CodeIgniter->createController()
 3 SYSTEMPATH\CodeIgniter.php(354): CodeIgniter\CodeIgniter->handleRequest(null, Object(Config\Cache), false)
 4 SYSTEMPATH\Boot.php(334): CodeIgniter\CodeIgniter->run()
 5 SYSTEMPATH\Boot.php(67): CodeIgniter\Boot::runCodeIgniter(Object(CodeIgniter\CodeIgniter))
 6 FCPATH\index.php(56): CodeIgniter\Boot::bootWeb(Object(Config\Paths))
WARNING - 2025-03-21 08:33:59 --> [DEPRECATED] Creation of dynamic property SysAdmin\Controllers\Swipers::$SwiperModel is deprecated in ROOTPATH\SysAdmin\Controllers\Swipers.php on line 22.
 1 SYSTEMPATH\CodeIgniter.php(903): SysAdmin\Controllers\Swipers->__construct()
 2 SYSTEMPATH\CodeIgniter.php(498): CodeIgniter\CodeIgniter->createController()
 3 SYSTEMPATH\CodeIgniter.php(354): CodeIgniter\CodeIgniter->handleRequest(null, Object(Config\Cache), false)
 4 SYSTEMPATH\Boot.php(334): CodeIgniter\CodeIgniter->run()
 5 SYSTEMPATH\Boot.php(67): CodeIgniter\Boot::runCodeIgniter(Object(CodeIgniter\CodeIgniter))
 6 FCPATH\index.php(56): CodeIgniter\Boot::bootWeb(Object(Config\Paths))
DEBUG - 2025-03-21 08:34:00 --> Session: Class initialized using 'CodeIgniter\Session\Handlers\FileHandler' driver.
WARNING - 2025-03-21 08:34:00 --> [DEPRECATED] Creation of dynamic property SysAdmin\Controllers\Swipers::$session is deprecated in ROOTPATH\SysAdmin\Controllers\BaseController.php on line 51.
 1 ROOTPATH\SysAdmin\Controllers\Swipers.php(9): SysAdmin\Controllers\BaseController->__construct()
 2 SYSTEMPATH\CodeIgniter.php(903): SysAdmin\Controllers\Swipers->__construct()
 3 SYSTEMPATH\CodeIgniter.php(498): CodeIgniter\CodeIgniter->createController()
 4 SYSTEMPATH\CodeIgniter.php(354): CodeIgniter\CodeIgniter->handleRequest(null, Object(Config\Cache), false)
 5 SYSTEMPATH\Boot.php(334): CodeIgniter\CodeIgniter->run()
 6 SYSTEMPATH\Boot.php(67): CodeIgniter\Boot::runCodeIgniter(Object(CodeIgniter\CodeIgniter))
 7 FCPATH\index.php(56): CodeIgniter\Boot::bootWeb(Object(Config\Paths))
WARNING - 2025-03-21 08:34:00 --> [DEPRECATED] Creation of dynamic property SysAdmin\Controllers\Swipers::$encrypter is deprecated in ROOTPATH\SysAdmin\Controllers\BaseController.php on line 52.
 1 ROOTPATH\SysAdmin\Controllers\Swipers.php(9): SysAdmin\Controllers\BaseController->__construct()
 2 SYSTEMPATH\CodeIgniter.php(903): SysAdmin\Controllers\Swipers->__construct()
 3 SYSTEMPATH\CodeIgniter.php(498): CodeIgniter\CodeIgniter->createController()
 4 SYSTEMPATH\CodeIgniter.php(354): CodeIgniter\CodeIgniter->handleRequest(null, Object(Config\Cache), false)
 5 SYSTEMPATH\Boot.php(334): CodeIgniter\CodeIgniter->run()
 6 SYSTEMPATH\Boot.php(67): CodeIgniter\Boot::runCodeIgniter(Object(CodeIgniter\CodeIgniter))
 7 FCPATH\index.php(56): CodeIgniter\Boot::bootWeb(Object(Config\Paths))
WARNING - 2025-03-21 08:34:00 --> [DEPRECATED] Creation of dynamic property SysAdmin\Controllers\Swipers::$nav_mold is deprecated in ROOTPATH\SysAdmin\Controllers\Swipers.php on line 10.
 1 SYSTEMPATH\CodeIgniter.php(903): SysAdmin\Controllers\Swipers->__construct()
 2 SYSTEMPATH\CodeIgniter.php(498): CodeIgniter\CodeIgniter->createController()
 3 SYSTEMPATH\CodeIgniter.php(354): CodeIgniter\CodeIgniter->handleRequest(null, Object(Config\Cache), false)
 4 SYSTEMPATH\Boot.php(334): CodeIgniter\CodeIgniter->run()
 5 SYSTEMPATH\Boot.php(67): CodeIgniter\Boot::runCodeIgniter(Object(CodeIgniter\CodeIgniter))
 6 FCPATH\index.php(56): CodeIgniter\Boot::bootWeb(Object(Config\Paths))
WARNING - 2025-03-21 08:34:00 --> [DEPRECATED] Creation of dynamic property SysAdmin\Controllers\Swipers::$SwiperModel is deprecated in ROOTPATH\SysAdmin\Controllers\Swipers.php on line 22.
 1 SYSTEMPATH\CodeIgniter.php(903): SysAdmin\Controllers\Swipers->__construct()
 2 SYSTEMPATH\CodeIgniter.php(498): CodeIgniter\CodeIgniter->createController()
 3 SYSTEMPATH\CodeIgniter.php(354): CodeIgniter\CodeIgniter->handleRequest(null, Object(Config\Cache), false)
 4 SYSTEMPATH\Boot.php(334): CodeIgniter\CodeIgniter->run()
 5 SYSTEMPATH\Boot.php(67): CodeIgniter\Boot::runCodeIgniter(Object(CodeIgniter\CodeIgniter))
 6 FCPATH\index.php(56): CodeIgniter\Boot::bootWeb(Object(Config\Paths))
DEBUG - 2025-03-21 08:34:00 --> Session: Class initialized using 'CodeIgniter\Session\Handlers\FileHandler' driver.
WARNING - 2025-03-21 08:34:00 --> [DEPRECATED] Creation of dynamic property SysAdmin\Controllers\Swipers::$session is deprecated in ROOTPATH\SysAdmin\Controllers\BaseController.php on line 51.
 1 ROOTPATH\SysAdmin\Controllers\Swipers.php(9): SysAdmin\Controllers\BaseController->__construct()
 2 SYSTEMPATH\CodeIgniter.php(903): SysAdmin\Controllers\Swipers->__construct()
 3 SYSTEMPATH\CodeIgniter.php(498): CodeIgniter\CodeIgniter->createController()
 4 SYSTEMPATH\CodeIgniter.php(354): CodeIgniter\CodeIgniter->handleRequest(null, Object(Config\Cache), false)
 5 SYSTEMPATH\Boot.php(334): CodeIgniter\CodeIgniter->run()
 6 SYSTEMPATH\Boot.php(67): CodeIgniter\Boot::runCodeIgniter(Object(CodeIgniter\CodeIgniter))
 7 FCPATH\index.php(56): CodeIgniter\Boot::bootWeb(Object(Config\Paths))
WARNING - 2025-03-21 08:34:00 --> [DEPRECATED] Creation of dynamic property SysAdmin\Controllers\Swipers::$encrypter is deprecated in ROOTPATH\SysAdmin\Controllers\BaseController.php on line 52.
 1 ROOTPATH\SysAdmin\Controllers\Swipers.php(9): SysAdmin\Controllers\BaseController->__construct()
 2 SYSTEMPATH\CodeIgniter.php(903): SysAdmin\Controllers\Swipers->__construct()
 3 SYSTEMPATH\CodeIgniter.php(498): CodeIgniter\CodeIgniter->createController()
 4 SYSTEMPATH\CodeIgniter.php(354): CodeIgniter\CodeIgniter->handleRequest(null, Object(Config\Cache), false)
 5 SYSTEMPATH\Boot.php(334): CodeIgniter\CodeIgniter->run()
 6 SYSTEMPATH\Boot.php(67): CodeIgniter\Boot::runCodeIgniter(Object(CodeIgniter\CodeIgniter))
 7 FCPATH\index.php(56): CodeIgniter\Boot::bootWeb(Object(Config\Paths))
WARNING - 2025-03-21 08:34:00 --> [DEPRECATED] Creation of dynamic property SysAdmin\Controllers\Swipers::$nav_mold is deprecated in ROOTPATH\SysAdmin\Controllers\Swipers.php on line 10.
 1 SYSTEMPATH\CodeIgniter.php(903): SysAdmin\Controllers\Swipers->__construct()
 2 SYSTEMPATH\CodeIgniter.php(498): CodeIgniter\CodeIgniter->createController()
 3 SYSTEMPATH\CodeIgniter.php(354): CodeIgniter\CodeIgniter->handleRequest(null, Object(Config\Cache), false)
 4 SYSTEMPATH\Boot.php(334): CodeIgniter\CodeIgniter->run()
 5 SYSTEMPATH\Boot.php(67): CodeIgniter\Boot::runCodeIgniter(Object(CodeIgniter\CodeIgniter))
 6 FCPATH\index.php(56): CodeIgniter\Boot::bootWeb(Object(Config\Paths))
WARNING - 2025-03-21 08:34:00 --> [DEPRECATED] Creation of dynamic property SysAdmin\Controllers\Swipers::$SwiperModel is deprecated in ROOTPATH\SysAdmin\Controllers\Swipers.php on line 22.
 1 SYSTEMPATH\CodeIgniter.php(903): SysAdmin\Controllers\Swipers->__construct()
 2 SYSTEMPATH\CodeIgniter.php(498): CodeIgniter\CodeIgniter->createController()
 3 SYSTEMPATH\CodeIgniter.php(354): CodeIgniter\CodeIgniter->handleRequest(null, Object(Config\Cache), false)
 4 SYSTEMPATH\Boot.php(334): CodeIgniter\CodeIgniter->run()
 5 SYSTEMPATH\Boot.php(67): CodeIgniter\Boot::runCodeIgniter(Object(CodeIgniter\CodeIgniter))
 6 FCPATH\index.php(56): CodeIgniter\Boot::bootWeb(Object(Config\Paths))
DEBUG - 2025-03-21 08:34:01 --> Session: Class initialized using 'CodeIgniter\Session\Handlers\FileHandler' driver.
WARNING - 2025-03-21 08:34:01 --> [DEPRECATED] Creation of dynamic property SysAdmin\Controllers\Swipers::$session is deprecated in ROOTPATH\SysAdmin\Controllers\BaseController.php on line 51.
 1 ROOTPATH\SysAdmin\Controllers\Swipers.php(9): SysAdmin\Controllers\BaseController->__construct()
 2 SYSTEMPATH\CodeIgniter.php(903): SysAdmin\Controllers\Swipers->__construct()
 3 SYSTEMPATH\CodeIgniter.php(498): CodeIgniter\CodeIgniter->createController()
 4 SYSTEMPATH\CodeIgniter.php(354): CodeIgniter\CodeIgniter->handleRequest(null, Object(Config\Cache), false)
 5 SYSTEMPATH\Boot.php(334): CodeIgniter\CodeIgniter->run()
 6 SYSTEMPATH\Boot.php(67): CodeIgniter\Boot::runCodeIgniter(Object(CodeIgniter\CodeIgniter))
 7 FCPATH\index.php(56): CodeIgniter\Boot::bootWeb(Object(Config\Paths))
WARNING - 2025-03-21 08:34:01 --> [DEPRECATED] Creation of dynamic property SysAdmin\Controllers\Swipers::$encrypter is deprecated in ROOTPATH\SysAdmin\Controllers\BaseController.php on line 52.
 1 ROOTPATH\SysAdmin\Controllers\Swipers.php(9): SysAdmin\Controllers\BaseController->__construct()
 2 SYSTEMPATH\CodeIgniter.php(903): SysAdmin\Controllers\Swipers->__construct()
 3 SYSTEMPATH\CodeIgniter.php(498): CodeIgniter\CodeIgniter->createController()
 4 SYSTEMPATH\CodeIgniter.php(354): CodeIgniter\CodeIgniter->handleRequest(null, Object(Config\Cache), false)
 5 SYSTEMPATH\Boot.php(334): CodeIgniter\CodeIgniter->run()
 6 SYSTEMPATH\Boot.php(67): CodeIgniter\Boot::runCodeIgniter(Object(CodeIgniter\CodeIgniter))
 7 FCPATH\index.php(56): CodeIgniter\Boot::bootWeb(Object(Config\Paths))
WARNING - 2025-03-21 08:34:01 --> [DEPRECATED] Creation of dynamic property SysAdmin\Controllers\Swipers::$nav_mold is deprecated in ROOTPATH\SysAdmin\Controllers\Swipers.php on line 10.
 1 SYSTEMPATH\CodeIgniter.php(903): SysAdmin\Controllers\Swipers->__construct()
 2 SYSTEMPATH\CodeIgniter.php(498): CodeIgniter\CodeIgniter->createController()
 3 SYSTEMPATH\CodeIgniter.php(354): CodeIgniter\CodeIgniter->handleRequest(null, Object(Config\Cache), false)
 4 SYSTEMPATH\Boot.php(334): CodeIgniter\CodeIgniter->run()
 5 SYSTEMPATH\Boot.php(67): CodeIgniter\Boot::runCodeIgniter(Object(CodeIgniter\CodeIgniter))
 6 FCPATH\index.php(56): CodeIgniter\Boot::bootWeb(Object(Config\Paths))
WARNING - 2025-03-21 08:34:01 --> [DEPRECATED] Creation of dynamic property SysAdmin\Controllers\Swipers::$SwiperModel is deprecated in ROOTPATH\SysAdmin\Controllers\Swipers.php on line 22.
 1 SYSTEMPATH\CodeIgniter.php(903): SysAdmin\Controllers\Swipers->__construct()
 2 SYSTEMPATH\CodeIgniter.php(498): CodeIgniter\CodeIgniter->createController()
 3 SYSTEMPATH\CodeIgniter.php(354): CodeIgniter\CodeIgniter->handleRequest(null, Object(Config\Cache), false)
 4 SYSTEMPATH\Boot.php(334): CodeIgniter\CodeIgniter->run()
 5 SYSTEMPATH\Boot.php(67): CodeIgniter\Boot::runCodeIgniter(Object(CodeIgniter\CodeIgniter))
 6 FCPATH\index.php(56): CodeIgniter\Boot::bootWeb(Object(Config\Paths))
DEBUG - 2025-03-21 08:34:07 --> Session: Class initialized using 'CodeIgniter\Session\Handlers\FileHandler' driver.
WARNING - 2025-03-21 08:34:07 --> [DEPRECATED] Creation of dynamic property SysAdmin\Controllers\upLoad::$session is deprecated in ROOTPATH\SysAdmin\Controllers\BaseController.php on line 51.
 1 SYSTEMPATH\CodeIgniter.php(903): SysAdmin\Controllers\BaseController->__construct()
 2 SYSTEMPATH\CodeIgniter.php(498): CodeIgniter\CodeIgniter->createController()
 3 SYSTEMPATH\CodeIgniter.php(354): CodeIgniter\CodeIgniter->handleRequest(null, Object(Config\Cache), false)
 4 SYSTEMPATH\Boot.php(334): CodeIgniter\CodeIgniter->run()
 5 SYSTEMPATH\Boot.php(67): CodeIgniter\Boot::runCodeIgniter(Object(CodeIgniter\CodeIgniter))
 6 FCPATH\index.php(56): CodeIgniter\Boot::bootWeb(Object(Config\Paths))
WARNING - 2025-03-21 08:34:07 --> [DEPRECATED] Creation of dynamic property SysAdmin\Controllers\upLoad::$encrypter is deprecated in ROOTPATH\SysAdmin\Controllers\BaseController.php on line 52.
 1 SYSTEMPATH\CodeIgniter.php(903): SysAdmin\Controllers\BaseController->__construct()
 2 SYSTEMPATH\CodeIgniter.php(498): CodeIgniter\CodeIgniter->createController()
 3 SYSTEMPATH\CodeIgniter.php(354): CodeIgniter\CodeIgniter->handleRequest(null, Object(Config\Cache), false)
 4 SYSTEMPATH\Boot.php(334): CodeIgniter\CodeIgniter->run()
 5 SYSTEMPATH\Boot.php(67): CodeIgniter\Boot::runCodeIgniter(Object(CodeIgniter\CodeIgniter))
 6 FCPATH\index.php(56): CodeIgniter\Boot::bootWeb(Object(Config\Paths))
DEBUG - 2025-03-21 08:34:11 --> Session: Class initialized using 'CodeIgniter\Session\Handlers\FileHandler' driver.
WARNING - 2025-03-21 08:34:11 --> [DEPRECATED] Creation of dynamic property SysAdmin\Controllers\Swipers::$session is deprecated in ROOTPATH\SysAdmin\Controllers\BaseController.php on line 51.
 1 ROOTPATH\SysAdmin\Controllers\Swipers.php(9): SysAdmin\Controllers\BaseController->__construct()
 2 SYSTEMPATH\CodeIgniter.php(903): SysAdmin\Controllers\Swipers->__construct()
 3 SYSTEMPATH\CodeIgniter.php(498): CodeIgniter\CodeIgniter->createController()
 4 SYSTEMPATH\CodeIgniter.php(354): CodeIgniter\CodeIgniter->handleRequest(null, Object(Config\Cache), false)
 5 SYSTEMPATH\Boot.php(334): CodeIgniter\CodeIgniter->run()
 6 SYSTEMPATH\Boot.php(67): CodeIgniter\Boot::runCodeIgniter(Object(CodeIgniter\CodeIgniter))
 7 FCPATH\index.php(56): CodeIgniter\Boot::bootWeb(Object(Config\Paths))
WARNING - 2025-03-21 08:34:11 --> [DEPRECATED] Creation of dynamic property SysAdmin\Controllers\Swipers::$encrypter is deprecated in ROOTPATH\SysAdmin\Controllers\BaseController.php on line 52.
 1 ROOTPATH\SysAdmin\Controllers\Swipers.php(9): SysAdmin\Controllers\BaseController->__construct()
 2 SYSTEMPATH\CodeIgniter.php(903): SysAdmin\Controllers\Swipers->__construct()
 3 SYSTEMPATH\CodeIgniter.php(498): CodeIgniter\CodeIgniter->createController()
 4 SYSTEMPATH\CodeIgniter.php(354): CodeIgniter\CodeIgniter->handleRequest(null, Object(Config\Cache), false)
 5 SYSTEMPATH\Boot.php(334): CodeIgniter\CodeIgniter->run()
 6 SYSTEMPATH\Boot.php(67): CodeIgniter\Boot::runCodeIgniter(Object(CodeIgniter\CodeIgniter))
 7 FCPATH\index.php(56): CodeIgniter\Boot::bootWeb(Object(Config\Paths))
WARNING - 2025-03-21 08:34:11 --> [DEPRECATED] Creation of dynamic property SysAdmin\Controllers\Swipers::$nav_mold is deprecated in ROOTPATH\SysAdmin\Controllers\Swipers.php on line 10.
 1 SYSTEMPATH\CodeIgniter.php(903): SysAdmin\Controllers\Swipers->__construct()
 2 SYSTEMPATH\CodeIgniter.php(498): CodeIgniter\CodeIgniter->createController()
 3 SYSTEMPATH\CodeIgniter.php(354): CodeIgniter\CodeIgniter->handleRequest(null, Object(Config\Cache), false)
 4 SYSTEMPATH\Boot.php(334): CodeIgniter\CodeIgniter->run()
 5 SYSTEMPATH\Boot.php(67): CodeIgniter\Boot::runCodeIgniter(Object(CodeIgniter\CodeIgniter))
 6 FCPATH\index.php(56): CodeIgniter\Boot::bootWeb(Object(Config\Paths))
WARNING - 2025-03-21 08:34:11 --> [DEPRECATED] Creation of dynamic property SysAdmin\Controllers\Swipers::$SwiperModel is deprecated in ROOTPATH\SysAdmin\Controllers\Swipers.php on line 22.
 1 SYSTEMPATH\CodeIgniter.php(903): SysAdmin\Controllers\Swipers->__construct()
 2 SYSTEMPATH\CodeIgniter.php(498): CodeIgniter\CodeIgniter->createController()
 3 SYSTEMPATH\CodeIgniter.php(354): CodeIgniter\CodeIgniter->handleRequest(null, Object(Config\Cache), false)
 4 SYSTEMPATH\Boot.php(334): CodeIgniter\CodeIgniter->run()
 5 SYSTEMPATH\Boot.php(67): CodeIgniter\Boot::runCodeIgniter(Object(CodeIgniter\CodeIgniter))
 6 FCPATH\index.php(56): CodeIgniter\Boot::bootWeb(Object(Config\Paths))
DEBUG - 2025-03-21 08:34:12 --> Session: Class initialized using 'CodeIgniter\Session\Handlers\FileHandler' driver.
WARNING - 2025-03-21 08:34:12 --> [DEPRECATED] Creation of dynamic property SysAdmin\Controllers\Swipers::$session is deprecated in ROOTPATH\SysAdmin\Controllers\BaseController.php on line 51.
 1 ROOTPATH\SysAdmin\Controllers\Swipers.php(9): SysAdmin\Controllers\BaseController->__construct()
 2 SYSTEMPATH\CodeIgniter.php(903): SysAdmin\Controllers\Swipers->__construct()
 3 SYSTEMPATH\CodeIgniter.php(498): CodeIgniter\CodeIgniter->createController()
 4 SYSTEMPATH\CodeIgniter.php(354): CodeIgniter\CodeIgniter->handleRequest(null, Object(Config\Cache), false)
 5 SYSTEMPATH\Boot.php(334): CodeIgniter\CodeIgniter->run()
 6 SYSTEMPATH\Boot.php(67): CodeIgniter\Boot::runCodeIgniter(Object(CodeIgniter\CodeIgniter))
 7 FCPATH\index.php(56): CodeIgniter\Boot::bootWeb(Object(Config\Paths))
WARNING - 2025-03-21 08:34:12 --> [DEPRECATED] Creation of dynamic property SysAdmin\Controllers\Swipers::$encrypter is deprecated in ROOTPATH\SysAdmin\Controllers\BaseController.php on line 52.
 1 ROOTPATH\SysAdmin\Controllers\Swipers.php(9): SysAdmin\Controllers\BaseController->__construct()
 2 SYSTEMPATH\CodeIgniter.php(903): SysAdmin\Controllers\Swipers->__construct()
 3 SYSTEMPATH\CodeIgniter.php(498): CodeIgniter\CodeIgniter->createController()
 4 SYSTEMPATH\CodeIgniter.php(354): CodeIgniter\CodeIgniter->handleRequest(null, Object(Config\Cache), false)
 5 SYSTEMPATH\Boot.php(334): CodeIgniter\CodeIgniter->run()
 6 SYSTEMPATH\Boot.php(67): CodeIgniter\Boot::runCodeIgniter(Object(CodeIgniter\CodeIgniter))
 7 FCPATH\index.php(56): CodeIgniter\Boot::bootWeb(Object(Config\Paths))
WARNING - 2025-03-21 08:34:12 --> [DEPRECATED] Creation of dynamic property SysAdmin\Controllers\Swipers::$nav_mold is deprecated in ROOTPATH\SysAdmin\Controllers\Swipers.php on line 10.
 1 SYSTEMPATH\CodeIgniter.php(903): SysAdmin\Controllers\Swipers->__construct()
 2 SYSTEMPATH\CodeIgniter.php(498): CodeIgniter\CodeIgniter->createController()
 3 SYSTEMPATH\CodeIgniter.php(354): CodeIgniter\CodeIgniter->handleRequest(null, Object(Config\Cache), false)
 4 SYSTEMPATH\Boot.php(334): CodeIgniter\CodeIgniter->run()
 5 SYSTEMPATH\Boot.php(67): CodeIgniter\Boot::runCodeIgniter(Object(CodeIgniter\CodeIgniter))
 6 FCPATH\index.php(56): CodeIgniter\Boot::bootWeb(Object(Config\Paths))
WARNING - 2025-03-21 08:34:12 --> [DEPRECATED] Creation of dynamic property SysAdmin\Controllers\Swipers::$SwiperModel is deprecated in ROOTPATH\SysAdmin\Controllers\Swipers.php on line 22.
 1 SYSTEMPATH\CodeIgniter.php(903): SysAdmin\Controllers\Swipers->__construct()
 2 SYSTEMPATH\CodeIgniter.php(498): CodeIgniter\CodeIgniter->createController()
 3 SYSTEMPATH\CodeIgniter.php(354): CodeIgniter\CodeIgniter->handleRequest(null, Object(Config\Cache), false)
 4 SYSTEMPATH\Boot.php(334): CodeIgniter\CodeIgniter->run()
 5 SYSTEMPATH\Boot.php(67): CodeIgniter\Boot::runCodeIgniter(Object(CodeIgniter\CodeIgniter))
 6 FCPATH\index.php(56): CodeIgniter\Boot::bootWeb(Object(Config\Paths))
DEBUG - 2025-03-21 08:34:13 --> Session: Class initialized using 'CodeIgniter\Session\Handlers\FileHandler' driver.
WARNING - 2025-03-21 08:34:13 --> [DEPRECATED] Creation of dynamic property SysAdmin\Controllers\Swipers::$session is deprecated in ROOTPATH\SysAdmin\Controllers\BaseController.php on line 51.
 1 ROOTPATH\SysAdmin\Controllers\Swipers.php(9): SysAdmin\Controllers\BaseController->__construct()
 2 SYSTEMPATH\CodeIgniter.php(903): SysAdmin\Controllers\Swipers->__construct()
 3 SYSTEMPATH\CodeIgniter.php(498): CodeIgniter\CodeIgniter->createController()
 4 SYSTEMPATH\CodeIgniter.php(354): CodeIgniter\CodeIgniter->handleRequest(null, Object(Config\Cache), false)
 5 SYSTEMPATH\Boot.php(334): CodeIgniter\CodeIgniter->run()
 6 SYSTEMPATH\Boot.php(67): CodeIgniter\Boot::runCodeIgniter(Object(CodeIgniter\CodeIgniter))
 7 FCPATH\index.php(56): CodeIgniter\Boot::bootWeb(Object(Config\Paths))
WARNING - 2025-03-21 08:34:13 --> [DEPRECATED] Creation of dynamic property SysAdmin\Controllers\Swipers::$encrypter is deprecated in ROOTPATH\SysAdmin\Controllers\BaseController.php on line 52.
 1 ROOTPATH\SysAdmin\Controllers\Swipers.php(9): SysAdmin\Controllers\BaseController->__construct()
 2 SYSTEMPATH\CodeIgniter.php(903): SysAdmin\Controllers\Swipers->__construct()
 3 SYSTEMPATH\CodeIgniter.php(498): CodeIgniter\CodeIgniter->createController()
 4 SYSTEMPATH\CodeIgniter.php(354): CodeIgniter\CodeIgniter->handleRequest(null, Object(Config\Cache), false)
 5 SYSTEMPATH\Boot.php(334): CodeIgniter\CodeIgniter->run()
 6 SYSTEMPATH\Boot.php(67): CodeIgniter\Boot::runCodeIgniter(Object(CodeIgniter\CodeIgniter))
 7 FCPATH\index.php(56): CodeIgniter\Boot::bootWeb(Object(Config\Paths))
WARNING - 2025-03-21 08:34:13 --> [DEPRECATED] Creation of dynamic property SysAdmin\Controllers\Swipers::$nav_mold is deprecated in ROOTPATH\SysAdmin\Controllers\Swipers.php on line 10.
 1 SYSTEMPATH\CodeIgniter.php(903): SysAdmin\Controllers\Swipers->__construct()
 2 SYSTEMPATH\CodeIgniter.php(498): CodeIgniter\CodeIgniter->createController()
 3 SYSTEMPATH\CodeIgniter.php(354): CodeIgniter\CodeIgniter->handleRequest(null, Object(Config\Cache), false)
 4 SYSTEMPATH\Boot.php(334): CodeIgniter\CodeIgniter->run()
 5 SYSTEMPATH\Boot.php(67): CodeIgniter\Boot::runCodeIgniter(Object(CodeIgniter\CodeIgniter))
 6 FCPATH\index.php(56): CodeIgniter\Boot::bootWeb(Object(Config\Paths))
WARNING - 2025-03-21 08:34:13 --> [DEPRECATED] Creation of dynamic property SysAdmin\Controllers\Swipers::$SwiperModel is deprecated in ROOTPATH\SysAdmin\Controllers\Swipers.php on line 22.
 1 SYSTEMPATH\CodeIgniter.php(903): SysAdmin\Controllers\Swipers->__construct()
 2 SYSTEMPATH\CodeIgniter.php(498): CodeIgniter\CodeIgniter->createController()
 3 SYSTEMPATH\CodeIgniter.php(354): CodeIgniter\CodeIgniter->handleRequest(null, Object(Config\Cache), false)
 4 SYSTEMPATH\Boot.php(334): CodeIgniter\CodeIgniter->run()
 5 SYSTEMPATH\Boot.php(67): CodeIgniter\Boot::runCodeIgniter(Object(CodeIgniter\CodeIgniter))
 6 FCPATH\index.php(56): CodeIgniter\Boot::bootWeb(Object(Config\Paths))
DEBUG - 2025-03-21 08:34:51 --> Session: Class initialized using 'CodeIgniter\Session\Handlers\FileHandler' driver.
WARNING - 2025-03-21 08:34:51 --> [DEPRECATED] Creation of dynamic property SysAdmin\Controllers\Swipers::$session is deprecated in ROOTPATH\SysAdmin\Controllers\BaseController.php on line 51.
 1 ROOTPATH\SysAdmin\Controllers\Swipers.php(9): SysAdmin\Controllers\BaseController->__construct()
 2 SYSTEMPATH\CodeIgniter.php(903): SysAdmin\Controllers\Swipers->__construct()
 3 SYSTEMPATH\CodeIgniter.php(498): CodeIgniter\CodeIgniter->createController()
 4 SYSTEMPATH\CodeIgniter.php(354): CodeIgniter\CodeIgniter->handleRequest(null, Object(Config\Cache), false)
 5 SYSTEMPATH\Boot.php(334): CodeIgniter\CodeIgniter->run()
 6 SYSTEMPATH\Boot.php(67): CodeIgniter\Boot::runCodeIgniter(Object(CodeIgniter\CodeIgniter))
 7 FCPATH\index.php(56): CodeIgniter\Boot::bootWeb(Object(Config\Paths))
WARNING - 2025-03-21 08:34:51 --> [DEPRECATED] Creation of dynamic property SysAdmin\Controllers\Swipers::$encrypter is deprecated in ROOTPATH\SysAdmin\Controllers\BaseController.php on line 52.
 1 ROOTPATH\SysAdmin\Controllers\Swipers.php(9): SysAdmin\Controllers\BaseController->__construct()
 2 SYSTEMPATH\CodeIgniter.php(903): SysAdmin\Controllers\Swipers->__construct()
 3 SYSTEMPATH\CodeIgniter.php(498): CodeIgniter\CodeIgniter->createController()
 4 SYSTEMPATH\CodeIgniter.php(354): CodeIgniter\CodeIgniter->handleRequest(null, Object(Config\Cache), false)
 5 SYSTEMPATH\Boot.php(334): CodeIgniter\CodeIgniter->run()
 6 SYSTEMPATH\Boot.php(67): CodeIgniter\Boot::runCodeIgniter(Object(CodeIgniter\CodeIgniter))
 7 FCPATH\index.php(56): CodeIgniter\Boot::bootWeb(Object(Config\Paths))
WARNING - 2025-03-21 08:34:51 --> [DEPRECATED] Creation of dynamic property SysAdmin\Controllers\Swipers::$nav_mold is deprecated in ROOTPATH\SysAdmin\Controllers\Swipers.php on line 10.
 1 SYSTEMPATH\CodeIgniter.php(903): SysAdmin\Controllers\Swipers->__construct()
 2 SYSTEMPATH\CodeIgniter.php(498): CodeIgniter\CodeIgniter->createController()
 3 SYSTEMPATH\CodeIgniter.php(354): CodeIgniter\CodeIgniter->handleRequest(null, Object(Config\Cache), false)
 4 SYSTEMPATH\Boot.php(334): CodeIgniter\CodeIgniter->run()
 5 SYSTEMPATH\Boot.php(67): CodeIgniter\Boot::runCodeIgniter(Object(CodeIgniter\CodeIgniter))
 6 FCPATH\index.php(56): CodeIgniter\Boot::bootWeb(Object(Config\Paths))
WARNING - 2025-03-21 08:34:51 --> [DEPRECATED] Creation of dynamic property SysAdmin\Controllers\Swipers::$SwiperModel is deprecated in ROOTPATH\SysAdmin\Controllers\Swipers.php on line 22.
 1 SYSTEMPATH\CodeIgniter.php(903): SysAdmin\Controllers\Swipers->__construct()
 2 SYSTEMPATH\CodeIgniter.php(498): CodeIgniter\CodeIgniter->createController()
 3 SYSTEMPATH\CodeIgniter.php(354): CodeIgniter\CodeIgniter->handleRequest(null, Object(Config\Cache), false)
 4 SYSTEMPATH\Boot.php(334): CodeIgniter\CodeIgniter->run()
 5 SYSTEMPATH\Boot.php(67): CodeIgniter\Boot::runCodeIgniter(Object(CodeIgniter\CodeIgniter))
 6 FCPATH\index.php(56): CodeIgniter\Boot::bootWeb(Object(Config\Paths))
DEBUG - 2025-03-21 08:34:59 --> Session: Class initialized using 'CodeIgniter\Session\Handlers\FileHandler' driver.
WARNING - 2025-03-21 08:34:59 --> [DEPRECATED] Creation of dynamic property SysAdmin\Controllers\Site::$session is deprecated in ROOTPATH\SysAdmin\Controllers\BaseController.php on line 51.
 1 ROOTPATH\SysAdmin\Controllers\Site.php(14): SysAdmin\Controllers\BaseController->__construct()
 2 SYSTEMPATH\CodeIgniter.php(903): SysAdmin\Controllers\Site->__construct()
 3 SYSTEMPATH\CodeIgniter.php(498): CodeIgniter\CodeIgniter->createController()
 4 SYSTEMPATH\CodeIgniter.php(354): CodeIgniter\CodeIgniter->handleRequest(null, Object(Config\Cache), false)
 5 SYSTEMPATH\Boot.php(334): CodeIgniter\CodeIgniter->run()
 6 SYSTEMPATH\Boot.php(67): CodeIgniter\Boot::runCodeIgniter(Object(CodeIgniter\CodeIgniter))
 7 FCPATH\index.php(56): CodeIgniter\Boot::bootWeb(Object(Config\Paths))
WARNING - 2025-03-21 08:34:59 --> [DEPRECATED] Creation of dynamic property SysAdmin\Controllers\Site::$encrypter is deprecated in ROOTPATH\SysAdmin\Controllers\BaseController.php on line 52.
 1 ROOTPATH\SysAdmin\Controllers\Site.php(14): SysAdmin\Controllers\BaseController->__construct()
 2 SYSTEMPATH\CodeIgniter.php(903): SysAdmin\Controllers\Site->__construct()
 3 SYSTEMPATH\CodeIgniter.php(498): CodeIgniter\CodeIgniter->createController()
 4 SYSTEMPATH\CodeIgniter.php(354): CodeIgniter\CodeIgniter->handleRequest(null, Object(Config\Cache), false)
 5 SYSTEMPATH\Boot.php(334): CodeIgniter\CodeIgniter->run()
 6 SYSTEMPATH\Boot.php(67): CodeIgniter\Boot::runCodeIgniter(Object(CodeIgniter\CodeIgniter))
 7 FCPATH\index.php(56): CodeIgniter\Boot::bootWeb(Object(Config\Paths))
WARNING - 2025-03-21 08:34:59 --> [DEPRECATED] Creation of dynamic property SysAdmin\Controllers\Site::$nav_mold is deprecated in ROOTPATH\SysAdmin\Controllers\Site.php on line 16.
 1 SYSTEMPATH\CodeIgniter.php(903): SysAdmin\Controllers\Site->__construct()
 2 SYSTEMPATH\CodeIgniter.php(498): CodeIgniter\CodeIgniter->createController()
 3 SYSTEMPATH\CodeIgniter.php(354): CodeIgniter\CodeIgniter->handleRequest(null, Object(Config\Cache), false)
 4 SYSTEMPATH\Boot.php(334): CodeIgniter\CodeIgniter->run()
 5 SYSTEMPATH\Boot.php(67): CodeIgniter\Boot::runCodeIgniter(Object(CodeIgniter\CodeIgniter))
 6 FCPATH\index.php(56): CodeIgniter\Boot::bootWeb(Object(Config\Paths))
WARNING - 2025-03-21 08:34:59 --> [DEPRECATED] Creation of dynamic property SysAdmin\Controllers\Site::$SiteModel is deprecated in ROOTPATH\SysAdmin\Controllers\Site.php on line 20.
 1 SYSTEMPATH\CodeIgniter.php(903): SysAdmin\Controllers\Site->__construct()
 2 SYSTEMPATH\CodeIgniter.php(498): CodeIgniter\CodeIgniter->createController()
 3 SYSTEMPATH\CodeIgniter.php(354): CodeIgniter\CodeIgniter->handleRequest(null, Object(Config\Cache), false)
 4 SYSTEMPATH\Boot.php(334): CodeIgniter\CodeIgniter->run()
 5 SYSTEMPATH\Boot.php(67): CodeIgniter\Boot::runCodeIgniter(Object(CodeIgniter\CodeIgniter))
 6 FCPATH\index.php(56): CodeIgniter\Boot::bootWeb(Object(Config\Paths))
DEBUG - 2025-03-21 08:35:01 --> Session: Class initialized using 'CodeIgniter\Session\Handlers\FileHandler' driver.
WARNING - 2025-03-21 08:35:01 --> [DEPRECATED] Creation of dynamic property SysAdmin\Controllers\Nav::$session is deprecated in ROOTPATH\SysAdmin\Controllers\BaseController.php on line 51.
 1 ROOTPATH\SysAdmin\Controllers\Nav.php(8): SysAdmin\Controllers\BaseController->__construct()
 2 SYSTEMPATH\CodeIgniter.php(903): SysAdmin\Controllers\Nav->__construct()
 3 SYSTEMPATH\CodeIgniter.php(498): CodeIgniter\CodeIgniter->createController()
 4 SYSTEMPATH\CodeIgniter.php(354): CodeIgniter\CodeIgniter->handleRequest(null, Object(Config\Cache), false)
 5 SYSTEMPATH\Boot.php(334): CodeIgniter\CodeIgniter->run()
 6 SYSTEMPATH\Boot.php(67): CodeIgniter\Boot::runCodeIgniter(Object(CodeIgniter\CodeIgniter))
 7 FCPATH\index.php(56): CodeIgniter\Boot::bootWeb(Object(Config\Paths))
WARNING - 2025-03-21 08:35:01 --> [DEPRECATED] Creation of dynamic property SysAdmin\Controllers\Nav::$encrypter is deprecated in ROOTPATH\SysAdmin\Controllers\BaseController.php on line 52.
 1 ROOTPATH\SysAdmin\Controllers\Nav.php(8): SysAdmin\Controllers\BaseController->__construct()
 2 SYSTEMPATH\CodeIgniter.php(903): SysAdmin\Controllers\Nav->__construct()
 3 SYSTEMPATH\CodeIgniter.php(498): CodeIgniter\CodeIgniter->createController()
 4 SYSTEMPATH\CodeIgniter.php(354): CodeIgniter\CodeIgniter->handleRequest(null, Object(Config\Cache), false)
 5 SYSTEMPATH\Boot.php(334): CodeIgniter\CodeIgniter->run()
 6 SYSTEMPATH\Boot.php(67): CodeIgniter\Boot::runCodeIgniter(Object(CodeIgniter\CodeIgniter))
 7 FCPATH\index.php(56): CodeIgniter\Boot::bootWeb(Object(Config\Paths))
WARNING - 2025-03-21 08:35:01 --> [DEPRECATED] Creation of dynamic property SysAdmin\Controllers\Nav::$nav_mold is deprecated in ROOTPATH\SysAdmin\Controllers\Nav.php on line 9.
 1 SYSTEMPATH\CodeIgniter.php(903): SysAdmin\Controllers\Nav->__construct()
 2 SYSTEMPATH\CodeIgniter.php(498): CodeIgniter\CodeIgniter->createController()
 3 SYSTEMPATH\CodeIgniter.php(354): CodeIgniter\CodeIgniter->handleRequest(null, Object(Config\Cache), false)
 4 SYSTEMPATH\Boot.php(334): CodeIgniter\CodeIgniter->run()
 5 SYSTEMPATH\Boot.php(67): CodeIgniter\Boot::runCodeIgniter(Object(CodeIgniter\CodeIgniter))
 6 FCPATH\index.php(56): CodeIgniter\Boot::bootWeb(Object(Config\Paths))
WARNING - 2025-03-21 08:35:01 --> [DEPRECATED] Optional parameter $sarray declared before required parameter $id is implicitly treated as a required parameter in ROOTPATH\SysAdmin\Models\NavModel.php on line 17.
 1 SYSTEMPATH\Autoloader\Autoloader.php(316): include_once('E:\\web\\XAMPP\\htdocs\\test\\system\\Debug\\Exceptions.php')
 2 SYSTEMPATH\Autoloader\Autoloader.php(295): CodeIgniter\Autoloader\Autoloader->includeFile('E:\\web\\XAMPP\\htdocs\\test\\SysAdmin\\Models\\NavModel.php')
 3 SYSTEMPATH\Autoloader\Autoloader.php(271): CodeIgniter\Autoloader\Autoloader->loadInNamespace('SysAdmin\\Models\\NavModel')
 4 ROOTPATH\SysAdmin\Controllers\Nav.php(24): CodeIgniter\Autoloader\Autoloader->loadClass('SysAdmin\\Models\\NavModel')
 5 SYSTEMPATH\CodeIgniter.php(933): SysAdmin\Controllers\Nav->index()
 6 SYSTEMPATH\CodeIgniter.php(507): CodeIgniter\CodeIgniter->runController(Object(SysAdmin\Controllers\Nav))
 7 SYSTEMPATH\CodeIgniter.php(354): CodeIgniter\CodeIgniter->handleRequest(null, Object(Config\Cache), false)
 8 SYSTEMPATH\Boot.php(334): CodeIgniter\CodeIgniter->run()
 9 SYSTEMPATH\Boot.php(67): CodeIgniter\Boot::runCodeIgniter(Object(CodeIgniter\CodeIgniter))
10 FCPATH\index.php(56): CodeIgniter\Boot::bootWeb(Object(Config\Paths))
WARNING - 2025-03-21 08:35:01 --> [DEPRECATED] Optional parameter $sarray declared before required parameter $id is implicitly treated as a required parameter in ROOTPATH\SysAdmin\Models\NavModel.php on line 25.
 1 SYSTEMPATH\Autoloader\Autoloader.php(316): include_once('E:\\web\\XAMPP\\htdocs\\test\\system\\Debug\\Exceptions.php')
 2 SYSTEMPATH\Autoloader\Autoloader.php(295): CodeIgniter\Autoloader\Autoloader->includeFile('E:\\web\\XAMPP\\htdocs\\test\\SysAdmin\\Models\\NavModel.php')
 3 SYSTEMPATH\Autoloader\Autoloader.php(271): CodeIgniter\Autoloader\Autoloader->loadInNamespace('SysAdmin\\Models\\NavModel')
 4 ROOTPATH\SysAdmin\Controllers\Nav.php(24): CodeIgniter\Autoloader\Autoloader->loadClass('SysAdmin\\Models\\NavModel')
 5 SYSTEMPATH\CodeIgniter.php(933): SysAdmin\Controllers\Nav->index()
 6 SYSTEMPATH\CodeIgniter.php(507): CodeIgniter\CodeIgniter->runController(Object(SysAdmin\Controllers\Nav))
 7 SYSTEMPATH\CodeIgniter.php(354): CodeIgniter\CodeIgniter->handleRequest(null, Object(Config\Cache), false)
 8 SYSTEMPATH\Boot.php(334): CodeIgniter\CodeIgniter->run()
 9 SYSTEMPATH\Boot.php(67): CodeIgniter\Boot::runCodeIgniter(Object(CodeIgniter\CodeIgniter))
10 FCPATH\index.php(56): CodeIgniter\Boot::bootWeb(Object(Config\Paths))
DEBUG - 2025-03-21 08:41:27 --> Session: Class initialized using 'CodeIgniter\Session\Handlers\FileHandler' driver.
WARNING - 2025-03-21 08:41:27 --> [DEPRECATED] Creation of dynamic property SysAdmin\Controllers\Swipers::$session is deprecated in ROOTPATH\SysAdmin\Controllers\BaseController.php on line 51.
 1 ROOTPATH\SysAdmin\Controllers\Swipers.php(9): SysAdmin\Controllers\BaseController->__construct()
 2 SYSTEMPATH\CodeIgniter.php(903): SysAdmin\Controllers\Swipers->__construct()
 3 SYSTEMPATH\CodeIgniter.php(498): CodeIgniter\CodeIgniter->createController()
 4 SYSTEMPATH\CodeIgniter.php(354): CodeIgniter\CodeIgniter->handleRequest(null, Object(Config\Cache), false)
 5 SYSTEMPATH\Boot.php(334): CodeIgniter\CodeIgniter->run()
 6 SYSTEMPATH\Boot.php(67): CodeIgniter\Boot::runCodeIgniter(Object(CodeIgniter\CodeIgniter))
 7 FCPATH\index.php(56): CodeIgniter\Boot::bootWeb(Object(Config\Paths))
WARNING - 2025-03-21 08:41:27 --> [DEPRECATED] Creation of dynamic property SysAdmin\Controllers\Swipers::$encrypter is deprecated in ROOTPATH\SysAdmin\Controllers\BaseController.php on line 52.
 1 ROOTPATH\SysAdmin\Controllers\Swipers.php(9): SysAdmin\Controllers\BaseController->__construct()
 2 SYSTEMPATH\CodeIgniter.php(903): SysAdmin\Controllers\Swipers->__construct()
 3 SYSTEMPATH\CodeIgniter.php(498): CodeIgniter\CodeIgniter->createController()
 4 SYSTEMPATH\CodeIgniter.php(354): CodeIgniter\CodeIgniter->handleRequest(null, Object(Config\Cache), false)
 5 SYSTEMPATH\Boot.php(334): CodeIgniter\CodeIgniter->run()
 6 SYSTEMPATH\Boot.php(67): CodeIgniter\Boot::runCodeIgniter(Object(CodeIgniter\CodeIgniter))
 7 FCPATH\index.php(56): CodeIgniter\Boot::bootWeb(Object(Config\Paths))
WARNING - 2025-03-21 08:41:27 --> [DEPRECATED] Creation of dynamic property SysAdmin\Controllers\Swipers::$nav_mold is deprecated in ROOTPATH\SysAdmin\Controllers\Swipers.php on line 10.
 1 SYSTEMPATH\CodeIgniter.php(903): SysAdmin\Controllers\Swipers->__construct()
 2 SYSTEMPATH\CodeIgniter.php(498): CodeIgniter\CodeIgniter->createController()
 3 SYSTEMPATH\CodeIgniter.php(354): CodeIgniter\CodeIgniter->handleRequest(null, Object(Config\Cache), false)
 4 SYSTEMPATH\Boot.php(334): CodeIgniter\CodeIgniter->run()
 5 SYSTEMPATH\Boot.php(67): CodeIgniter\Boot::runCodeIgniter(Object(CodeIgniter\CodeIgniter))
 6 FCPATH\index.php(56): CodeIgniter\Boot::bootWeb(Object(Config\Paths))
WARNING - 2025-03-21 08:41:27 --> [DEPRECATED] Creation of dynamic property SysAdmin\Controllers\Swipers::$SwiperModel is deprecated in ROOTPATH\SysAdmin\Controllers\Swipers.php on line 22.
 1 SYSTEMPATH\CodeIgniter.php(903): SysAdmin\Controllers\Swipers->__construct()
 2 SYSTEMPATH\CodeIgniter.php(498): CodeIgniter\CodeIgniter->createController()
 3 SYSTEMPATH\CodeIgniter.php(354): CodeIgniter\CodeIgniter->handleRequest(null, Object(Config\Cache), false)
 4 SYSTEMPATH\Boot.php(334): CodeIgniter\CodeIgniter->run()
 5 SYSTEMPATH\Boot.php(67): CodeIgniter\Boot::runCodeIgniter(Object(CodeIgniter\CodeIgniter))
 6 FCPATH\index.php(56): CodeIgniter\Boot::bootWeb(Object(Config\Paths))
DEBUG - 2025-03-21 08:41:33 --> Session: Class initialized using 'CodeIgniter\Session\Handlers\FileHandler' driver.
WARNING - 2025-03-21 08:41:33 --> [DEPRECATED] Creation of dynamic property SysAdmin\Controllers\upLoad::$session is deprecated in ROOTPATH\SysAdmin\Controllers\BaseController.php on line 51.
 1 SYSTEMPATH\CodeIgniter.php(903): SysAdmin\Controllers\BaseController->__construct()
 2 SYSTEMPATH\CodeIgniter.php(498): CodeIgniter\CodeIgniter->createController()
 3 SYSTEMPATH\CodeIgniter.php(354): CodeIgniter\CodeIgniter->handleRequest(null, Object(Config\Cache), false)
 4 SYSTEMPATH\Boot.php(334): CodeIgniter\CodeIgniter->run()
 5 SYSTEMPATH\Boot.php(67): CodeIgniter\Boot::runCodeIgniter(Object(CodeIgniter\CodeIgniter))
 6 FCPATH\index.php(56): CodeIgniter\Boot::bootWeb(Object(Config\Paths))
WARNING - 2025-03-21 08:41:33 --> [DEPRECATED] Creation of dynamic property SysAdmin\Controllers\upLoad::$encrypter is deprecated in ROOTPATH\SysAdmin\Controllers\BaseController.php on line 52.
 1 SYSTEMPATH\CodeIgniter.php(903): SysAdmin\Controllers\BaseController->__construct()
 2 SYSTEMPATH\CodeIgniter.php(498): CodeIgniter\CodeIgniter->createController()
 3 SYSTEMPATH\CodeIgniter.php(354): CodeIgniter\CodeIgniter->handleRequest(null, Object(Config\Cache), false)
 4 SYSTEMPATH\Boot.php(334): CodeIgniter\CodeIgniter->run()
 5 SYSTEMPATH\Boot.php(67): CodeIgniter\Boot::runCodeIgniter(Object(CodeIgniter\CodeIgniter))
 6 FCPATH\index.php(56): CodeIgniter\Boot::bootWeb(Object(Config\Paths))
DEBUG - 2025-03-21 08:41:42 --> Session: Class initialized using 'CodeIgniter\Session\Handlers\FileHandler' driver.
WARNING - 2025-03-21 08:41:42 --> [DEPRECATED] Creation of dynamic property SysAdmin\Controllers\Swipers::$session is deprecated in ROOTPATH\SysAdmin\Controllers\BaseController.php on line 51.
 1 ROOTPATH\SysAdmin\Controllers\Swipers.php(9): SysAdmin\Controllers\BaseController->__construct()
 2 SYSTEMPATH\CodeIgniter.php(903): SysAdmin\Controllers\Swipers->__construct()
 3 SYSTEMPATH\CodeIgniter.php(498): CodeIgniter\CodeIgniter->createController()
 4 SYSTEMPATH\CodeIgniter.php(354): CodeIgniter\CodeIgniter->handleRequest(null, Object(Config\Cache), false)
 5 SYSTEMPATH\Boot.php(334): CodeIgniter\CodeIgniter->run()
 6 SYSTEMPATH\Boot.php(67): CodeIgniter\Boot::runCodeIgniter(Object(CodeIgniter\CodeIgniter))
 7 FCPATH\index.php(56): CodeIgniter\Boot::bootWeb(Object(Config\Paths))
WARNING - 2025-03-21 08:41:42 --> [DEPRECATED] Creation of dynamic property SysAdmin\Controllers\Swipers::$encrypter is deprecated in ROOTPATH\SysAdmin\Controllers\BaseController.php on line 52.
 1 ROOTPATH\SysAdmin\Controllers\Swipers.php(9): SysAdmin\Controllers\BaseController->__construct()
 2 SYSTEMPATH\CodeIgniter.php(903): SysAdmin\Controllers\Swipers->__construct()
 3 SYSTEMPATH\CodeIgniter.php(498): CodeIgniter\CodeIgniter->createController()
 4 SYSTEMPATH\CodeIgniter.php(354): CodeIgniter\CodeIgniter->handleRequest(null, Object(Config\Cache), false)
 5 SYSTEMPATH\Boot.php(334): CodeIgniter\CodeIgniter->run()
 6 SYSTEMPATH\Boot.php(67): CodeIgniter\Boot::runCodeIgniter(Object(CodeIgniter\CodeIgniter))
 7 FCPATH\index.php(56): CodeIgniter\Boot::bootWeb(Object(Config\Paths))
WARNING - 2025-03-21 08:41:42 --> [DEPRECATED] Creation of dynamic property SysAdmin\Controllers\Swipers::$nav_mold is deprecated in ROOTPATH\SysAdmin\Controllers\Swipers.php on line 10.
 1 SYSTEMPATH\CodeIgniter.php(903): SysAdmin\Controllers\Swipers->__construct()
 2 SYSTEMPATH\CodeIgniter.php(498): CodeIgniter\CodeIgniter->createController()
 3 SYSTEMPATH\CodeIgniter.php(354): CodeIgniter\CodeIgniter->handleRequest(null, Object(Config\Cache), false)
 4 SYSTEMPATH\Boot.php(334): CodeIgniter\CodeIgniter->run()
 5 SYSTEMPATH\Boot.php(67): CodeIgniter\Boot::runCodeIgniter(Object(CodeIgniter\CodeIgniter))
 6 FCPATH\index.php(56): CodeIgniter\Boot::bootWeb(Object(Config\Paths))
WARNING - 2025-03-21 08:41:42 --> [DEPRECATED] Creation of dynamic property SysAdmin\Controllers\Swipers::$SwiperModel is deprecated in ROOTPATH\SysAdmin\Controllers\Swipers.php on line 22.
 1 SYSTEMPATH\CodeIgniter.php(903): SysAdmin\Controllers\Swipers->__construct()
 2 SYSTEMPATH\CodeIgniter.php(498): CodeIgniter\CodeIgniter->createController()
 3 SYSTEMPATH\CodeIgniter.php(354): CodeIgniter\CodeIgniter->handleRequest(null, Object(Config\Cache), false)
 4 SYSTEMPATH\Boot.php(334): CodeIgniter\CodeIgniter->run()
 5 SYSTEMPATH\Boot.php(67): CodeIgniter\Boot::runCodeIgniter(Object(CodeIgniter\CodeIgniter))
 6 FCPATH\index.php(56): CodeIgniter\Boot::bootWeb(Object(Config\Paths))
DEBUG - 2025-03-21 08:41:43 --> Session: Class initialized using 'CodeIgniter\Session\Handlers\FileHandler' driver.
WARNING - 2025-03-21 08:41:43 --> [DEPRECATED] Creation of dynamic property SysAdmin\Controllers\Swipers::$session is deprecated in ROOTPATH\SysAdmin\Controllers\BaseController.php on line 51.
 1 ROOTPATH\SysAdmin\Controllers\Swipers.php(9): SysAdmin\Controllers\BaseController->__construct()
 2 SYSTEMPATH\CodeIgniter.php(903): SysAdmin\Controllers\Swipers->__construct()
 3 SYSTEMPATH\CodeIgniter.php(498): CodeIgniter\CodeIgniter->createController()
 4 SYSTEMPATH\CodeIgniter.php(354): CodeIgniter\CodeIgniter->handleRequest(null, Object(Config\Cache), false)
 5 SYSTEMPATH\Boot.php(334): CodeIgniter\CodeIgniter->run()
 6 SYSTEMPATH\Boot.php(67): CodeIgniter\Boot::runCodeIgniter(Object(CodeIgniter\CodeIgniter))
 7 FCPATH\index.php(56): CodeIgniter\Boot::bootWeb(Object(Config\Paths))
WARNING - 2025-03-21 08:41:43 --> [DEPRECATED] Creation of dynamic property SysAdmin\Controllers\Swipers::$encrypter is deprecated in ROOTPATH\SysAdmin\Controllers\BaseController.php on line 52.
 1 ROOTPATH\SysAdmin\Controllers\Swipers.php(9): SysAdmin\Controllers\BaseController->__construct()
 2 SYSTEMPATH\CodeIgniter.php(903): SysAdmin\Controllers\Swipers->__construct()
 3 SYSTEMPATH\CodeIgniter.php(498): CodeIgniter\CodeIgniter->createController()
 4 SYSTEMPATH\CodeIgniter.php(354): CodeIgniter\CodeIgniter->handleRequest(null, Object(Config\Cache), false)
 5 SYSTEMPATH\Boot.php(334): CodeIgniter\CodeIgniter->run()
 6 SYSTEMPATH\Boot.php(67): CodeIgniter\Boot::runCodeIgniter(Object(CodeIgniter\CodeIgniter))
 7 FCPATH\index.php(56): CodeIgniter\Boot::bootWeb(Object(Config\Paths))
WARNING - 2025-03-21 08:41:43 --> [DEPRECATED] Creation of dynamic property SysAdmin\Controllers\Swipers::$nav_mold is deprecated in ROOTPATH\SysAdmin\Controllers\Swipers.php on line 10.
 1 SYSTEMPATH\CodeIgniter.php(903): SysAdmin\Controllers\Swipers->__construct()
 2 SYSTEMPATH\CodeIgniter.php(498): CodeIgniter\CodeIgniter->createController()
 3 SYSTEMPATH\CodeIgniter.php(354): CodeIgniter\CodeIgniter->handleRequest(null, Object(Config\Cache), false)
 4 SYSTEMPATH\Boot.php(334): CodeIgniter\CodeIgniter->run()
 5 SYSTEMPATH\Boot.php(67): CodeIgniter\Boot::runCodeIgniter(Object(CodeIgniter\CodeIgniter))
 6 FCPATH\index.php(56): CodeIgniter\Boot::bootWeb(Object(Config\Paths))
WARNING - 2025-03-21 08:41:43 --> [DEPRECATED] Creation of dynamic property SysAdmin\Controllers\Swipers::$SwiperModel is deprecated in ROOTPATH\SysAdmin\Controllers\Swipers.php on line 22.
 1 SYSTEMPATH\CodeIgniter.php(903): SysAdmin\Controllers\Swipers->__construct()
 2 SYSTEMPATH\CodeIgniter.php(498): CodeIgniter\CodeIgniter->createController()
 3 SYSTEMPATH\CodeIgniter.php(354): CodeIgniter\CodeIgniter->handleRequest(null, Object(Config\Cache), false)
 4 SYSTEMPATH\Boot.php(334): CodeIgniter\CodeIgniter->run()
 5 SYSTEMPATH\Boot.php(67): CodeIgniter\Boot::runCodeIgniter(Object(CodeIgniter\CodeIgniter))
 6 FCPATH\index.php(56): CodeIgniter\Boot::bootWeb(Object(Config\Paths))
DEBUG - 2025-03-21 08:41:44 --> Session: Class initialized using 'CodeIgniter\Session\Handlers\FileHandler' driver.
WARNING - 2025-03-21 08:41:44 --> [DEPRECATED] Creation of dynamic property SysAdmin\Controllers\Swipers::$session is deprecated in ROOTPATH\SysAdmin\Controllers\BaseController.php on line 51.
 1 ROOTPATH\SysAdmin\Controllers\Swipers.php(9): SysAdmin\Controllers\BaseController->__construct()
 2 SYSTEMPATH\CodeIgniter.php(903): SysAdmin\Controllers\Swipers->__construct()
 3 SYSTEMPATH\CodeIgniter.php(498): CodeIgniter\CodeIgniter->createController()
 4 SYSTEMPATH\CodeIgniter.php(354): CodeIgniter\CodeIgniter->handleRequest(null, Object(Config\Cache), false)
 5 SYSTEMPATH\Boot.php(334): CodeIgniter\CodeIgniter->run()
 6 SYSTEMPATH\Boot.php(67): CodeIgniter\Boot::runCodeIgniter(Object(CodeIgniter\CodeIgniter))
 7 FCPATH\index.php(56): CodeIgniter\Boot::bootWeb(Object(Config\Paths))
WARNING - 2025-03-21 08:41:44 --> [DEPRECATED] Creation of dynamic property SysAdmin\Controllers\Swipers::$encrypter is deprecated in ROOTPATH\SysAdmin\Controllers\BaseController.php on line 52.
 1 ROOTPATH\SysAdmin\Controllers\Swipers.php(9): SysAdmin\Controllers\BaseController->__construct()
 2 SYSTEMPATH\CodeIgniter.php(903): SysAdmin\Controllers\Swipers->__construct()
 3 SYSTEMPATH\CodeIgniter.php(498): CodeIgniter\CodeIgniter->createController()
 4 SYSTEMPATH\CodeIgniter.php(354): CodeIgniter\CodeIgniter->handleRequest(null, Object(Config\Cache), false)
 5 SYSTEMPATH\Boot.php(334): CodeIgniter\CodeIgniter->run()
 6 SYSTEMPATH\Boot.php(67): CodeIgniter\Boot::runCodeIgniter(Object(CodeIgniter\CodeIgniter))
 7 FCPATH\index.php(56): CodeIgniter\Boot::bootWeb(Object(Config\Paths))
WARNING - 2025-03-21 08:41:44 --> [DEPRECATED] Creation of dynamic property SysAdmin\Controllers\Swipers::$nav_mold is deprecated in ROOTPATH\SysAdmin\Controllers\Swipers.php on line 10.
 1 SYSTEMPATH\CodeIgniter.php(903): SysAdmin\Controllers\Swipers->__construct()
 2 SYSTEMPATH\CodeIgniter.php(498): CodeIgniter\CodeIgniter->createController()
 3 SYSTEMPATH\CodeIgniter.php(354): CodeIgniter\CodeIgniter->handleRequest(null, Object(Config\Cache), false)
 4 SYSTEMPATH\Boot.php(334): CodeIgniter\CodeIgniter->run()
 5 SYSTEMPATH\Boot.php(67): CodeIgniter\Boot::runCodeIgniter(Object(CodeIgniter\CodeIgniter))
 6 FCPATH\index.php(56): CodeIgniter\Boot::bootWeb(Object(Config\Paths))
WARNING - 2025-03-21 08:41:44 --> [DEPRECATED] Creation of dynamic property SysAdmin\Controllers\Swipers::$SwiperModel is deprecated in ROOTPATH\SysAdmin\Controllers\Swipers.php on line 22.
 1 SYSTEMPATH\CodeIgniter.php(903): SysAdmin\Controllers\Swipers->__construct()
 2 SYSTEMPATH\CodeIgniter.php(498): CodeIgniter\CodeIgniter->createController()
 3 SYSTEMPATH\CodeIgniter.php(354): CodeIgniter\CodeIgniter->handleRequest(null, Object(Config\Cache), false)
 4 SYSTEMPATH\Boot.php(334): CodeIgniter\CodeIgniter->run()
 5 SYSTEMPATH\Boot.php(67): CodeIgniter\Boot::runCodeIgniter(Object(CodeIgniter\CodeIgniter))
 6 FCPATH\index.php(56): CodeIgniter\Boot::bootWeb(Object(Config\Paths))
DEBUG - 2025-03-21 08:41:50 --> Session: Class initialized using 'CodeIgniter\Session\Handlers\FileHandler' driver.
WARNING - 2025-03-21 08:41:50 --> [DEPRECATED] Creation of dynamic property SysAdmin\Controllers\Swipers::$session is deprecated in ROOTPATH\SysAdmin\Controllers\BaseController.php on line 51.
 1 ROOTPATH\SysAdmin\Controllers\Swipers.php(9): SysAdmin\Controllers\BaseController->__construct()
 2 SYSTEMPATH\CodeIgniter.php(903): SysAdmin\Controllers\Swipers->__construct()
 3 SYSTEMPATH\CodeIgniter.php(498): CodeIgniter\CodeIgniter->createController()
 4 SYSTEMPATH\CodeIgniter.php(354): CodeIgniter\CodeIgniter->handleRequest(null, Object(Config\Cache), false)
 5 SYSTEMPATH\Boot.php(334): CodeIgniter\CodeIgniter->run()
 6 SYSTEMPATH\Boot.php(67): CodeIgniter\Boot::runCodeIgniter(Object(CodeIgniter\CodeIgniter))
 7 FCPATH\index.php(56): CodeIgniter\Boot::bootWeb(Object(Config\Paths))
WARNING - 2025-03-21 08:41:50 --> [DEPRECATED] Creation of dynamic property SysAdmin\Controllers\Swipers::$encrypter is deprecated in ROOTPATH\SysAdmin\Controllers\BaseController.php on line 52.
 1 ROOTPATH\SysAdmin\Controllers\Swipers.php(9): SysAdmin\Controllers\BaseController->__construct()
 2 SYSTEMPATH\CodeIgniter.php(903): SysAdmin\Controllers\Swipers->__construct()
 3 SYSTEMPATH\CodeIgniter.php(498): CodeIgniter\CodeIgniter->createController()
 4 SYSTEMPATH\CodeIgniter.php(354): CodeIgniter\CodeIgniter->handleRequest(null, Object(Config\Cache), false)
 5 SYSTEMPATH\Boot.php(334): CodeIgniter\CodeIgniter->run()
 6 SYSTEMPATH\Boot.php(67): CodeIgniter\Boot::runCodeIgniter(Object(CodeIgniter\CodeIgniter))
 7 FCPATH\index.php(56): CodeIgniter\Boot::bootWeb(Object(Config\Paths))
WARNING - 2025-03-21 08:41:50 --> [DEPRECATED] Creation of dynamic property SysAdmin\Controllers\Swipers::$nav_mold is deprecated in ROOTPATH\SysAdmin\Controllers\Swipers.php on line 10.
 1 SYSTEMPATH\CodeIgniter.php(903): SysAdmin\Controllers\Swipers->__construct()
 2 SYSTEMPATH\CodeIgniter.php(498): CodeIgniter\CodeIgniter->createController()
 3 SYSTEMPATH\CodeIgniter.php(354): CodeIgniter\CodeIgniter->handleRequest(null, Object(Config\Cache), false)
 4 SYSTEMPATH\Boot.php(334): CodeIgniter\CodeIgniter->run()
 5 SYSTEMPATH\Boot.php(67): CodeIgniter\Boot::runCodeIgniter(Object(CodeIgniter\CodeIgniter))
 6 FCPATH\index.php(56): CodeIgniter\Boot::bootWeb(Object(Config\Paths))
WARNING - 2025-03-21 08:41:50 --> [DEPRECATED] Creation of dynamic property SysAdmin\Controllers\Swipers::$SwiperModel is deprecated in ROOTPATH\SysAdmin\Controllers\Swipers.php on line 22.
 1 SYSTEMPATH\CodeIgniter.php(903): SysAdmin\Controllers\Swipers->__construct()
 2 SYSTEMPATH\CodeIgniter.php(498): CodeIgniter\CodeIgniter->createController()
 3 SYSTEMPATH\CodeIgniter.php(354): CodeIgniter\CodeIgniter->handleRequest(null, Object(Config\Cache), false)
 4 SYSTEMPATH\Boot.php(334): CodeIgniter\CodeIgniter->run()
 5 SYSTEMPATH\Boot.php(67): CodeIgniter\Boot::runCodeIgniter(Object(CodeIgniter\CodeIgniter))
 6 FCPATH\index.php(56): CodeIgniter\Boot::bootWeb(Object(Config\Paths))
DEBUG - 2025-03-21 08:41:58 --> Session: Class initialized using 'CodeIgniter\Session\Handlers\FileHandler' driver.
WARNING - 2025-03-21 08:41:58 --> [DEPRECATED] Creation of dynamic property SysAdmin\Controllers\Swipers::$session is deprecated in ROOTPATH\SysAdmin\Controllers\BaseController.php on line 51.
 1 ROOTPATH\SysAdmin\Controllers\Swipers.php(9): SysAdmin\Controllers\BaseController->__construct()
 2 SYSTEMPATH\CodeIgniter.php(903): SysAdmin\Controllers\Swipers->__construct()
 3 SYSTEMPATH\CodeIgniter.php(498): CodeIgniter\CodeIgniter->createController()
 4 SYSTEMPATH\CodeIgniter.php(354): CodeIgniter\CodeIgniter->handleRequest(null, Object(Config\Cache), false)
 5 SYSTEMPATH\Boot.php(334): CodeIgniter\CodeIgniter->run()
 6 SYSTEMPATH\Boot.php(67): CodeIgniter\Boot::runCodeIgniter(Object(CodeIgniter\CodeIgniter))
 7 FCPATH\index.php(56): CodeIgniter\Boot::bootWeb(Object(Config\Paths))
WARNING - 2025-03-21 08:41:58 --> [DEPRECATED] Creation of dynamic property SysAdmin\Controllers\Swipers::$encrypter is deprecated in ROOTPATH\SysAdmin\Controllers\BaseController.php on line 52.
 1 ROOTPATH\SysAdmin\Controllers\Swipers.php(9): SysAdmin\Controllers\BaseController->__construct()
 2 SYSTEMPATH\CodeIgniter.php(903): SysAdmin\Controllers\Swipers->__construct()
 3 SYSTEMPATH\CodeIgniter.php(498): CodeIgniter\CodeIgniter->createController()
 4 SYSTEMPATH\CodeIgniter.php(354): CodeIgniter\CodeIgniter->handleRequest(null, Object(Config\Cache), false)
 5 SYSTEMPATH\Boot.php(334): CodeIgniter\CodeIgniter->run()
 6 SYSTEMPATH\Boot.php(67): CodeIgniter\Boot::runCodeIgniter(Object(CodeIgniter\CodeIgniter))
 7 FCPATH\index.php(56): CodeIgniter\Boot::bootWeb(Object(Config\Paths))
WARNING - 2025-03-21 08:41:58 --> [DEPRECATED] Creation of dynamic property SysAdmin\Controllers\Swipers::$nav_mold is deprecated in ROOTPATH\SysAdmin\Controllers\Swipers.php on line 10.
 1 SYSTEMPATH\CodeIgniter.php(903): SysAdmin\Controllers\Swipers->__construct()
 2 SYSTEMPATH\CodeIgniter.php(498): CodeIgniter\CodeIgniter->createController()
 3 SYSTEMPATH\CodeIgniter.php(354): CodeIgniter\CodeIgniter->handleRequest(null, Object(Config\Cache), false)
 4 SYSTEMPATH\Boot.php(334): CodeIgniter\CodeIgniter->run()
 5 SYSTEMPATH\Boot.php(67): CodeIgniter\Boot::runCodeIgniter(Object(CodeIgniter\CodeIgniter))
 6 FCPATH\index.php(56): CodeIgniter\Boot::bootWeb(Object(Config\Paths))
WARNING - 2025-03-21 08:41:58 --> [DEPRECATED] Creation of dynamic property SysAdmin\Controllers\Swipers::$SwiperModel is deprecated in ROOTPATH\SysAdmin\Controllers\Swipers.php on line 22.
 1 SYSTEMPATH\CodeIgniter.php(903): SysAdmin\Controllers\Swipers->__construct()
 2 SYSTEMPATH\CodeIgniter.php(498): CodeIgniter\CodeIgniter->createController()
 3 SYSTEMPATH\CodeIgniter.php(354): CodeIgniter\CodeIgniter->handleRequest(null, Object(Config\Cache), false)
 4 SYSTEMPATH\Boot.php(334): CodeIgniter\CodeIgniter->run()
 5 SYSTEMPATH\Boot.php(67): CodeIgniter\Boot::runCodeIgniter(Object(CodeIgniter\CodeIgniter))
 6 FCPATH\index.php(56): CodeIgniter\Boot::bootWeb(Object(Config\Paths))
DEBUG - 2025-03-21 08:42:00 --> Session: Class initialized using 'CodeIgniter\Session\Handlers\FileHandler' driver.
WARNING - 2025-03-21 08:42:00 --> [DEPRECATED] Creation of dynamic property SysAdmin\Controllers\Swipers::$session is deprecated in ROOTPATH\SysAdmin\Controllers\BaseController.php on line 51.
 1 ROOTPATH\SysAdmin\Controllers\Swipers.php(9): SysAdmin\Controllers\BaseController->__construct()
 2 SYSTEMPATH\CodeIgniter.php(903): SysAdmin\Controllers\Swipers->__construct()
 3 SYSTEMPATH\CodeIgniter.php(498): CodeIgniter\CodeIgniter->createController()
 4 SYSTEMPATH\CodeIgniter.php(354): CodeIgniter\CodeIgniter->handleRequest(null, Object(Config\Cache), false)
 5 SYSTEMPATH\Boot.php(334): CodeIgniter\CodeIgniter->run()
 6 SYSTEMPATH\Boot.php(67): CodeIgniter\Boot::runCodeIgniter(Object(CodeIgniter\CodeIgniter))
 7 FCPATH\index.php(56): CodeIgniter\Boot::bootWeb(Object(Config\Paths))
WARNING - 2025-03-21 08:42:00 --> [DEPRECATED] Creation of dynamic property SysAdmin\Controllers\Swipers::$encrypter is deprecated in ROOTPATH\SysAdmin\Controllers\BaseController.php on line 52.
 1 ROOTPATH\SysAdmin\Controllers\Swipers.php(9): SysAdmin\Controllers\BaseController->__construct()
 2 SYSTEMPATH\CodeIgniter.php(903): SysAdmin\Controllers\Swipers->__construct()
 3 SYSTEMPATH\CodeIgniter.php(498): CodeIgniter\CodeIgniter->createController()
 4 SYSTEMPATH\CodeIgniter.php(354): CodeIgniter\CodeIgniter->handleRequest(null, Object(Config\Cache), false)
 5 SYSTEMPATH\Boot.php(334): CodeIgniter\CodeIgniter->run()
 6 SYSTEMPATH\Boot.php(67): CodeIgniter\Boot::runCodeIgniter(Object(CodeIgniter\CodeIgniter))
 7 FCPATH\index.php(56): CodeIgniter\Boot::bootWeb(Object(Config\Paths))
WARNING - 2025-03-21 08:42:00 --> [DEPRECATED] Creation of dynamic property SysAdmin\Controllers\Swipers::$nav_mold is deprecated in ROOTPATH\SysAdmin\Controllers\Swipers.php on line 10.
 1 SYSTEMPATH\CodeIgniter.php(903): SysAdmin\Controllers\Swipers->__construct()
 2 SYSTEMPATH\CodeIgniter.php(498): CodeIgniter\CodeIgniter->createController()
 3 SYSTEMPATH\CodeIgniter.php(354): CodeIgniter\CodeIgniter->handleRequest(null, Object(Config\Cache), false)
 4 SYSTEMPATH\Boot.php(334): CodeIgniter\CodeIgniter->run()
 5 SYSTEMPATH\Boot.php(67): CodeIgniter\Boot::runCodeIgniter(Object(CodeIgniter\CodeIgniter))
 6 FCPATH\index.php(56): CodeIgniter\Boot::bootWeb(Object(Config\Paths))
WARNING - 2025-03-21 08:42:00 --> [DEPRECATED] Creation of dynamic property SysAdmin\Controllers\Swipers::$SwiperModel is deprecated in ROOTPATH\SysAdmin\Controllers\Swipers.php on line 22.
 1 SYSTEMPATH\CodeIgniter.php(903): SysAdmin\Controllers\Swipers->__construct()
 2 SYSTEMPATH\CodeIgniter.php(498): CodeIgniter\CodeIgniter->createController()
 3 SYSTEMPATH\CodeIgniter.php(354): CodeIgniter\CodeIgniter->handleRequest(null, Object(Config\Cache), false)
 4 SYSTEMPATH\Boot.php(334): CodeIgniter\CodeIgniter->run()
 5 SYSTEMPATH\Boot.php(67): CodeIgniter\Boot::runCodeIgniter(Object(CodeIgniter\CodeIgniter))
 6 FCPATH\index.php(56): CodeIgniter\Boot::bootWeb(Object(Config\Paths))
DEBUG - 2025-03-21 08:42:00 --> Session: Class initialized using 'CodeIgniter\Session\Handlers\FileHandler' driver.
WARNING - 2025-03-21 08:42:00 --> [DEPRECATED] Creation of dynamic property SysAdmin\Controllers\Swipers::$session is deprecated in ROOTPATH\SysAdmin\Controllers\BaseController.php on line 51.
 1 ROOTPATH\SysAdmin\Controllers\Swipers.php(9): SysAdmin\Controllers\BaseController->__construct()
 2 SYSTEMPATH\CodeIgniter.php(903): SysAdmin\Controllers\Swipers->__construct()
 3 SYSTEMPATH\CodeIgniter.php(498): CodeIgniter\CodeIgniter->createController()
 4 SYSTEMPATH\CodeIgniter.php(354): CodeIgniter\CodeIgniter->handleRequest(null, Object(Config\Cache), false)
 5 SYSTEMPATH\Boot.php(334): CodeIgniter\CodeIgniter->run()
 6 SYSTEMPATH\Boot.php(67): CodeIgniter\Boot::runCodeIgniter(Object(CodeIgniter\CodeIgniter))
 7 FCPATH\index.php(56): CodeIgniter\Boot::bootWeb(Object(Config\Paths))
WARNING - 2025-03-21 08:42:00 --> [DEPRECATED] Creation of dynamic property SysAdmin\Controllers\Swipers::$encrypter is deprecated in ROOTPATH\SysAdmin\Controllers\BaseController.php on line 52.
 1 ROOTPATH\SysAdmin\Controllers\Swipers.php(9): SysAdmin\Controllers\BaseController->__construct()
 2 SYSTEMPATH\CodeIgniter.php(903): SysAdmin\Controllers\Swipers->__construct()
 3 SYSTEMPATH\CodeIgniter.php(498): CodeIgniter\CodeIgniter->createController()
 4 SYSTEMPATH\CodeIgniter.php(354): CodeIgniter\CodeIgniter->handleRequest(null, Object(Config\Cache), false)
 5 SYSTEMPATH\Boot.php(334): CodeIgniter\CodeIgniter->run()
 6 SYSTEMPATH\Boot.php(67): CodeIgniter\Boot::runCodeIgniter(Object(CodeIgniter\CodeIgniter))
 7 FCPATH\index.php(56): CodeIgniter\Boot::bootWeb(Object(Config\Paths))
WARNING - 2025-03-21 08:42:00 --> [DEPRECATED] Creation of dynamic property SysAdmin\Controllers\Swipers::$nav_mold is deprecated in ROOTPATH\SysAdmin\Controllers\Swipers.php on line 10.
 1 SYSTEMPATH\CodeIgniter.php(903): SysAdmin\Controllers\Swipers->__construct()
 2 SYSTEMPATH\CodeIgniter.php(498): CodeIgniter\CodeIgniter->createController()
 3 SYSTEMPATH\CodeIgniter.php(354): CodeIgniter\CodeIgniter->handleRequest(null, Object(Config\Cache), false)
 4 SYSTEMPATH\Boot.php(334): CodeIgniter\CodeIgniter->run()
 5 SYSTEMPATH\Boot.php(67): CodeIgniter\Boot::runCodeIgniter(Object(CodeIgniter\CodeIgniter))
 6 FCPATH\index.php(56): CodeIgniter\Boot::bootWeb(Object(Config\Paths))
WARNING - 2025-03-21 08:42:00 --> [DEPRECATED] Creation of dynamic property SysAdmin\Controllers\Swipers::$SwiperModel is deprecated in ROOTPATH\SysAdmin\Controllers\Swipers.php on line 22.
 1 SYSTEMPATH\CodeIgniter.php(903): SysAdmin\Controllers\Swipers->__construct()
 2 SYSTEMPATH\CodeIgniter.php(498): CodeIgniter\CodeIgniter->createController()
 3 SYSTEMPATH\CodeIgniter.php(354): CodeIgniter\CodeIgniter->handleRequest(null, Object(Config\Cache), false)
 4 SYSTEMPATH\Boot.php(334): CodeIgniter\CodeIgniter->run()
 5 SYSTEMPATH\Boot.php(67): CodeIgniter\Boot::runCodeIgniter(Object(CodeIgniter\CodeIgniter))
 6 FCPATH\index.php(56): CodeIgniter\Boot::bootWeb(Object(Config\Paths))
DEBUG - 2025-03-21 08:42:01 --> Session: Class initialized using 'CodeIgniter\Session\Handlers\FileHandler' driver.
WARNING - 2025-03-21 08:42:01 --> [DEPRECATED] Creation of dynamic property SysAdmin\Controllers\Swipers::$session is deprecated in ROOTPATH\SysAdmin\Controllers\BaseController.php on line 51.
 1 ROOTPATH\SysAdmin\Controllers\Swipers.php(9): SysAdmin\Controllers\BaseController->__construct()
 2 SYSTEMPATH\CodeIgniter.php(903): SysAdmin\Controllers\Swipers->__construct()
 3 SYSTEMPATH\CodeIgniter.php(498): CodeIgniter\CodeIgniter->createController()
 4 SYSTEMPATH\CodeIgniter.php(354): CodeIgniter\CodeIgniter->handleRequest(null, Object(Config\Cache), false)
 5 SYSTEMPATH\Boot.php(334): CodeIgniter\CodeIgniter->run()
 6 SYSTEMPATH\Boot.php(67): CodeIgniter\Boot::runCodeIgniter(Object(CodeIgniter\CodeIgniter))
 7 FCPATH\index.php(56): CodeIgniter\Boot::bootWeb(Object(Config\Paths))
WARNING - 2025-03-21 08:42:01 --> [DEPRECATED] Creation of dynamic property SysAdmin\Controllers\Swipers::$encrypter is deprecated in ROOTPATH\SysAdmin\Controllers\BaseController.php on line 52.
 1 ROOTPATH\SysAdmin\Controllers\Swipers.php(9): SysAdmin\Controllers\BaseController->__construct()
 2 SYSTEMPATH\CodeIgniter.php(903): SysAdmin\Controllers\Swipers->__construct()
 3 SYSTEMPATH\CodeIgniter.php(498): CodeIgniter\CodeIgniter->createController()
 4 SYSTEMPATH\CodeIgniter.php(354): CodeIgniter\CodeIgniter->handleRequest(null, Object(Config\Cache), false)
 5 SYSTEMPATH\Boot.php(334): CodeIgniter\CodeIgniter->run()
 6 SYSTEMPATH\Boot.php(67): CodeIgniter\Boot::runCodeIgniter(Object(CodeIgniter\CodeIgniter))
 7 FCPATH\index.php(56): CodeIgniter\Boot::bootWeb(Object(Config\Paths))
WARNING - 2025-03-21 08:42:01 --> [DEPRECATED] Creation of dynamic property SysAdmin\Controllers\Swipers::$nav_mold is deprecated in ROOTPATH\SysAdmin\Controllers\Swipers.php on line 10.
 1 SYSTEMPATH\CodeIgniter.php(903): SysAdmin\Controllers\Swipers->__construct()
 2 SYSTEMPATH\CodeIgniter.php(498): CodeIgniter\CodeIgniter->createController()
 3 SYSTEMPATH\CodeIgniter.php(354): CodeIgniter\CodeIgniter->handleRequest(null, Object(Config\Cache), false)
 4 SYSTEMPATH\Boot.php(334): CodeIgniter\CodeIgniter->run()
 5 SYSTEMPATH\Boot.php(67): CodeIgniter\Boot::runCodeIgniter(Object(CodeIgniter\CodeIgniter))
 6 FCPATH\index.php(56): CodeIgniter\Boot::bootWeb(Object(Config\Paths))
WARNING - 2025-03-21 08:42:01 --> [DEPRECATED] Creation of dynamic property SysAdmin\Controllers\Swipers::$SwiperModel is deprecated in ROOTPATH\SysAdmin\Controllers\Swipers.php on line 22.
 1 SYSTEMPATH\CodeIgniter.php(903): SysAdmin\Controllers\Swipers->__construct()
 2 SYSTEMPATH\CodeIgniter.php(498): CodeIgniter\CodeIgniter->createController()
 3 SYSTEMPATH\CodeIgniter.php(354): CodeIgniter\CodeIgniter->handleRequest(null, Object(Config\Cache), false)
 4 SYSTEMPATH\Boot.php(334): CodeIgniter\CodeIgniter->run()
 5 SYSTEMPATH\Boot.php(67): CodeIgniter\Boot::runCodeIgniter(Object(CodeIgniter\CodeIgniter))
 6 FCPATH\index.php(56): CodeIgniter\Boot::bootWeb(Object(Config\Paths))
DEBUG - 2025-03-21 08:42:04 --> Session: Class initialized using 'CodeIgniter\Session\Handlers\FileHandler' driver.
WARNING - 2025-03-21 08:42:04 --> [DEPRECATED] Creation of dynamic property SysAdmin\Controllers\Swipers::$session is deprecated in ROOTPATH\SysAdmin\Controllers\BaseController.php on line 51.
 1 ROOTPATH\SysAdmin\Controllers\Swipers.php(9): SysAdmin\Controllers\BaseController->__construct()
 2 SYSTEMPATH\CodeIgniter.php(903): SysAdmin\Controllers\Swipers->__construct()
 3 SYSTEMPATH\CodeIgniter.php(498): CodeIgniter\CodeIgniter->createController()
 4 SYSTEMPATH\CodeIgniter.php(354): CodeIgniter\CodeIgniter->handleRequest(null, Object(Config\Cache), false)
 5 SYSTEMPATH\Boot.php(334): CodeIgniter\CodeIgniter->run()
 6 SYSTEMPATH\Boot.php(67): CodeIgniter\Boot::runCodeIgniter(Object(CodeIgniter\CodeIgniter))
 7 FCPATH\index.php(56): CodeIgniter\Boot::bootWeb(Object(Config\Paths))
WARNING - 2025-03-21 08:42:04 --> [DEPRECATED] Creation of dynamic property SysAdmin\Controllers\Swipers::$encrypter is deprecated in ROOTPATH\SysAdmin\Controllers\BaseController.php on line 52.
 1 ROOTPATH\SysAdmin\Controllers\Swipers.php(9): SysAdmin\Controllers\BaseController->__construct()
 2 SYSTEMPATH\CodeIgniter.php(903): SysAdmin\Controllers\Swipers->__construct()
 3 SYSTEMPATH\CodeIgniter.php(498): CodeIgniter\CodeIgniter->createController()
 4 SYSTEMPATH\CodeIgniter.php(354): CodeIgniter\CodeIgniter->handleRequest(null, Object(Config\Cache), false)
 5 SYSTEMPATH\Boot.php(334): CodeIgniter\CodeIgniter->run()
 6 SYSTEMPATH\Boot.php(67): CodeIgniter\Boot::runCodeIgniter(Object(CodeIgniter\CodeIgniter))
 7 FCPATH\index.php(56): CodeIgniter\Boot::bootWeb(Object(Config\Paths))
WARNING - 2025-03-21 08:42:04 --> [DEPRECATED] Creation of dynamic property SysAdmin\Controllers\Swipers::$nav_mold is deprecated in ROOTPATH\SysAdmin\Controllers\Swipers.php on line 10.
 1 SYSTEMPATH\CodeIgniter.php(903): SysAdmin\Controllers\Swipers->__construct()
 2 SYSTEMPATH\CodeIgniter.php(498): CodeIgniter\CodeIgniter->createController()
 3 SYSTEMPATH\CodeIgniter.php(354): CodeIgniter\CodeIgniter->handleRequest(null, Object(Config\Cache), false)
 4 SYSTEMPATH\Boot.php(334): CodeIgniter\CodeIgniter->run()
 5 SYSTEMPATH\Boot.php(67): CodeIgniter\Boot::runCodeIgniter(Object(CodeIgniter\CodeIgniter))
 6 FCPATH\index.php(56): CodeIgniter\Boot::bootWeb(Object(Config\Paths))
WARNING - 2025-03-21 08:42:04 --> [DEPRECATED] Creation of dynamic property SysAdmin\Controllers\Swipers::$SwiperModel is deprecated in ROOTPATH\SysAdmin\Controllers\Swipers.php on line 22.
 1 SYSTEMPATH\CodeIgniter.php(903): SysAdmin\Controllers\Swipers->__construct()
 2 SYSTEMPATH\CodeIgniter.php(498): CodeIgniter\CodeIgniter->createController()
 3 SYSTEMPATH\CodeIgniter.php(354): CodeIgniter\CodeIgniter->handleRequest(null, Object(Config\Cache), false)
 4 SYSTEMPATH\Boot.php(334): CodeIgniter\CodeIgniter->run()
 5 SYSTEMPATH\Boot.php(67): CodeIgniter\Boot::runCodeIgniter(Object(CodeIgniter\CodeIgniter))
 6 FCPATH\index.php(56): CodeIgniter\Boot::bootWeb(Object(Config\Paths))
DEBUG - 2025-03-21 08:42:04 --> Session: Class initialized using 'CodeIgniter\Session\Handlers\FileHandler' driver.
WARNING - 2025-03-21 08:42:04 --> [DEPRECATED] Creation of dynamic property SysAdmin\Controllers\Swipers::$session is deprecated in ROOTPATH\SysAdmin\Controllers\BaseController.php on line 51.
 1 ROOTPATH\SysAdmin\Controllers\Swipers.php(9): SysAdmin\Controllers\BaseController->__construct()
 2 SYSTEMPATH\CodeIgniter.php(903): SysAdmin\Controllers\Swipers->__construct()
 3 SYSTEMPATH\CodeIgniter.php(498): CodeIgniter\CodeIgniter->createController()
 4 SYSTEMPATH\CodeIgniter.php(354): CodeIgniter\CodeIgniter->handleRequest(null, Object(Config\Cache), false)
 5 SYSTEMPATH\Boot.php(334): CodeIgniter\CodeIgniter->run()
 6 SYSTEMPATH\Boot.php(67): CodeIgniter\Boot::runCodeIgniter(Object(CodeIgniter\CodeIgniter))
 7 FCPATH\index.php(56): CodeIgniter\Boot::bootWeb(Object(Config\Paths))
WARNING - 2025-03-21 08:42:04 --> [DEPRECATED] Creation of dynamic property SysAdmin\Controllers\Swipers::$encrypter is deprecated in ROOTPATH\SysAdmin\Controllers\BaseController.php on line 52.
 1 ROOTPATH\SysAdmin\Controllers\Swipers.php(9): SysAdmin\Controllers\BaseController->__construct()
 2 SYSTEMPATH\CodeIgniter.php(903): SysAdmin\Controllers\Swipers->__construct()
 3 SYSTEMPATH\CodeIgniter.php(498): CodeIgniter\CodeIgniter->createController()
 4 SYSTEMPATH\CodeIgniter.php(354): CodeIgniter\CodeIgniter->handleRequest(null, Object(Config\Cache), false)
 5 SYSTEMPATH\Boot.php(334): CodeIgniter\CodeIgniter->run()
 6 SYSTEMPATH\Boot.php(67): CodeIgniter\Boot::runCodeIgniter(Object(CodeIgniter\CodeIgniter))
 7 FCPATH\index.php(56): CodeIgniter\Boot::bootWeb(Object(Config\Paths))
WARNING - 2025-03-21 08:42:05 --> [DEPRECATED] Creation of dynamic property SysAdmin\Controllers\Swipers::$nav_mold is deprecated in ROOTPATH\SysAdmin\Controllers\Swipers.php on line 10.
 1 SYSTEMPATH\CodeIgniter.php(903): SysAdmin\Controllers\Swipers->__construct()
 2 SYSTEMPATH\CodeIgniter.php(498): CodeIgniter\CodeIgniter->createController()
 3 SYSTEMPATH\CodeIgniter.php(354): CodeIgniter\CodeIgniter->handleRequest(null, Object(Config\Cache), false)
 4 SYSTEMPATH\Boot.php(334): CodeIgniter\CodeIgniter->run()
 5 SYSTEMPATH\Boot.php(67): CodeIgniter\Boot::runCodeIgniter(Object(CodeIgniter\CodeIgniter))
 6 FCPATH\index.php(56): CodeIgniter\Boot::bootWeb(Object(Config\Paths))
WARNING - 2025-03-21 08:42:05 --> [DEPRECATED] Creation of dynamic property SysAdmin\Controllers\Swipers::$SwiperModel is deprecated in ROOTPATH\SysAdmin\Controllers\Swipers.php on line 22.
 1 SYSTEMPATH\CodeIgniter.php(903): SysAdmin\Controllers\Swipers->__construct()
 2 SYSTEMPATH\CodeIgniter.php(498): CodeIgniter\CodeIgniter->createController()
 3 SYSTEMPATH\CodeIgniter.php(354): CodeIgniter\CodeIgniter->handleRequest(null, Object(Config\Cache), false)
 4 SYSTEMPATH\Boot.php(334): CodeIgniter\CodeIgniter->run()
 5 SYSTEMPATH\Boot.php(67): CodeIgniter\Boot::runCodeIgniter(Object(CodeIgniter\CodeIgniter))
 6 FCPATH\index.php(56): CodeIgniter\Boot::bootWeb(Object(Config\Paths))
DEBUG - 2025-03-21 08:42:05 --> Session: Class initialized using 'CodeIgniter\Session\Handlers\FileHandler' driver.
WARNING - 2025-03-21 08:42:05 --> [DEPRECATED] Creation of dynamic property SysAdmin\Controllers\Swipers::$session is deprecated in ROOTPATH\SysAdmin\Controllers\BaseController.php on line 51.
 1 ROOTPATH\SysAdmin\Controllers\Swipers.php(9): SysAdmin\Controllers\BaseController->__construct()
 2 SYSTEMPATH\CodeIgniter.php(903): SysAdmin\Controllers\Swipers->__construct()
 3 SYSTEMPATH\CodeIgniter.php(498): CodeIgniter\CodeIgniter->createController()
 4 SYSTEMPATH\CodeIgniter.php(354): CodeIgniter\CodeIgniter->handleRequest(null, Object(Config\Cache), false)
 5 SYSTEMPATH\Boot.php(334): CodeIgniter\CodeIgniter->run()
 6 SYSTEMPATH\Boot.php(67): CodeIgniter\Boot::runCodeIgniter(Object(CodeIgniter\CodeIgniter))
 7 FCPATH\index.php(56): CodeIgniter\Boot::bootWeb(Object(Config\Paths))
WARNING - 2025-03-21 08:42:05 --> [DEPRECATED] Creation of dynamic property SysAdmin\Controllers\Swipers::$encrypter is deprecated in ROOTPATH\SysAdmin\Controllers\BaseController.php on line 52.
 1 ROOTPATH\SysAdmin\Controllers\Swipers.php(9): SysAdmin\Controllers\BaseController->__construct()
 2 SYSTEMPATH\CodeIgniter.php(903): SysAdmin\Controllers\Swipers->__construct()
 3 SYSTEMPATH\CodeIgniter.php(498): CodeIgniter\CodeIgniter->createController()
 4 SYSTEMPATH\CodeIgniter.php(354): CodeIgniter\CodeIgniter->handleRequest(null, Object(Config\Cache), false)
 5 SYSTEMPATH\Boot.php(334): CodeIgniter\CodeIgniter->run()
 6 SYSTEMPATH\Boot.php(67): CodeIgniter\Boot::runCodeIgniter(Object(CodeIgniter\CodeIgniter))
 7 FCPATH\index.php(56): CodeIgniter\Boot::bootWeb(Object(Config\Paths))
WARNING - 2025-03-21 08:42:05 --> [DEPRECATED] Creation of dynamic property SysAdmin\Controllers\Swipers::$nav_mold is deprecated in ROOTPATH\SysAdmin\Controllers\Swipers.php on line 10.
 1 SYSTEMPATH\CodeIgniter.php(903): SysAdmin\Controllers\Swipers->__construct()
 2 SYSTEMPATH\CodeIgniter.php(498): CodeIgniter\CodeIgniter->createController()
 3 SYSTEMPATH\CodeIgniter.php(354): CodeIgniter\CodeIgniter->handleRequest(null, Object(Config\Cache), false)
 4 SYSTEMPATH\Boot.php(334): CodeIgniter\CodeIgniter->run()
 5 SYSTEMPATH\Boot.php(67): CodeIgniter\Boot::runCodeIgniter(Object(CodeIgniter\CodeIgniter))
 6 FCPATH\index.php(56): CodeIgniter\Boot::bootWeb(Object(Config\Paths))
WARNING - 2025-03-21 08:42:05 --> [DEPRECATED] Creation of dynamic property SysAdmin\Controllers\Swipers::$SwiperModel is deprecated in ROOTPATH\SysAdmin\Controllers\Swipers.php on line 22.
 1 SYSTEMPATH\CodeIgniter.php(903): SysAdmin\Controllers\Swipers->__construct()
 2 SYSTEMPATH\CodeIgniter.php(498): CodeIgniter\CodeIgniter->createController()
 3 SYSTEMPATH\CodeIgniter.php(354): CodeIgniter\CodeIgniter->handleRequest(null, Object(Config\Cache), false)
 4 SYSTEMPATH\Boot.php(334): CodeIgniter\CodeIgniter->run()
 5 SYSTEMPATH\Boot.php(67): CodeIgniter\Boot::runCodeIgniter(Object(CodeIgniter\CodeIgniter))
 6 FCPATH\index.php(56): CodeIgniter\Boot::bootWeb(Object(Config\Paths))
