DEBUG - 2025-03-24 02:22:52 --> Session: Class initialized using 'CodeIgniter\Session\Handlers\FileHandler' driver.
WARNING - 2025-03-24 02:22:52 --> [DEPRECATED] Creation of dynamic property SysAdmin\Controllers\Login::$session is deprecated in ROOTPATH\SysAdmin\Controllers\BaseController.php on line 51.
 1 SYSTEMPATH\CodeIgniter.php(903): SysAdmin\Controllers\BaseController->__construct()
 2 SYSTEMPATH\CodeIgniter.php(498): CodeIgniter\CodeIgniter->createController()
 3 SYSTEMPATH\CodeIgniter.php(354): CodeIgniter\CodeIgniter->handleRequest(null, Object(Config\Cache), false)
 4 SYSTEMPATH\Boot.php(334): CodeIgniter\CodeIgniter->run()
 5 SYSTEMPATH\Boot.php(67): CodeIgniter\Boot::runCodeIgniter(Object(CodeIgniter\CodeIgniter))
 6 FCPATH\index.php(56): CodeIgniter\Boot::bootWeb(Object(Config\Paths))
WARNING - 2025-03-24 02:22:52 --> [DEPRECATED] Creation of dynamic property SysAdmin\Controllers\Login::$encrypter is deprecated in ROOTPATH\SysAdmin\Controllers\BaseController.php on line 52.
 1 SYSTEMPATH\CodeIgniter.php(903): SysAdmin\Controllers\BaseController->__construct()
 2 SYSTEMPATH\CodeIgniter.php(498): CodeIgniter\CodeIgniter->createController()
 3 SYSTEMPATH\CodeIgniter.php(354): CodeIgniter\CodeIgniter->handleRequest(null, Object(Config\Cache), false)
 4 SYSTEMPATH\Boot.php(334): CodeIgniter\CodeIgniter->run()
 5 SYSTEMPATH\Boot.php(67): CodeIgniter\Boot::runCodeIgniter(Object(CodeIgniter\CodeIgniter))
 6 FCPATH\index.php(56): CodeIgniter\Boot::bootWeb(Object(Config\Paths))
DEBUG - 2025-03-24 02:26:56 --> Session: Class initialized using 'CodeIgniter\Session\Handlers\FileHandler' driver.
WARNING - 2025-03-24 02:26:56 --> [DEPRECATED] Creation of dynamic property SysAdmin\Controllers\Login::$session is deprecated in ROOTPATH\SysAdmin\Controllers\BaseController.php on line 51.
 1 SYSTEMPATH\CodeIgniter.php(903): SysAdmin\Controllers\BaseController->__construct()
 2 SYSTEMPATH\CodeIgniter.php(498): CodeIgniter\CodeIgniter->createController()
 3 SYSTEMPATH\CodeIgniter.php(354): CodeIgniter\CodeIgniter->handleRequest(null, Object(Config\Cache), false)
 4 SYSTEMPATH\Boot.php(334): CodeIgniter\CodeIgniter->run()
 5 SYSTEMPATH\Boot.php(67): CodeIgniter\Boot::runCodeIgniter(Object(CodeIgniter\CodeIgniter))
 6 FCPATH\index.php(56): CodeIgniter\Boot::bootWeb(Object(Config\Paths))
WARNING - 2025-03-24 02:26:56 --> [DEPRECATED] Creation of dynamic property SysAdmin\Controllers\Login::$encrypter is deprecated in ROOTPATH\SysAdmin\Controllers\BaseController.php on line 52.
 1 SYSTEMPATH\CodeIgniter.php(903): SysAdmin\Controllers\BaseController->__construct()
 2 SYSTEMPATH\CodeIgniter.php(498): CodeIgniter\CodeIgniter->createController()
 3 SYSTEMPATH\CodeIgniter.php(354): CodeIgniter\CodeIgniter->handleRequest(null, Object(Config\Cache), false)
 4 SYSTEMPATH\Boot.php(334): CodeIgniter\CodeIgniter->run()
 5 SYSTEMPATH\Boot.php(67): CodeIgniter\Boot::runCodeIgniter(Object(CodeIgniter\CodeIgniter))
 6 FCPATH\index.php(56): CodeIgniter\Boot::bootWeb(Object(Config\Paths))
DEBUG - 2025-03-24 02:26:56 --> Session: Class initialized using 'CodeIgniter\Session\Handlers\FileHandler' driver.
WARNING - 2025-03-24 02:26:56 --> [DEPRECATED] Creation of dynamic property SysAdmin\Controllers\Home::$session is deprecated in ROOTPATH\SysAdmin\Controllers\BaseController.php on line 51.
 1 ROOTPATH\SysAdmin\Controllers\Home.php(10): SysAdmin\Controllers\BaseController->__construct()
 2 SYSTEMPATH\CodeIgniter.php(903): SysAdmin\Controllers\Home->__construct()
 3 SYSTEMPATH\CodeIgniter.php(498): CodeIgniter\CodeIgniter->createController()
 4 SYSTEMPATH\CodeIgniter.php(354): CodeIgniter\CodeIgniter->handleRequest(null, Object(Config\Cache), false)
 5 SYSTEMPATH\Boot.php(334): CodeIgniter\CodeIgniter->run()
 6 SYSTEMPATH\Boot.php(67): CodeIgniter\Boot::runCodeIgniter(Object(CodeIgniter\CodeIgniter))
 7 FCPATH\index.php(56): CodeIgniter\Boot::bootWeb(Object(Config\Paths))
WARNING - 2025-03-24 02:26:56 --> [DEPRECATED] Creation of dynamic property SysAdmin\Controllers\Home::$encrypter is deprecated in ROOTPATH\SysAdmin\Controllers\BaseController.php on line 52.
 1 ROOTPATH\SysAdmin\Controllers\Home.php(10): SysAdmin\Controllers\BaseController->__construct()
 2 SYSTEMPATH\CodeIgniter.php(903): SysAdmin\Controllers\Home->__construct()
 3 SYSTEMPATH\CodeIgniter.php(498): CodeIgniter\CodeIgniter->createController()
 4 SYSTEMPATH\CodeIgniter.php(354): CodeIgniter\CodeIgniter->handleRequest(null, Object(Config\Cache), false)
 5 SYSTEMPATH\Boot.php(334): CodeIgniter\CodeIgniter->run()
 6 SYSTEMPATH\Boot.php(67): CodeIgniter\Boot::runCodeIgniter(Object(CodeIgniter\CodeIgniter))
 7 FCPATH\index.php(56): CodeIgniter\Boot::bootWeb(Object(Config\Paths))
DEBUG - 2025-03-24 02:26:56 --> Session: Class initialized using 'CodeIgniter\Session\Handlers\FileHandler' driver.
WARNING - 2025-03-24 02:26:57 --> [DEPRECATED] Creation of dynamic property SysAdmin\Controllers\Home::$session is deprecated in ROOTPATH\SysAdmin\Controllers\BaseController.php on line 51.
 1 ROOTPATH\SysAdmin\Controllers\Home.php(10): SysAdmin\Controllers\BaseController->__construct()
 2 SYSTEMPATH\CodeIgniter.php(903): SysAdmin\Controllers\Home->__construct()
 3 SYSTEMPATH\CodeIgniter.php(498): CodeIgniter\CodeIgniter->createController()
 4 SYSTEMPATH\CodeIgniter.php(354): CodeIgniter\CodeIgniter->handleRequest(null, Object(Config\Cache), false)
 5 SYSTEMPATH\Boot.php(334): CodeIgniter\CodeIgniter->run()
 6 SYSTEMPATH\Boot.php(67): CodeIgniter\Boot::runCodeIgniter(Object(CodeIgniter\CodeIgniter))
 7 FCPATH\index.php(56): CodeIgniter\Boot::bootWeb(Object(Config\Paths))
WARNING - 2025-03-24 02:26:57 --> [DEPRECATED] Creation of dynamic property SysAdmin\Controllers\Home::$encrypter is deprecated in ROOTPATH\SysAdmin\Controllers\BaseController.php on line 52.
 1 ROOTPATH\SysAdmin\Controllers\Home.php(10): SysAdmin\Controllers\BaseController->__construct()
 2 SYSTEMPATH\CodeIgniter.php(903): SysAdmin\Controllers\Home->__construct()
 3 SYSTEMPATH\CodeIgniter.php(498): CodeIgniter\CodeIgniter->createController()
 4 SYSTEMPATH\CodeIgniter.php(354): CodeIgniter\CodeIgniter->handleRequest(null, Object(Config\Cache), false)
 5 SYSTEMPATH\Boot.php(334): CodeIgniter\CodeIgniter->run()
 6 SYSTEMPATH\Boot.php(67): CodeIgniter\Boot::runCodeIgniter(Object(CodeIgniter\CodeIgniter))
 7 FCPATH\index.php(56): CodeIgniter\Boot::bootWeb(Object(Config\Paths))
DEBUG - 2025-03-24 02:26:57 --> Session: Class initialized using 'CodeIgniter\Session\Handlers\FileHandler' driver.
WARNING - 2025-03-24 02:26:57 --> [DEPRECATED] Creation of dynamic property SysAdmin\Controllers\Home::$session is deprecated in ROOTPATH\SysAdmin\Controllers\BaseController.php on line 51.
 1 ROOTPATH\SysAdmin\Controllers\Home.php(10): SysAdmin\Controllers\BaseController->__construct()
 2 SYSTEMPATH\CodeIgniter.php(903): SysAdmin\Controllers\Home->__construct()
 3 SYSTEMPATH\CodeIgniter.php(498): CodeIgniter\CodeIgniter->createController()
 4 SYSTEMPATH\CodeIgniter.php(354): CodeIgniter\CodeIgniter->handleRequest(null, Object(Config\Cache), false)
 5 SYSTEMPATH\Boot.php(334): CodeIgniter\CodeIgniter->run()
 6 SYSTEMPATH\Boot.php(67): CodeIgniter\Boot::runCodeIgniter(Object(CodeIgniter\CodeIgniter))
 7 FCPATH\index.php(56): CodeIgniter\Boot::bootWeb(Object(Config\Paths))
WARNING - 2025-03-24 02:26:57 --> [DEPRECATED] Creation of dynamic property SysAdmin\Controllers\Home::$encrypter is deprecated in ROOTPATH\SysAdmin\Controllers\BaseController.php on line 52.
 1 ROOTPATH\SysAdmin\Controllers\Home.php(10): SysAdmin\Controllers\BaseController->__construct()
 2 SYSTEMPATH\CodeIgniter.php(903): SysAdmin\Controllers\Home->__construct()
 3 SYSTEMPATH\CodeIgniter.php(498): CodeIgniter\CodeIgniter->createController()
 4 SYSTEMPATH\CodeIgniter.php(354): CodeIgniter\CodeIgniter->handleRequest(null, Object(Config\Cache), false)
 5 SYSTEMPATH\Boot.php(334): CodeIgniter\CodeIgniter->run()
 6 SYSTEMPATH\Boot.php(67): CodeIgniter\Boot::runCodeIgniter(Object(CodeIgniter\CodeIgniter))
 7 FCPATH\index.php(56): CodeIgniter\Boot::bootWeb(Object(Config\Paths))
DEBUG - 2025-03-24 02:27:00 --> Session: Class initialized using 'CodeIgniter\Session\Handlers\FileHandler' driver.
WARNING - 2025-03-24 02:27:00 --> [DEPRECATED] Creation of dynamic property SysAdmin\Controllers\Nav::$session is deprecated in ROOTPATH\SysAdmin\Controllers\BaseController.php on line 51.
 1 ROOTPATH\SysAdmin\Controllers\Nav.php(8): SysAdmin\Controllers\BaseController->__construct()
 2 SYSTEMPATH\CodeIgniter.php(903): SysAdmin\Controllers\Nav->__construct()
 3 SYSTEMPATH\CodeIgniter.php(498): CodeIgniter\CodeIgniter->createController()
 4 SYSTEMPATH\CodeIgniter.php(354): CodeIgniter\CodeIgniter->handleRequest(null, Object(Config\Cache), false)
 5 SYSTEMPATH\Boot.php(334): CodeIgniter\CodeIgniter->run()
 6 SYSTEMPATH\Boot.php(67): CodeIgniter\Boot::runCodeIgniter(Object(CodeIgniter\CodeIgniter))
 7 FCPATH\index.php(56): CodeIgniter\Boot::bootWeb(Object(Config\Paths))
WARNING - 2025-03-24 02:27:00 --> [DEPRECATED] Creation of dynamic property SysAdmin\Controllers\Nav::$encrypter is deprecated in ROOTPATH\SysAdmin\Controllers\BaseController.php on line 52.
 1 ROOTPATH\SysAdmin\Controllers\Nav.php(8): SysAdmin\Controllers\BaseController->__construct()
 2 SYSTEMPATH\CodeIgniter.php(903): SysAdmin\Controllers\Nav->__construct()
 3 SYSTEMPATH\CodeIgniter.php(498): CodeIgniter\CodeIgniter->createController()
 4 SYSTEMPATH\CodeIgniter.php(354): CodeIgniter\CodeIgniter->handleRequest(null, Object(Config\Cache), false)
 5 SYSTEMPATH\Boot.php(334): CodeIgniter\CodeIgniter->run()
 6 SYSTEMPATH\Boot.php(67): CodeIgniter\Boot::runCodeIgniter(Object(CodeIgniter\CodeIgniter))
 7 FCPATH\index.php(56): CodeIgniter\Boot::bootWeb(Object(Config\Paths))
WARNING - 2025-03-24 02:27:00 --> [DEPRECATED] Creation of dynamic property SysAdmin\Controllers\Nav::$nav_mold is deprecated in ROOTPATH\SysAdmin\Controllers\Nav.php on line 9.
 1 SYSTEMPATH\CodeIgniter.php(903): SysAdmin\Controllers\Nav->__construct()
 2 SYSTEMPATH\CodeIgniter.php(498): CodeIgniter\CodeIgniter->createController()
 3 SYSTEMPATH\CodeIgniter.php(354): CodeIgniter\CodeIgniter->handleRequest(null, Object(Config\Cache), false)
 4 SYSTEMPATH\Boot.php(334): CodeIgniter\CodeIgniter->run()
 5 SYSTEMPATH\Boot.php(67): CodeIgniter\Boot::runCodeIgniter(Object(CodeIgniter\CodeIgniter))
 6 FCPATH\index.php(56): CodeIgniter\Boot::bootWeb(Object(Config\Paths))
WARNING - 2025-03-24 02:27:00 --> [DEPRECATED] Optional parameter $sarray declared before required parameter $id is implicitly treated as a required parameter in ROOTPATH\SysAdmin\Models\NavModel.php on line 17.
 1 SYSTEMPATH\Autoloader\Autoloader.php(316): include_once('E:\\web\\XAMPP\\htdocs\\test\\system\\Debug\\Exceptions.php')
 2 SYSTEMPATH\Autoloader\Autoloader.php(295): CodeIgniter\Autoloader\Autoloader->includeFile('E:\\web\\XAMPP\\htdocs\\test\\SysAdmin\\Models\\NavModel.php')
 3 SYSTEMPATH\Autoloader\Autoloader.php(271): CodeIgniter\Autoloader\Autoloader->loadInNamespace('SysAdmin\\Models\\NavModel')
 4 ROOTPATH\SysAdmin\Controllers\Nav.php(24): CodeIgniter\Autoloader\Autoloader->loadClass('SysAdmin\\Models\\NavModel')
 5 SYSTEMPATH\CodeIgniter.php(933): SysAdmin\Controllers\Nav->index()
 6 SYSTEMPATH\CodeIgniter.php(507): CodeIgniter\CodeIgniter->runController(Object(SysAdmin\Controllers\Nav))
 7 SYSTEMPATH\CodeIgniter.php(354): CodeIgniter\CodeIgniter->handleRequest(null, Object(Config\Cache), false)
 8 SYSTEMPATH\Boot.php(334): CodeIgniter\CodeIgniter->run()
 9 SYSTEMPATH\Boot.php(67): CodeIgniter\Boot::runCodeIgniter(Object(CodeIgniter\CodeIgniter))
10 FCPATH\index.php(56): CodeIgniter\Boot::bootWeb(Object(Config\Paths))
WARNING - 2025-03-24 02:27:00 --> [DEPRECATED] Optional parameter $sarray declared before required parameter $id is implicitly treated as a required parameter in ROOTPATH\SysAdmin\Models\NavModel.php on line 25.
 1 SYSTEMPATH\Autoloader\Autoloader.php(316): include_once('E:\\web\\XAMPP\\htdocs\\test\\system\\Debug\\Exceptions.php')
 2 SYSTEMPATH\Autoloader\Autoloader.php(295): CodeIgniter\Autoloader\Autoloader->includeFile('E:\\web\\XAMPP\\htdocs\\test\\SysAdmin\\Models\\NavModel.php')
 3 SYSTEMPATH\Autoloader\Autoloader.php(271): CodeIgniter\Autoloader\Autoloader->loadInNamespace('SysAdmin\\Models\\NavModel')
 4 ROOTPATH\SysAdmin\Controllers\Nav.php(24): CodeIgniter\Autoloader\Autoloader->loadClass('SysAdmin\\Models\\NavModel')
 5 SYSTEMPATH\CodeIgniter.php(933): SysAdmin\Controllers\Nav->index()
 6 SYSTEMPATH\CodeIgniter.php(507): CodeIgniter\CodeIgniter->runController(Object(SysAdmin\Controllers\Nav))
 7 SYSTEMPATH\CodeIgniter.php(354): CodeIgniter\CodeIgniter->handleRequest(null, Object(Config\Cache), false)
 8 SYSTEMPATH\Boot.php(334): CodeIgniter\CodeIgniter->run()
 9 SYSTEMPATH\Boot.php(67): CodeIgniter\Boot::runCodeIgniter(Object(CodeIgniter\CodeIgniter))
10 FCPATH\index.php(56): CodeIgniter\Boot::bootWeb(Object(Config\Paths))
DEBUG - 2025-03-24 02:27:35 --> Session: Class initialized using 'CodeIgniter\Session\Handlers\FileHandler' driver.
WARNING - 2025-03-24 02:27:35 --> [DEPRECATED] Creation of dynamic property SysAdmin\Controllers\Article::$session is deprecated in ROOTPATH\SysAdmin\Controllers\BaseController.php on line 51.
 1 ROOTPATH\SysAdmin\Controllers\Article.php(10): SysAdmin\Controllers\BaseController->__construct()
 2 SYSTEMPATH\CodeIgniter.php(903): SysAdmin\Controllers\Article->__construct()
 3 SYSTEMPATH\CodeIgniter.php(498): CodeIgniter\CodeIgniter->createController()
 4 SYSTEMPATH\CodeIgniter.php(354): CodeIgniter\CodeIgniter->handleRequest(null, Object(Config\Cache), false)
 5 SYSTEMPATH\Boot.php(334): CodeIgniter\CodeIgniter->run()
 6 SYSTEMPATH\Boot.php(67): CodeIgniter\Boot::runCodeIgniter(Object(CodeIgniter\CodeIgniter))
 7 FCPATH\index.php(56): CodeIgniter\Boot::bootWeb(Object(Config\Paths))
WARNING - 2025-03-24 02:27:35 --> [DEPRECATED] Creation of dynamic property SysAdmin\Controllers\Article::$encrypter is deprecated in ROOTPATH\SysAdmin\Controllers\BaseController.php on line 52.
 1 ROOTPATH\SysAdmin\Controllers\Article.php(10): SysAdmin\Controllers\BaseController->__construct()
 2 SYSTEMPATH\CodeIgniter.php(903): SysAdmin\Controllers\Article->__construct()
 3 SYSTEMPATH\CodeIgniter.php(498): CodeIgniter\CodeIgniter->createController()
 4 SYSTEMPATH\CodeIgniter.php(354): CodeIgniter\CodeIgniter->handleRequest(null, Object(Config\Cache), false)
 5 SYSTEMPATH\Boot.php(334): CodeIgniter\CodeIgniter->run()
 6 SYSTEMPATH\Boot.php(67): CodeIgniter\Boot::runCodeIgniter(Object(CodeIgniter\CodeIgniter))
 7 FCPATH\index.php(56): CodeIgniter\Boot::bootWeb(Object(Config\Paths))
WARNING - 2025-03-24 02:27:35 --> [DEPRECATED] Creation of dynamic property SysAdmin\Controllers\Article::$nav_mold is deprecated in ROOTPATH\SysAdmin\Controllers\Article.php on line 11.
 1 SYSTEMPATH\CodeIgniter.php(903): SysAdmin\Controllers\Article->__construct()
 2 SYSTEMPATH\CodeIgniter.php(498): CodeIgniter\CodeIgniter->createController()
 3 SYSTEMPATH\CodeIgniter.php(354): CodeIgniter\CodeIgniter->handleRequest(null, Object(Config\Cache), false)
 4 SYSTEMPATH\Boot.php(334): CodeIgniter\CodeIgniter->run()
 5 SYSTEMPATH\Boot.php(67): CodeIgniter\Boot::runCodeIgniter(Object(CodeIgniter\CodeIgniter))
 6 FCPATH\index.php(56): CodeIgniter\Boot::bootWeb(Object(Config\Paths))
WARNING - 2025-03-24 02:27:35 --> [DEPRECATED] trim(): Passing null to parameter #1 ($string) of type string is deprecated in ROOTPATH\SysAdmin\Controllers\Article.php on line 55.
 1 ROOTPATH\SysAdmin\Controllers\Article.php(55): trim(null)
 2 ROOTPATH\SysAdmin\Controllers\Article.php(26): SysAdmin\Controllers\Article->condition()
 3 SYSTEMPATH\CodeIgniter.php(933): SysAdmin\Controllers\Article->index()
 4 SYSTEMPATH\CodeIgniter.php(507): CodeIgniter\CodeIgniter->runController(Object(SysAdmin\Controllers\Article))
 5 SYSTEMPATH\CodeIgniter.php(354): CodeIgniter\CodeIgniter->handleRequest(null, Object(Config\Cache), false)
 6 SYSTEMPATH\Boot.php(334): CodeIgniter\CodeIgniter->run()
 7 SYSTEMPATH\Boot.php(67): CodeIgniter\Boot::runCodeIgniter(Object(CodeIgniter\CodeIgniter))
 8 FCPATH\index.php(56): CodeIgniter\Boot::bootWeb(Object(Config\Paths))
WARNING - 2025-03-24 02:27:35 --> [DEPRECATED] trim(): Passing null to parameter #1 ($string) of type string is deprecated in ROOTPATH\SysAdmin\Controllers\Article.php on line 59.
 1 ROOTPATH\SysAdmin\Controllers\Article.php(59): trim(null)
 2 ROOTPATH\SysAdmin\Controllers\Article.php(26): SysAdmin\Controllers\Article->condition()
 3 SYSTEMPATH\CodeIgniter.php(933): SysAdmin\Controllers\Article->index()
 4 SYSTEMPATH\CodeIgniter.php(507): CodeIgniter\CodeIgniter->runController(Object(SysAdmin\Controllers\Article))
 5 SYSTEMPATH\CodeIgniter.php(354): CodeIgniter\CodeIgniter->handleRequest(null, Object(Config\Cache), false)
 6 SYSTEMPATH\Boot.php(334): CodeIgniter\CodeIgniter->run()
 7 SYSTEMPATH\Boot.php(67): CodeIgniter\Boot::runCodeIgniter(Object(CodeIgniter\CodeIgniter))
 8 FCPATH\index.php(56): CodeIgniter\Boot::bootWeb(Object(Config\Paths))
WARNING - 2025-03-24 02:27:35 --> [DEPRECATED] trim(): Passing null to parameter #1 ($string) of type string is deprecated in ROOTPATH\SysAdmin\Controllers\Article.php on line 63.
 1 ROOTPATH\SysAdmin\Controllers\Article.php(63): trim(null)
 2 ROOTPATH\SysAdmin\Controllers\Article.php(26): SysAdmin\Controllers\Article->condition()
 3 SYSTEMPATH\CodeIgniter.php(933): SysAdmin\Controllers\Article->index()
 4 SYSTEMPATH\CodeIgniter.php(507): CodeIgniter\CodeIgniter->runController(Object(SysAdmin\Controllers\Article))
 5 SYSTEMPATH\CodeIgniter.php(354): CodeIgniter\CodeIgniter->handleRequest(null, Object(Config\Cache), false)
 6 SYSTEMPATH\Boot.php(334): CodeIgniter\CodeIgniter->run()
 7 SYSTEMPATH\Boot.php(67): CodeIgniter\Boot::runCodeIgniter(Object(CodeIgniter\CodeIgniter))
 8 FCPATH\index.php(56): CodeIgniter\Boot::bootWeb(Object(Config\Paths))
WARNING - 2025-03-24 02:27:35 --> [DEPRECATED] trim(): Passing null to parameter #1 ($string) of type string is deprecated in ROOTPATH\SysAdmin\Controllers\Article.php on line 67.
 1 ROOTPATH\SysAdmin\Controllers\Article.php(67): trim(null)
 2 ROOTPATH\SysAdmin\Controllers\Article.php(26): SysAdmin\Controllers\Article->condition()
 3 SYSTEMPATH\CodeIgniter.php(933): SysAdmin\Controllers\Article->index()
 4 SYSTEMPATH\CodeIgniter.php(507): CodeIgniter\CodeIgniter->runController(Object(SysAdmin\Controllers\Article))
 5 SYSTEMPATH\CodeIgniter.php(354): CodeIgniter\CodeIgniter->handleRequest(null, Object(Config\Cache), false)
 6 SYSTEMPATH\Boot.php(334): CodeIgniter\CodeIgniter->run()
 7 SYSTEMPATH\Boot.php(67): CodeIgniter\Boot::runCodeIgniter(Object(CodeIgniter\CodeIgniter))
 8 FCPATH\index.php(56): CodeIgniter\Boot::bootWeb(Object(Config\Paths))
WARNING - 2025-03-24 02:27:35 --> [DEPRECATED] trim(): Passing null to parameter #1 ($string) of type string is deprecated in ROOTPATH\SysAdmin\Controllers\Article.php on line 71.
 1 ROOTPATH\SysAdmin\Controllers\Article.php(71): trim(null)
 2 ROOTPATH\SysAdmin\Controllers\Article.php(26): SysAdmin\Controllers\Article->condition()
 3 SYSTEMPATH\CodeIgniter.php(933): SysAdmin\Controllers\Article->index()
 4 SYSTEMPATH\CodeIgniter.php(507): CodeIgniter\CodeIgniter->runController(Object(SysAdmin\Controllers\Article))
 5 SYSTEMPATH\CodeIgniter.php(354): CodeIgniter\CodeIgniter->handleRequest(null, Object(Config\Cache), false)
 6 SYSTEMPATH\Boot.php(334): CodeIgniter\CodeIgniter->run()
 7 SYSTEMPATH\Boot.php(67): CodeIgniter\Boot::runCodeIgniter(Object(CodeIgniter\CodeIgniter))
 8 FCPATH\index.php(56): CodeIgniter\Boot::bootWeb(Object(Config\Paths))
WARNING - 2025-03-24 02:27:35 --> [DEPRECATED] Optional parameter $id declared before required parameter $content is implicitly treated as a required parameter in ROOTPATH\SysAdmin\Models\ArticleModel.php on line 34.
 1 SYSTEMPATH\Autoloader\Autoloader.php(316): include_once('E:\\web\\XAMPP\\htdocs\\test\\system\\Debug\\Exceptions.php')
 2 SYSTEMPATH\Autoloader\Autoloader.php(295): CodeIgniter\Autoloader\Autoloader->includeFile('E:\\web\\XAMPP\\htdocs\\test\\SysAdmin\\Models\\ArticleModel.php')
 3 SYSTEMPATH\Autoloader\Autoloader.php(271): CodeIgniter\Autoloader\Autoloader->loadInNamespace('SysAdmin\\Models\\ArticleModel')
 4 ROOTPATH\SysAdmin\Controllers\Article.php(29): CodeIgniter\Autoloader\Autoloader->loadClass('SysAdmin\\Models\\ArticleModel')
 5 SYSTEMPATH\CodeIgniter.php(933): SysAdmin\Controllers\Article->index()
 6 SYSTEMPATH\CodeIgniter.php(507): CodeIgniter\CodeIgniter->runController(Object(SysAdmin\Controllers\Article))
 7 SYSTEMPATH\CodeIgniter.php(354): CodeIgniter\CodeIgniter->handleRequest(null, Object(Config\Cache), false)
 8 SYSTEMPATH\Boot.php(334): CodeIgniter\CodeIgniter->run()
 9 SYSTEMPATH\Boot.php(67): CodeIgniter\Boot::runCodeIgniter(Object(CodeIgniter\CodeIgniter))
10 FCPATH\index.php(56): CodeIgniter\Boot::bootWeb(Object(Config\Paths))
WARNING - 2025-03-24 02:27:35 --> [DEPRECATED] Optional parameter $sarray declared before required parameter $id is implicitly treated as a required parameter in ROOTPATH\SysAdmin\Models\NavModel.php on line 17.
 1 SYSTEMPATH\Autoloader\Autoloader.php(316): include_once('E:\\web\\XAMPP\\htdocs\\test\\system\\Debug\\Exceptions.php')
 2 SYSTEMPATH\Autoloader\Autoloader.php(295): CodeIgniter\Autoloader\Autoloader->includeFile('E:\\web\\XAMPP\\htdocs\\test\\SysAdmin\\Models\\NavModel.php')
 3 SYSTEMPATH\Autoloader\Autoloader.php(271): CodeIgniter\Autoloader\Autoloader->loadInNamespace('SysAdmin\\Models\\NavModel')
 4 ROOTPATH\SysAdmin\Controllers\Article.php(30): CodeIgniter\Autoloader\Autoloader->loadClass('SysAdmin\\Models\\NavModel')
 5 SYSTEMPATH\CodeIgniter.php(933): SysAdmin\Controllers\Article->index()
 6 SYSTEMPATH\CodeIgniter.php(507): CodeIgniter\CodeIgniter->runController(Object(SysAdmin\Controllers\Article))
 7 SYSTEMPATH\CodeIgniter.php(354): CodeIgniter\CodeIgniter->handleRequest(null, Object(Config\Cache), false)
 8 SYSTEMPATH\Boot.php(334): CodeIgniter\CodeIgniter->run()
 9 SYSTEMPATH\Boot.php(67): CodeIgniter\Boot::runCodeIgniter(Object(CodeIgniter\CodeIgniter))
10 FCPATH\index.php(56): CodeIgniter\Boot::bootWeb(Object(Config\Paths))
WARNING - 2025-03-24 02:27:35 --> [DEPRECATED] Optional parameter $sarray declared before required parameter $id is implicitly treated as a required parameter in ROOTPATH\SysAdmin\Models\NavModel.php on line 25.
 1 SYSTEMPATH\Autoloader\Autoloader.php(316): include_once('E:\\web\\XAMPP\\htdocs\\test\\system\\Debug\\Exceptions.php')
 2 SYSTEMPATH\Autoloader\Autoloader.php(295): CodeIgniter\Autoloader\Autoloader->includeFile('E:\\web\\XAMPP\\htdocs\\test\\SysAdmin\\Models\\NavModel.php')
 3 SYSTEMPATH\Autoloader\Autoloader.php(271): CodeIgniter\Autoloader\Autoloader->loadInNamespace('SysAdmin\\Models\\NavModel')
 4 ROOTPATH\SysAdmin\Controllers\Article.php(30): CodeIgniter\Autoloader\Autoloader->loadClass('SysAdmin\\Models\\NavModel')
 5 SYSTEMPATH\CodeIgniter.php(933): SysAdmin\Controllers\Article->index()
 6 SYSTEMPATH\CodeIgniter.php(507): CodeIgniter\CodeIgniter->runController(Object(SysAdmin\Controllers\Article))
 7 SYSTEMPATH\CodeIgniter.php(354): CodeIgniter\CodeIgniter->handleRequest(null, Object(Config\Cache), false)
 8 SYSTEMPATH\Boot.php(334): CodeIgniter\CodeIgniter->run()
 9 SYSTEMPATH\Boot.php(67): CodeIgniter\Boot::runCodeIgniter(Object(CodeIgniter\CodeIgniter))
10 FCPATH\index.php(56): CodeIgniter\Boot::bootWeb(Object(Config\Paths))
DEBUG - 2025-03-24 02:27:37 --> Session: Class initialized using 'CodeIgniter\Session\Handlers\FileHandler' driver.
WARNING - 2025-03-24 02:27:37 --> [DEPRECATED] Creation of dynamic property SysAdmin\Controllers\imgArticle::$session is deprecated in ROOTPATH\SysAdmin\Controllers\BaseController.php on line 51.
 1 ROOTPATH\SysAdmin\Controllers\imgArticle.php(10): SysAdmin\Controllers\BaseController->__construct()
 2 SYSTEMPATH\CodeIgniter.php(903): SysAdmin\Controllers\imgArticle->__construct()
 3 SYSTEMPATH\CodeIgniter.php(498): CodeIgniter\CodeIgniter->createController()
 4 SYSTEMPATH\CodeIgniter.php(354): CodeIgniter\CodeIgniter->handleRequest(null, Object(Config\Cache), false)
 5 SYSTEMPATH\Boot.php(334): CodeIgniter\CodeIgniter->run()
 6 SYSTEMPATH\Boot.php(67): CodeIgniter\Boot::runCodeIgniter(Object(CodeIgniter\CodeIgniter))
 7 FCPATH\index.php(56): CodeIgniter\Boot::bootWeb(Object(Config\Paths))
WARNING - 2025-03-24 02:27:37 --> [DEPRECATED] Creation of dynamic property SysAdmin\Controllers\imgArticle::$encrypter is deprecated in ROOTPATH\SysAdmin\Controllers\BaseController.php on line 52.
 1 ROOTPATH\SysAdmin\Controllers\imgArticle.php(10): SysAdmin\Controllers\BaseController->__construct()
 2 SYSTEMPATH\CodeIgniter.php(903): SysAdmin\Controllers\imgArticle->__construct()
 3 SYSTEMPATH\CodeIgniter.php(498): CodeIgniter\CodeIgniter->createController()
 4 SYSTEMPATH\CodeIgniter.php(354): CodeIgniter\CodeIgniter->handleRequest(null, Object(Config\Cache), false)
 5 SYSTEMPATH\Boot.php(334): CodeIgniter\CodeIgniter->run()
 6 SYSTEMPATH\Boot.php(67): CodeIgniter\Boot::runCodeIgniter(Object(CodeIgniter\CodeIgniter))
 7 FCPATH\index.php(56): CodeIgniter\Boot::bootWeb(Object(Config\Paths))
WARNING - 2025-03-24 02:27:37 --> [DEPRECATED] Creation of dynamic property SysAdmin\Controllers\imgArticle::$nav_mold is deprecated in ROOTPATH\SysAdmin\Controllers\imgArticle.php on line 11.
 1 SYSTEMPATH\CodeIgniter.php(903): SysAdmin\Controllers\imgArticle->__construct()
 2 SYSTEMPATH\CodeIgniter.php(498): CodeIgniter\CodeIgniter->createController()
 3 SYSTEMPATH\CodeIgniter.php(354): CodeIgniter\CodeIgniter->handleRequest(null, Object(Config\Cache), false)
 4 SYSTEMPATH\Boot.php(334): CodeIgniter\CodeIgniter->run()
 5 SYSTEMPATH\Boot.php(67): CodeIgniter\Boot::runCodeIgniter(Object(CodeIgniter\CodeIgniter))
 6 FCPATH\index.php(56): CodeIgniter\Boot::bootWeb(Object(Config\Paths))
WARNING - 2025-03-24 02:27:37 --> [DEPRECATED] trim(): Passing null to parameter #1 ($string) of type string is deprecated in ROOTPATH\SysAdmin\Controllers\imgArticle.php on line 57.
 1 ROOTPATH\SysAdmin\Controllers\imgArticle.php(57): trim(null)
 2 ROOTPATH\SysAdmin\Controllers\imgArticle.php(26): SysAdmin\Controllers\imgArticle->condition()
 3 SYSTEMPATH\CodeIgniter.php(933): SysAdmin\Controllers\imgArticle->index()
 4 SYSTEMPATH\CodeIgniter.php(507): CodeIgniter\CodeIgniter->runController(Object(SysAdmin\Controllers\imgArticle))
 5 SYSTEMPATH\CodeIgniter.php(354): CodeIgniter\CodeIgniter->handleRequest(null, Object(Config\Cache), false)
 6 SYSTEMPATH\Boot.php(334): CodeIgniter\CodeIgniter->run()
 7 SYSTEMPATH\Boot.php(67): CodeIgniter\Boot::runCodeIgniter(Object(CodeIgniter\CodeIgniter))
 8 FCPATH\index.php(56): CodeIgniter\Boot::bootWeb(Object(Config\Paths))
WARNING - 2025-03-24 02:27:37 --> [DEPRECATED] trim(): Passing null to parameter #1 ($string) of type string is deprecated in ROOTPATH\SysAdmin\Controllers\imgArticle.php on line 61.
 1 ROOTPATH\SysAdmin\Controllers\imgArticle.php(61): trim(null)
 2 ROOTPATH\SysAdmin\Controllers\imgArticle.php(26): SysAdmin\Controllers\imgArticle->condition()
 3 SYSTEMPATH\CodeIgniter.php(933): SysAdmin\Controllers\imgArticle->index()
 4 SYSTEMPATH\CodeIgniter.php(507): CodeIgniter\CodeIgniter->runController(Object(SysAdmin\Controllers\imgArticle))
 5 SYSTEMPATH\CodeIgniter.php(354): CodeIgniter\CodeIgniter->handleRequest(null, Object(Config\Cache), false)
 6 SYSTEMPATH\Boot.php(334): CodeIgniter\CodeIgniter->run()
 7 SYSTEMPATH\Boot.php(67): CodeIgniter\Boot::runCodeIgniter(Object(CodeIgniter\CodeIgniter))
 8 FCPATH\index.php(56): CodeIgniter\Boot::bootWeb(Object(Config\Paths))
WARNING - 2025-03-24 02:27:37 --> [DEPRECATED] trim(): Passing null to parameter #1 ($string) of type string is deprecated in ROOTPATH\SysAdmin\Controllers\imgArticle.php on line 65.
 1 ROOTPATH\SysAdmin\Controllers\imgArticle.php(65): trim(null)
 2 ROOTPATH\SysAdmin\Controllers\imgArticle.php(26): SysAdmin\Controllers\imgArticle->condition()
 3 SYSTEMPATH\CodeIgniter.php(933): SysAdmin\Controllers\imgArticle->index()
 4 SYSTEMPATH\CodeIgniter.php(507): CodeIgniter\CodeIgniter->runController(Object(SysAdmin\Controllers\imgArticle))
 5 SYSTEMPATH\CodeIgniter.php(354): CodeIgniter\CodeIgniter->handleRequest(null, Object(Config\Cache), false)
 6 SYSTEMPATH\Boot.php(334): CodeIgniter\CodeIgniter->run()
 7 SYSTEMPATH\Boot.php(67): CodeIgniter\Boot::runCodeIgniter(Object(CodeIgniter\CodeIgniter))
 8 FCPATH\index.php(56): CodeIgniter\Boot::bootWeb(Object(Config\Paths))
WARNING - 2025-03-24 02:27:37 --> [DEPRECATED] trim(): Passing null to parameter #1 ($string) of type string is deprecated in ROOTPATH\SysAdmin\Controllers\imgArticle.php on line 69.
 1 ROOTPATH\SysAdmin\Controllers\imgArticle.php(69): trim(null)
 2 ROOTPATH\SysAdmin\Controllers\imgArticle.php(26): SysAdmin\Controllers\imgArticle->condition()
 3 SYSTEMPATH\CodeIgniter.php(933): SysAdmin\Controllers\imgArticle->index()
 4 SYSTEMPATH\CodeIgniter.php(507): CodeIgniter\CodeIgniter->runController(Object(SysAdmin\Controllers\imgArticle))
 5 SYSTEMPATH\CodeIgniter.php(354): CodeIgniter\CodeIgniter->handleRequest(null, Object(Config\Cache), false)
 6 SYSTEMPATH\Boot.php(334): CodeIgniter\CodeIgniter->run()
 7 SYSTEMPATH\Boot.php(67): CodeIgniter\Boot::runCodeIgniter(Object(CodeIgniter\CodeIgniter))
 8 FCPATH\index.php(56): CodeIgniter\Boot::bootWeb(Object(Config\Paths))
WARNING - 2025-03-24 02:27:37 --> [DEPRECATED] trim(): Passing null to parameter #1 ($string) of type string is deprecated in ROOTPATH\SysAdmin\Controllers\imgArticle.php on line 73.
 1 ROOTPATH\SysAdmin\Controllers\imgArticle.php(73): trim(null)
 2 ROOTPATH\SysAdmin\Controllers\imgArticle.php(26): SysAdmin\Controllers\imgArticle->condition()
 3 SYSTEMPATH\CodeIgniter.php(933): SysAdmin\Controllers\imgArticle->index()
 4 SYSTEMPATH\CodeIgniter.php(507): CodeIgniter\CodeIgniter->runController(Object(SysAdmin\Controllers\imgArticle))
 5 SYSTEMPATH\CodeIgniter.php(354): CodeIgniter\CodeIgniter->handleRequest(null, Object(Config\Cache), false)
 6 SYSTEMPATH\Boot.php(334): CodeIgniter\CodeIgniter->run()
 7 SYSTEMPATH\Boot.php(67): CodeIgniter\Boot::runCodeIgniter(Object(CodeIgniter\CodeIgniter))
 8 FCPATH\index.php(56): CodeIgniter\Boot::bootWeb(Object(Config\Paths))
WARNING - 2025-03-24 02:27:37 --> [DEPRECATED] Optional parameter $id declared before required parameter $content is implicitly treated as a required parameter in ROOTPATH\SysAdmin\Models\ArticleModel.php on line 34.
 1 SYSTEMPATH\Autoloader\Autoloader.php(316): include_once('E:\\web\\XAMPP\\htdocs\\test\\system\\Debug\\Exceptions.php')
 2 SYSTEMPATH\Autoloader\Autoloader.php(295): CodeIgniter\Autoloader\Autoloader->includeFile('E:\\web\\XAMPP\\htdocs\\test\\SysAdmin\\Models\\ArticleModel.php')
 3 SYSTEMPATH\Autoloader\Autoloader.php(271): CodeIgniter\Autoloader\Autoloader->loadInNamespace('SysAdmin\\Models\\ArticleModel')
 4 ROOTPATH\SysAdmin\Controllers\imgArticle.php(29): CodeIgniter\Autoloader\Autoloader->loadClass('SysAdmin\\Models\\ArticleModel')
 5 SYSTEMPATH\CodeIgniter.php(933): SysAdmin\Controllers\imgArticle->index()
 6 SYSTEMPATH\CodeIgniter.php(507): CodeIgniter\CodeIgniter->runController(Object(SysAdmin\Controllers\imgArticle))
 7 SYSTEMPATH\CodeIgniter.php(354): CodeIgniter\CodeIgniter->handleRequest(null, Object(Config\Cache), false)
 8 SYSTEMPATH\Boot.php(334): CodeIgniter\CodeIgniter->run()
 9 SYSTEMPATH\Boot.php(67): CodeIgniter\Boot::runCodeIgniter(Object(CodeIgniter\CodeIgniter))
10 FCPATH\index.php(56): CodeIgniter\Boot::bootWeb(Object(Config\Paths))
WARNING - 2025-03-24 02:27:37 --> [DEPRECATED] Optional parameter $sarray declared before required parameter $id is implicitly treated as a required parameter in ROOTPATH\SysAdmin\Models\NavModel.php on line 17.
 1 SYSTEMPATH\Autoloader\Autoloader.php(316): include_once('E:\\web\\XAMPP\\htdocs\\test\\system\\Debug\\Exceptions.php')
 2 SYSTEMPATH\Autoloader\Autoloader.php(295): CodeIgniter\Autoloader\Autoloader->includeFile('E:\\web\\XAMPP\\htdocs\\test\\SysAdmin\\Models\\NavModel.php')
 3 SYSTEMPATH\Autoloader\Autoloader.php(271): CodeIgniter\Autoloader\Autoloader->loadInNamespace('SysAdmin\\Models\\NavModel')
 4 ROOTPATH\SysAdmin\Controllers\imgArticle.php(30): CodeIgniter\Autoloader\Autoloader->loadClass('SysAdmin\\Models\\NavModel')
 5 SYSTEMPATH\CodeIgniter.php(933): SysAdmin\Controllers\imgArticle->index()
 6 SYSTEMPATH\CodeIgniter.php(507): CodeIgniter\CodeIgniter->runController(Object(SysAdmin\Controllers\imgArticle))
 7 SYSTEMPATH\CodeIgniter.php(354): CodeIgniter\CodeIgniter->handleRequest(null, Object(Config\Cache), false)
 8 SYSTEMPATH\Boot.php(334): CodeIgniter\CodeIgniter->run()
 9 SYSTEMPATH\Boot.php(67): CodeIgniter\Boot::runCodeIgniter(Object(CodeIgniter\CodeIgniter))
10 FCPATH\index.php(56): CodeIgniter\Boot::bootWeb(Object(Config\Paths))
WARNING - 2025-03-24 02:27:37 --> [DEPRECATED] Optional parameter $sarray declared before required parameter $id is implicitly treated as a required parameter in ROOTPATH\SysAdmin\Models\NavModel.php on line 25.
 1 SYSTEMPATH\Autoloader\Autoloader.php(316): include_once('E:\\web\\XAMPP\\htdocs\\test\\system\\Debug\\Exceptions.php')
 2 SYSTEMPATH\Autoloader\Autoloader.php(295): CodeIgniter\Autoloader\Autoloader->includeFile('E:\\web\\XAMPP\\htdocs\\test\\SysAdmin\\Models\\NavModel.php')
 3 SYSTEMPATH\Autoloader\Autoloader.php(271): CodeIgniter\Autoloader\Autoloader->loadInNamespace('SysAdmin\\Models\\NavModel')
 4 ROOTPATH\SysAdmin\Controllers\imgArticle.php(30): CodeIgniter\Autoloader\Autoloader->loadClass('SysAdmin\\Models\\NavModel')
 5 SYSTEMPATH\CodeIgniter.php(933): SysAdmin\Controllers\imgArticle->index()
 6 SYSTEMPATH\CodeIgniter.php(507): CodeIgniter\CodeIgniter->runController(Object(SysAdmin\Controllers\imgArticle))
 7 SYSTEMPATH\CodeIgniter.php(354): CodeIgniter\CodeIgniter->handleRequest(null, Object(Config\Cache), false)
 8 SYSTEMPATH\Boot.php(334): CodeIgniter\CodeIgniter->run()
 9 SYSTEMPATH\Boot.php(67): CodeIgniter\Boot::runCodeIgniter(Object(CodeIgniter\CodeIgniter))
10 FCPATH\index.php(56): CodeIgniter\Boot::bootWeb(Object(Config\Paths))
DEBUG - 2025-03-24 06:36:59 --> Session: Class initialized using 'CodeIgniter\Session\Handlers\FileHandler' driver.
WARNING - 2025-03-24 06:36:59 --> [DEPRECATED] Creation of dynamic property SysAdmin\Controllers\Login::$session is deprecated in ROOTPATH\SysAdmin\Controllers\BaseController.php on line 51.
 1 SYSTEMPATH\CodeIgniter.php(903): SysAdmin\Controllers\BaseController->__construct()
 2 SYSTEMPATH\CodeIgniter.php(498): CodeIgniter\CodeIgniter->createController()
 3 SYSTEMPATH\CodeIgniter.php(354): CodeIgniter\CodeIgniter->handleRequest(null, Object(Config\Cache), false)
 4 SYSTEMPATH\Boot.php(334): CodeIgniter\CodeIgniter->run()
 5 SYSTEMPATH\Boot.php(67): CodeIgniter\Boot::runCodeIgniter(Object(CodeIgniter\CodeIgniter))
 6 FCPATH\index.php(56): CodeIgniter\Boot::bootWeb(Object(Config\Paths))
WARNING - 2025-03-24 06:36:59 --> [DEPRECATED] Creation of dynamic property SysAdmin\Controllers\Login::$encrypter is deprecated in ROOTPATH\SysAdmin\Controllers\BaseController.php on line 52.
 1 SYSTEMPATH\CodeIgniter.php(903): SysAdmin\Controllers\BaseController->__construct()
 2 SYSTEMPATH\CodeIgniter.php(498): CodeIgniter\CodeIgniter->createController()
 3 SYSTEMPATH\CodeIgniter.php(354): CodeIgniter\CodeIgniter->handleRequest(null, Object(Config\Cache), false)
 4 SYSTEMPATH\Boot.php(334): CodeIgniter\CodeIgniter->run()
 5 SYSTEMPATH\Boot.php(67): CodeIgniter\Boot::runCodeIgniter(Object(CodeIgniter\CodeIgniter))
 6 FCPATH\index.php(56): CodeIgniter\Boot::bootWeb(Object(Config\Paths))
DEBUG - 2025-03-24 06:37:07 --> Session: Class initialized using 'CodeIgniter\Session\Handlers\FileHandler' driver.
WARNING - 2025-03-24 06:37:07 --> [DEPRECATED] Creation of dynamic property SysAdmin\Controllers\Login::$session is deprecated in ROOTPATH\SysAdmin\Controllers\BaseController.php on line 51.
 1 SYSTEMPATH\CodeIgniter.php(903): SysAdmin\Controllers\BaseController->__construct()
 2 SYSTEMPATH\CodeIgniter.php(498): CodeIgniter\CodeIgniter->createController()
 3 SYSTEMPATH\CodeIgniter.php(354): CodeIgniter\CodeIgniter->handleRequest(null, Object(Config\Cache), false)
 4 SYSTEMPATH\Boot.php(334): CodeIgniter\CodeIgniter->run()
 5 SYSTEMPATH\Boot.php(67): CodeIgniter\Boot::runCodeIgniter(Object(CodeIgniter\CodeIgniter))
 6 FCPATH\index.php(56): CodeIgniter\Boot::bootWeb(Object(Config\Paths))
WARNING - 2025-03-24 06:37:07 --> [DEPRECATED] Creation of dynamic property SysAdmin\Controllers\Login::$encrypter is deprecated in ROOTPATH\SysAdmin\Controllers\BaseController.php on line 52.
 1 SYSTEMPATH\CodeIgniter.php(903): SysAdmin\Controllers\BaseController->__construct()
 2 SYSTEMPATH\CodeIgniter.php(498): CodeIgniter\CodeIgniter->createController()
 3 SYSTEMPATH\CodeIgniter.php(354): CodeIgniter\CodeIgniter->handleRequest(null, Object(Config\Cache), false)
 4 SYSTEMPATH\Boot.php(334): CodeIgniter\CodeIgniter->run()
 5 SYSTEMPATH\Boot.php(67): CodeIgniter\Boot::runCodeIgniter(Object(CodeIgniter\CodeIgniter))
 6 FCPATH\index.php(56): CodeIgniter\Boot::bootWeb(Object(Config\Paths))
DEBUG - 2025-03-24 06:37:07 --> Session: Class initialized using 'CodeIgniter\Session\Handlers\FileHandler' driver.
WARNING - 2025-03-24 06:37:07 --> [DEPRECATED] Creation of dynamic property SysAdmin\Controllers\Home::$session is deprecated in ROOTPATH\SysAdmin\Controllers\BaseController.php on line 51.
 1 ROOTPATH\SysAdmin\Controllers\Home.php(10): SysAdmin\Controllers\BaseController->__construct()
 2 SYSTEMPATH\CodeIgniter.php(903): SysAdmin\Controllers\Home->__construct()
 3 SYSTEMPATH\CodeIgniter.php(498): CodeIgniter\CodeIgniter->createController()
 4 SYSTEMPATH\CodeIgniter.php(354): CodeIgniter\CodeIgniter->handleRequest(null, Object(Config\Cache), false)
 5 SYSTEMPATH\Boot.php(334): CodeIgniter\CodeIgniter->run()
 6 SYSTEMPATH\Boot.php(67): CodeIgniter\Boot::runCodeIgniter(Object(CodeIgniter\CodeIgniter))
 7 FCPATH\index.php(56): CodeIgniter\Boot::bootWeb(Object(Config\Paths))
WARNING - 2025-03-24 06:37:07 --> [DEPRECATED] Creation of dynamic property SysAdmin\Controllers\Home::$encrypter is deprecated in ROOTPATH\SysAdmin\Controllers\BaseController.php on line 52.
 1 ROOTPATH\SysAdmin\Controllers\Home.php(10): SysAdmin\Controllers\BaseController->__construct()
 2 SYSTEMPATH\CodeIgniter.php(903): SysAdmin\Controllers\Home->__construct()
 3 SYSTEMPATH\CodeIgniter.php(498): CodeIgniter\CodeIgniter->createController()
 4 SYSTEMPATH\CodeIgniter.php(354): CodeIgniter\CodeIgniter->handleRequest(null, Object(Config\Cache), false)
 5 SYSTEMPATH\Boot.php(334): CodeIgniter\CodeIgniter->run()
 6 SYSTEMPATH\Boot.php(67): CodeIgniter\Boot::runCodeIgniter(Object(CodeIgniter\CodeIgniter))
 7 FCPATH\index.php(56): CodeIgniter\Boot::bootWeb(Object(Config\Paths))
DEBUG - 2025-03-24 06:37:08 --> Session: Class initialized using 'CodeIgniter\Session\Handlers\FileHandler' driver.
WARNING - 2025-03-24 06:37:08 --> [DEPRECATED] Creation of dynamic property SysAdmin\Controllers\Home::$session is deprecated in ROOTPATH\SysAdmin\Controllers\BaseController.php on line 51.
 1 ROOTPATH\SysAdmin\Controllers\Home.php(10): SysAdmin\Controllers\BaseController->__construct()
 2 SYSTEMPATH\CodeIgniter.php(903): SysAdmin\Controllers\Home->__construct()
 3 SYSTEMPATH\CodeIgniter.php(498): CodeIgniter\CodeIgniter->createController()
 4 SYSTEMPATH\CodeIgniter.php(354): CodeIgniter\CodeIgniter->handleRequest(null, Object(Config\Cache), false)
 5 SYSTEMPATH\Boot.php(334): CodeIgniter\CodeIgniter->run()
 6 SYSTEMPATH\Boot.php(67): CodeIgniter\Boot::runCodeIgniter(Object(CodeIgniter\CodeIgniter))
 7 FCPATH\index.php(56): CodeIgniter\Boot::bootWeb(Object(Config\Paths))
WARNING - 2025-03-24 06:37:08 --> [DEPRECATED] Creation of dynamic property SysAdmin\Controllers\Home::$encrypter is deprecated in ROOTPATH\SysAdmin\Controllers\BaseController.php on line 52.
 1 ROOTPATH\SysAdmin\Controllers\Home.php(10): SysAdmin\Controllers\BaseController->__construct()
 2 SYSTEMPATH\CodeIgniter.php(903): SysAdmin\Controllers\Home->__construct()
 3 SYSTEMPATH\CodeIgniter.php(498): CodeIgniter\CodeIgniter->createController()
 4 SYSTEMPATH\CodeIgniter.php(354): CodeIgniter\CodeIgniter->handleRequest(null, Object(Config\Cache), false)
 5 SYSTEMPATH\Boot.php(334): CodeIgniter\CodeIgniter->run()
 6 SYSTEMPATH\Boot.php(67): CodeIgniter\Boot::runCodeIgniter(Object(CodeIgniter\CodeIgniter))
 7 FCPATH\index.php(56): CodeIgniter\Boot::bootWeb(Object(Config\Paths))
DEBUG - 2025-03-24 06:37:08 --> Session: Class initialized using 'CodeIgniter\Session\Handlers\FileHandler' driver.
WARNING - 2025-03-24 06:37:08 --> [DEPRECATED] Creation of dynamic property SysAdmin\Controllers\Home::$session is deprecated in ROOTPATH\SysAdmin\Controllers\BaseController.php on line 51.
 1 ROOTPATH\SysAdmin\Controllers\Home.php(10): SysAdmin\Controllers\BaseController->__construct()
 2 SYSTEMPATH\CodeIgniter.php(903): SysAdmin\Controllers\Home->__construct()
 3 SYSTEMPATH\CodeIgniter.php(498): CodeIgniter\CodeIgniter->createController()
 4 SYSTEMPATH\CodeIgniter.php(354): CodeIgniter\CodeIgniter->handleRequest(null, Object(Config\Cache), false)
 5 SYSTEMPATH\Boot.php(334): CodeIgniter\CodeIgniter->run()
 6 SYSTEMPATH\Boot.php(67): CodeIgniter\Boot::runCodeIgniter(Object(CodeIgniter\CodeIgniter))
 7 FCPATH\index.php(56): CodeIgniter\Boot::bootWeb(Object(Config\Paths))
WARNING - 2025-03-24 06:37:08 --> [DEPRECATED] Creation of dynamic property SysAdmin\Controllers\Home::$encrypter is deprecated in ROOTPATH\SysAdmin\Controllers\BaseController.php on line 52.
 1 ROOTPATH\SysAdmin\Controllers\Home.php(10): SysAdmin\Controllers\BaseController->__construct()
 2 SYSTEMPATH\CodeIgniter.php(903): SysAdmin\Controllers\Home->__construct()
 3 SYSTEMPATH\CodeIgniter.php(498): CodeIgniter\CodeIgniter->createController()
 4 SYSTEMPATH\CodeIgniter.php(354): CodeIgniter\CodeIgniter->handleRequest(null, Object(Config\Cache), false)
 5 SYSTEMPATH\Boot.php(334): CodeIgniter\CodeIgniter->run()
 6 SYSTEMPATH\Boot.php(67): CodeIgniter\Boot::runCodeIgniter(Object(CodeIgniter\CodeIgniter))
 7 FCPATH\index.php(56): CodeIgniter\Boot::bootWeb(Object(Config\Paths))
DEBUG - 2025-03-24 06:41:52 --> Session: Class initialized using 'CodeIgniter\Session\Handlers\FileHandler' driver.
WARNING - 2025-03-24 06:41:52 --> [DEPRECATED] Creation of dynamic property SysAdmin\Controllers\Home::$session is deprecated in ROOTPATH\SysAdmin\Controllers\BaseController.php on line 51.
 1 ROOTPATH\SysAdmin\Controllers\Home.php(10): SysAdmin\Controllers\BaseController->__construct()
 2 SYSTEMPATH\CodeIgniter.php(903): SysAdmin\Controllers\Home->__construct()
 3 SYSTEMPATH\CodeIgniter.php(498): CodeIgniter\CodeIgniter->createController()
 4 SYSTEMPATH\CodeIgniter.php(354): CodeIgniter\CodeIgniter->handleRequest(null, Object(Config\Cache), false)
 5 SYSTEMPATH\Boot.php(334): CodeIgniter\CodeIgniter->run()
 6 SYSTEMPATH\Boot.php(67): CodeIgniter\Boot::runCodeIgniter(Object(CodeIgniter\CodeIgniter))
 7 FCPATH\index.php(56): CodeIgniter\Boot::bootWeb(Object(Config\Paths))
WARNING - 2025-03-24 06:41:52 --> [DEPRECATED] Creation of dynamic property SysAdmin\Controllers\Home::$encrypter is deprecated in ROOTPATH\SysAdmin\Controllers\BaseController.php on line 52.
 1 ROOTPATH\SysAdmin\Controllers\Home.php(10): SysAdmin\Controllers\BaseController->__construct()
 2 SYSTEMPATH\CodeIgniter.php(903): SysAdmin\Controllers\Home->__construct()
 3 SYSTEMPATH\CodeIgniter.php(498): CodeIgniter\CodeIgniter->createController()
 4 SYSTEMPATH\CodeIgniter.php(354): CodeIgniter\CodeIgniter->handleRequest(null, Object(Config\Cache), false)
 5 SYSTEMPATH\Boot.php(334): CodeIgniter\CodeIgniter->run()
 6 SYSTEMPATH\Boot.php(67): CodeIgniter\Boot::runCodeIgniter(Object(CodeIgniter\CodeIgniter))
 7 FCPATH\index.php(56): CodeIgniter\Boot::bootWeb(Object(Config\Paths))
DEBUG - 2025-03-24 06:41:52 --> Session: Class initialized using 'CodeIgniter\Session\Handlers\FileHandler' driver.
WARNING - 2025-03-24 06:41:52 --> [DEPRECATED] Creation of dynamic property SysAdmin\Controllers\Home::$session is deprecated in ROOTPATH\SysAdmin\Controllers\BaseController.php on line 51.
 1 ROOTPATH\SysAdmin\Controllers\Home.php(10): SysAdmin\Controllers\BaseController->__construct()
 2 SYSTEMPATH\CodeIgniter.php(903): SysAdmin\Controllers\Home->__construct()
 3 SYSTEMPATH\CodeIgniter.php(498): CodeIgniter\CodeIgniter->createController()
 4 SYSTEMPATH\CodeIgniter.php(354): CodeIgniter\CodeIgniter->handleRequest(null, Object(Config\Cache), false)
 5 SYSTEMPATH\Boot.php(334): CodeIgniter\CodeIgniter->run()
 6 SYSTEMPATH\Boot.php(67): CodeIgniter\Boot::runCodeIgniter(Object(CodeIgniter\CodeIgniter))
 7 FCPATH\index.php(56): CodeIgniter\Boot::bootWeb(Object(Config\Paths))
WARNING - 2025-03-24 06:41:52 --> [DEPRECATED] Creation of dynamic property SysAdmin\Controllers\Home::$encrypter is deprecated in ROOTPATH\SysAdmin\Controllers\BaseController.php on line 52.
 1 ROOTPATH\SysAdmin\Controllers\Home.php(10): SysAdmin\Controllers\BaseController->__construct()
 2 SYSTEMPATH\CodeIgniter.php(903): SysAdmin\Controllers\Home->__construct()
 3 SYSTEMPATH\CodeIgniter.php(498): CodeIgniter\CodeIgniter->createController()
 4 SYSTEMPATH\CodeIgniter.php(354): CodeIgniter\CodeIgniter->handleRequest(null, Object(Config\Cache), false)
 5 SYSTEMPATH\Boot.php(334): CodeIgniter\CodeIgniter->run()
 6 SYSTEMPATH\Boot.php(67): CodeIgniter\Boot::runCodeIgniter(Object(CodeIgniter\CodeIgniter))
 7 FCPATH\index.php(56): CodeIgniter\Boot::bootWeb(Object(Config\Paths))
DEBUG - 2025-03-24 06:41:52 --> Session: Class initialized using 'CodeIgniter\Session\Handlers\FileHandler' driver.
WARNING - 2025-03-24 06:41:52 --> [DEPRECATED] Creation of dynamic property SysAdmin\Controllers\Home::$session is deprecated in ROOTPATH\SysAdmin\Controllers\BaseController.php on line 51.
 1 ROOTPATH\SysAdmin\Controllers\Home.php(10): SysAdmin\Controllers\BaseController->__construct()
 2 SYSTEMPATH\CodeIgniter.php(903): SysAdmin\Controllers\Home->__construct()
 3 SYSTEMPATH\CodeIgniter.php(498): CodeIgniter\CodeIgniter->createController()
 4 SYSTEMPATH\CodeIgniter.php(354): CodeIgniter\CodeIgniter->handleRequest(null, Object(Config\Cache), false)
 5 SYSTEMPATH\Boot.php(334): CodeIgniter\CodeIgniter->run()
 6 SYSTEMPATH\Boot.php(67): CodeIgniter\Boot::runCodeIgniter(Object(CodeIgniter\CodeIgniter))
 7 FCPATH\index.php(56): CodeIgniter\Boot::bootWeb(Object(Config\Paths))
WARNING - 2025-03-24 06:41:52 --> [DEPRECATED] Creation of dynamic property SysAdmin\Controllers\Home::$encrypter is deprecated in ROOTPATH\SysAdmin\Controllers\BaseController.php on line 52.
 1 ROOTPATH\SysAdmin\Controllers\Home.php(10): SysAdmin\Controllers\BaseController->__construct()
 2 SYSTEMPATH\CodeIgniter.php(903): SysAdmin\Controllers\Home->__construct()
 3 SYSTEMPATH\CodeIgniter.php(498): CodeIgniter\CodeIgniter->createController()
 4 SYSTEMPATH\CodeIgniter.php(354): CodeIgniter\CodeIgniter->handleRequest(null, Object(Config\Cache), false)
 5 SYSTEMPATH\Boot.php(334): CodeIgniter\CodeIgniter->run()
 6 SYSTEMPATH\Boot.php(67): CodeIgniter\Boot::runCodeIgniter(Object(CodeIgniter\CodeIgniter))
 7 FCPATH\index.php(56): CodeIgniter\Boot::bootWeb(Object(Config\Paths))
DEBUG - 2025-03-24 06:41:57 --> Session: Class initialized using 'CodeIgniter\Session\Handlers\FileHandler' driver.
WARNING - 2025-03-24 06:41:57 --> [DEPRECATED] Creation of dynamic property SysAdmin\Controllers\Category::$session is deprecated in ROOTPATH\SysAdmin\Controllers\BaseController.php on line 51.
 1 ROOTPATH\SysAdmin\Controllers\Category.php(9): SysAdmin\Controllers\BaseController->__construct()
 2 SYSTEMPATH\CodeIgniter.php(903): SysAdmin\Controllers\Category->__construct()
 3 SYSTEMPATH\CodeIgniter.php(498): CodeIgniter\CodeIgniter->createController()
 4 SYSTEMPATH\CodeIgniter.php(354): CodeIgniter\CodeIgniter->handleRequest(null, Object(Config\Cache), false)
 5 SYSTEMPATH\Boot.php(334): CodeIgniter\CodeIgniter->run()
 6 SYSTEMPATH\Boot.php(67): CodeIgniter\Boot::runCodeIgniter(Object(CodeIgniter\CodeIgniter))
 7 FCPATH\index.php(56): CodeIgniter\Boot::bootWeb(Object(Config\Paths))
WARNING - 2025-03-24 06:41:57 --> [DEPRECATED] Creation of dynamic property SysAdmin\Controllers\Category::$encrypter is deprecated in ROOTPATH\SysAdmin\Controllers\BaseController.php on line 52.
 1 ROOTPATH\SysAdmin\Controllers\Category.php(9): SysAdmin\Controllers\BaseController->__construct()
 2 SYSTEMPATH\CodeIgniter.php(903): SysAdmin\Controllers\Category->__construct()
 3 SYSTEMPATH\CodeIgniter.php(498): CodeIgniter\CodeIgniter->createController()
 4 SYSTEMPATH\CodeIgniter.php(354): CodeIgniter\CodeIgniter->handleRequest(null, Object(Config\Cache), false)
 5 SYSTEMPATH\Boot.php(334): CodeIgniter\CodeIgniter->run()
 6 SYSTEMPATH\Boot.php(67): CodeIgniter\Boot::runCodeIgniter(Object(CodeIgniter\CodeIgniter))
 7 FCPATH\index.php(56): CodeIgniter\Boot::bootWeb(Object(Config\Paths))
WARNING - 2025-03-24 06:41:57 --> [DEPRECATED] Creation of dynamic property SysAdmin\Controllers\Category::$nav_mold is deprecated in ROOTPATH\SysAdmin\Controllers\Category.php on line 11.
 1 SYSTEMPATH\CodeIgniter.php(903): SysAdmin\Controllers\Category->__construct()
 2 SYSTEMPATH\CodeIgniter.php(498): CodeIgniter\CodeIgniter->createController()
 3 SYSTEMPATH\CodeIgniter.php(354): CodeIgniter\CodeIgniter->handleRequest(null, Object(Config\Cache), false)
 4 SYSTEMPATH\Boot.php(334): CodeIgniter\CodeIgniter->run()
 5 SYSTEMPATH\Boot.php(67): CodeIgniter\Boot::runCodeIgniter(Object(CodeIgniter\CodeIgniter))
 6 FCPATH\index.php(56): CodeIgniter\Boot::bootWeb(Object(Config\Paths))
WARNING - 2025-03-24 06:41:57 --> [DEPRECATED] Optional parameter $sarray declared before required parameter $id is implicitly treated as a required parameter in ROOTPATH\SysAdmin\Models\NavModel.php on line 17.
 1 SYSTEMPATH\Autoloader\Autoloader.php(316): include_once('E:\\web\\XAMPP\\htdocs\\test\\system\\Debug\\Exceptions.php')
 2 SYSTEMPATH\Autoloader\Autoloader.php(295): CodeIgniter\Autoloader\Autoloader->includeFile('E:\\web\\XAMPP\\htdocs\\test\\SysAdmin\\Models\\NavModel.php')
 3 SYSTEMPATH\Autoloader\Autoloader.php(271): CodeIgniter\Autoloader\Autoloader->loadInNamespace('SysAdmin\\Models\\NavModel')
 4 ROOTPATH\SysAdmin\Controllers\Category.php(13): CodeIgniter\Autoloader\Autoloader->loadClass('SysAdmin\\Models\\NavModel')
 5 SYSTEMPATH\CodeIgniter.php(903): SysAdmin\Controllers\Category->__construct()
 6 SYSTEMPATH\CodeIgniter.php(498): CodeIgniter\CodeIgniter->createController()
 7 SYSTEMPATH\CodeIgniter.php(354): CodeIgniter\CodeIgniter->handleRequest(null, Object(Config\Cache), false)
 8 SYSTEMPATH\Boot.php(334): CodeIgniter\CodeIgniter->run()
 9 SYSTEMPATH\Boot.php(67): CodeIgniter\Boot::runCodeIgniter(Object(CodeIgniter\CodeIgniter))
10 FCPATH\index.php(56): CodeIgniter\Boot::bootWeb(Object(Config\Paths))
WARNING - 2025-03-24 06:41:57 --> [DEPRECATED] Optional parameter $sarray declared before required parameter $id is implicitly treated as a required parameter in ROOTPATH\SysAdmin\Models\NavModel.php on line 25.
 1 SYSTEMPATH\Autoloader\Autoloader.php(316): include_once('E:\\web\\XAMPP\\htdocs\\test\\system\\Debug\\Exceptions.php')
 2 SYSTEMPATH\Autoloader\Autoloader.php(295): CodeIgniter\Autoloader\Autoloader->includeFile('E:\\web\\XAMPP\\htdocs\\test\\SysAdmin\\Models\\NavModel.php')
 3 SYSTEMPATH\Autoloader\Autoloader.php(271): CodeIgniter\Autoloader\Autoloader->loadInNamespace('SysAdmin\\Models\\NavModel')
 4 ROOTPATH\SysAdmin\Controllers\Category.php(13): CodeIgniter\Autoloader\Autoloader->loadClass('SysAdmin\\Models\\NavModel')
 5 SYSTEMPATH\CodeIgniter.php(903): SysAdmin\Controllers\Category->__construct()
 6 SYSTEMPATH\CodeIgniter.php(498): CodeIgniter\CodeIgniter->createController()
 7 SYSTEMPATH\CodeIgniter.php(354): CodeIgniter\CodeIgniter->handleRequest(null, Object(Config\Cache), false)
 8 SYSTEMPATH\Boot.php(334): CodeIgniter\CodeIgniter->run()
 9 SYSTEMPATH\Boot.php(67): CodeIgniter\Boot::runCodeIgniter(Object(CodeIgniter\CodeIgniter))
10 FCPATH\index.php(56): CodeIgniter\Boot::bootWeb(Object(Config\Paths))
WARNING - 2025-03-24 06:41:57 --> [DEPRECATED] Creation of dynamic property SysAdmin\Controllers\Category::$CateModel is deprecated in ROOTPATH\SysAdmin\Controllers\Category.php on line 13.
 1 SYSTEMPATH\CodeIgniter.php(903): SysAdmin\Controllers\Category->__construct()
 2 SYSTEMPATH\CodeIgniter.php(498): CodeIgniter\CodeIgniter->createController()
 3 SYSTEMPATH\CodeIgniter.php(354): CodeIgniter\CodeIgniter->handleRequest(null, Object(Config\Cache), false)
 4 SYSTEMPATH\Boot.php(334): CodeIgniter\CodeIgniter->run()
 5 SYSTEMPATH\Boot.php(67): CodeIgniter\Boot::runCodeIgniter(Object(CodeIgniter\CodeIgniter))
 6 FCPATH\index.php(56): CodeIgniter\Boot::bootWeb(Object(Config\Paths))
ERROR - 2025-03-24 06:41:57 --> mysqli_sql_exception: Unknown column 'cat_name' in 'field list' in E:\web\XAMPP\htdocs\test\system\Database\MySQLi\Connection.php:327
Stack trace:
#0 E:\web\XAMPP\htdocs\test\system\Database\MySQLi\Connection.php(327): mysqli->query('SELECT `id`, `c...', 0)
#1 E:\web\XAMPP\htdocs\test\system\Database\BaseConnection.php(738): CodeIgniter\Database\MySQLi\Connection->execute('SELECT `id`, `c...')
#2 E:\web\XAMPP\htdocs\test\system\Database\BaseConnection.php(652): CodeIgniter\Database\BaseConnection->simpleQuery('SELECT `id`, `c...')
#3 E:\web\XAMPP\htdocs\test\system\Database\BaseBuilder.php(1649): CodeIgniter\Database\BaseConnection->query('SELECT `id`, `c...', Array, false)
#4 E:\web\XAMPP\htdocs\test\system\Model.php(286): CodeIgniter\Database\BaseBuilder->get()
#5 E:\web\XAMPP\htdocs\test\system\BaseModel.php(675): CodeIgniter\Model->doFindAll(0, 0)
#6 E:\web\XAMPP\htdocs\test\SysAdmin\Models\NavModel.php(13): CodeIgniter\BaseModel->findAll()
#7 E:\web\XAMPP\htdocs\test\SysAdmin\Controllers\Category.php(18): SysAdmin\Models\NavModel->getNav('id,cat_name,cat...')
#8 E:\web\XAMPP\htdocs\test\system\CodeIgniter.php(933): SysAdmin\Controllers\Category->index()
#9 E:\web\XAMPP\htdocs\test\system\CodeIgniter.php(507): CodeIgniter\CodeIgniter->runController(Object(SysAdmin\Controllers\Category))
#10 E:\web\XAMPP\htdocs\test\system\CodeIgniter.php(354): CodeIgniter\CodeIgniter->handleRequest(NULL, Object(Config\Cache), false)
#11 E:\web\XAMPP\htdocs\test\system\Boot.php(334): CodeIgniter\CodeIgniter->run()
#12 E:\web\XAMPP\htdocs\test\system\Boot.php(67): CodeIgniter\Boot::runCodeIgniter(Object(CodeIgniter\CodeIgniter))
#13 E:\web\XAMPP\htdocs\test\public\index.php(56): CodeIgniter\Boot::bootWeb(Object(Config\Paths))
#14 {main}
CRITICAL - 2025-03-24 06:41:57 --> CodeIgniter\Database\Exceptions\DatabaseException: Unknown column 'cat_name' in 'field list'
[Method: GET, Route: xccmssys/cate]
in SYSTEMPATH\Database\BaseConnection.php on line 692.
 1 SYSTEMPATH\Database\BaseBuilder.php(1649): CodeIgniter\Database\BaseConnection->query('SELECT `id`, `cat_name`, `cat_type`, `sort_order`, `is_show`, `pid`
FROM `c_nav`
ORDER BY `sort_order` desc, `id` asc', [], false)
 2 SYSTEMPATH\Model.php(286): CodeIgniter\Database\BaseBuilder->get()
 3 SYSTEMPATH\BaseModel.php(675): CodeIgniter\Model->doFindAll(0, 0)
 4 ROOTPATH\SysAdmin\Models\NavModel.php(13): CodeIgniter\BaseModel->findAll()
 5 ROOTPATH\SysAdmin\Controllers\Category.php(18): SysAdmin\Models\NavModel->getNav('id,cat_name,cat_type,sort_order,is_show,pid')
 6 SYSTEMPATH\CodeIgniter.php(933): SysAdmin\Controllers\Category->index()
 7 SYSTEMPATH\CodeIgniter.php(507): CodeIgniter\CodeIgniter->runController(Object(SysAdmin\Controllers\Category))
 8 SYSTEMPATH\CodeIgniter.php(354): CodeIgniter\CodeIgniter->handleRequest(null, Object(Config\Cache), false)
 9 SYSTEMPATH\Boot.php(334): CodeIgniter\CodeIgniter->run()
10 SYSTEMPATH\Boot.php(67): CodeIgniter\Boot::runCodeIgniter(Object(CodeIgniter\CodeIgniter))
11 FCPATH\index.php(56): CodeIgniter\Boot::bootWeb(Object(Config\Paths))
CRITICAL - 2025-03-24 06:41:57 --> [Caused by] CodeIgniter\Database\Exceptions\DatabaseException: Unknown column 'cat_name' in 'field list'
in SYSTEMPATH\Database\MySQLi\Connection.php on line 332.
 1 SYSTEMPATH\Database\BaseConnection.php(738): CodeIgniter\Database\MySQLi\Connection->execute('SELECT `id`, `cat_name`, `cat_type`, `sort_order`, `is_show`, `pid`
FROM `c_nav`
ORDER BY `sort_order` desc, `id` asc')
 2 SYSTEMPATH\Database\BaseConnection.php(652): CodeIgniter\Database\BaseConnection->simpleQuery('SELECT `id`, `cat_name`, `cat_type`, `sort_order`, `is_show`, `pid`
FROM `c_nav`
ORDER BY `sort_order` desc, `id` asc')
 3 SYSTEMPATH\Database\BaseBuilder.php(1649): CodeIgniter\Database\BaseConnection->query('SELECT `id`, `cat_name`, `cat_type`, `sort_order`, `is_show`, `pid`
FROM `c_nav`
ORDER BY `sort_order` desc, `id` asc', [], false)
 4 SYSTEMPATH\Model.php(286): CodeIgniter\Database\BaseBuilder->get()
 5 SYSTEMPATH\BaseModel.php(675): CodeIgniter\Model->doFindAll(0, 0)
 6 ROOTPATH\SysAdmin\Models\NavModel.php(13): CodeIgniter\BaseModel->findAll()
 7 ROOTPATH\SysAdmin\Controllers\Category.php(18): SysAdmin\Models\NavModel->getNav('id,cat_name,cat_type,sort_order,is_show,pid')
 8 SYSTEMPATH\CodeIgniter.php(933): SysAdmin\Controllers\Category->index()
 9 SYSTEMPATH\CodeIgniter.php(507): CodeIgniter\CodeIgniter->runController(Object(SysAdmin\Controllers\Category))
10 SYSTEMPATH\CodeIgniter.php(354): CodeIgniter\CodeIgniter->handleRequest(null, Object(Config\Cache), false)
11 SYSTEMPATH\Boot.php(334): CodeIgniter\CodeIgniter->run()
12 SYSTEMPATH\Boot.php(67): CodeIgniter\Boot::runCodeIgniter(Object(CodeIgniter\CodeIgniter))
13 FCPATH\index.php(56): CodeIgniter\Boot::bootWeb(Object(Config\Paths))
CRITICAL - 2025-03-24 06:41:57 --> [Caused by] mysqli_sql_exception: Unknown column 'cat_name' in 'field list'
in SYSTEMPATH\Database\MySQLi\Connection.php on line 327.
 1 SYSTEMPATH\Database\MySQLi\Connection.php(327): mysqli->query('SELECT `id`, `cat_name`, `cat_type`, `sort_order`, `is_show`, `pid`
FROM `c_nav`
ORDER BY `sort_order` desc, `id` asc', 0)
 2 SYSTEMPATH\Database\BaseConnection.php(738): CodeIgniter\Database\MySQLi\Connection->execute('SELECT `id`, `cat_name`, `cat_type`, `sort_order`, `is_show`, `pid`
FROM `c_nav`
ORDER BY `sort_order` desc, `id` asc')
 3 SYSTEMPATH\Database\BaseConnection.php(652): CodeIgniter\Database\BaseConnection->simpleQuery('SELECT `id`, `cat_name`, `cat_type`, `sort_order`, `is_show`, `pid`
FROM `c_nav`
ORDER BY `sort_order` desc, `id` asc')
 4 SYSTEMPATH\Database\BaseBuilder.php(1649): CodeIgniter\Database\BaseConnection->query('SELECT `id`, `cat_name`, `cat_type`, `sort_order`, `is_show`, `pid`
FROM `c_nav`
ORDER BY `sort_order` desc, `id` asc', [], false)
 5 SYSTEMPATH\Model.php(286): CodeIgniter\Database\BaseBuilder->get()
 6 SYSTEMPATH\BaseModel.php(675): CodeIgniter\Model->doFindAll(0, 0)
 7 ROOTPATH\SysAdmin\Models\NavModel.php(13): CodeIgniter\BaseModel->findAll()
 8 ROOTPATH\SysAdmin\Controllers\Category.php(18): SysAdmin\Models\NavModel->getNav('id,cat_name,cat_type,sort_order,is_show,pid')
 9 SYSTEMPATH\CodeIgniter.php(933): SysAdmin\Controllers\Category->index()
10 SYSTEMPATH\CodeIgniter.php(507): CodeIgniter\CodeIgniter->runController(Object(SysAdmin\Controllers\Category))
11 SYSTEMPATH\CodeIgniter.php(354): CodeIgniter\CodeIgniter->handleRequest(null, Object(Config\Cache), false)
12 SYSTEMPATH\Boot.php(334): CodeIgniter\CodeIgniter->run()
13 SYSTEMPATH\Boot.php(67): CodeIgniter\Boot::runCodeIgniter(Object(CodeIgniter\CodeIgniter))
14 FCPATH\index.php(56): CodeIgniter\Boot::bootWeb(Object(Config\Paths))
DEBUG - 2025-03-24 06:47:00 --> Session: Class initialized using 'CodeIgniter\Session\Handlers\FileHandler' driver.
WARNING - 2025-03-24 06:47:01 --> [DEPRECATED] Creation of dynamic property SysAdmin\Controllers\Category::$session is deprecated in ROOTPATH\SysAdmin\Controllers\BaseController.php on line 51.
 1 ROOTPATH\SysAdmin\Controllers\Category.php(9): SysAdmin\Controllers\BaseController->__construct()
 2 SYSTEMPATH\CodeIgniter.php(903): SysAdmin\Controllers\Category->__construct()
 3 SYSTEMPATH\CodeIgniter.php(498): CodeIgniter\CodeIgniter->createController()
 4 SYSTEMPATH\CodeIgniter.php(354): CodeIgniter\CodeIgniter->handleRequest(null, Object(Config\Cache), false)
 5 SYSTEMPATH\Boot.php(334): CodeIgniter\CodeIgniter->run()
 6 SYSTEMPATH\Boot.php(67): CodeIgniter\Boot::runCodeIgniter(Object(CodeIgniter\CodeIgniter))
 7 FCPATH\index.php(56): CodeIgniter\Boot::bootWeb(Object(Config\Paths))
WARNING - 2025-03-24 06:47:01 --> [DEPRECATED] Creation of dynamic property SysAdmin\Controllers\Category::$encrypter is deprecated in ROOTPATH\SysAdmin\Controllers\BaseController.php on line 52.
 1 ROOTPATH\SysAdmin\Controllers\Category.php(9): SysAdmin\Controllers\BaseController->__construct()
 2 SYSTEMPATH\CodeIgniter.php(903): SysAdmin\Controllers\Category->__construct()
 3 SYSTEMPATH\CodeIgniter.php(498): CodeIgniter\CodeIgniter->createController()
 4 SYSTEMPATH\CodeIgniter.php(354): CodeIgniter\CodeIgniter->handleRequest(null, Object(Config\Cache), false)
 5 SYSTEMPATH\Boot.php(334): CodeIgniter\CodeIgniter->run()
 6 SYSTEMPATH\Boot.php(67): CodeIgniter\Boot::runCodeIgniter(Object(CodeIgniter\CodeIgniter))
 7 FCPATH\index.php(56): CodeIgniter\Boot::bootWeb(Object(Config\Paths))
WARNING - 2025-03-24 06:47:01 --> [DEPRECATED] Creation of dynamic property SysAdmin\Controllers\Category::$nav_mold is deprecated in ROOTPATH\SysAdmin\Controllers\Category.php on line 11.
 1 SYSTEMPATH\CodeIgniter.php(903): SysAdmin\Controllers\Category->__construct()
 2 SYSTEMPATH\CodeIgniter.php(498): CodeIgniter\CodeIgniter->createController()
 3 SYSTEMPATH\CodeIgniter.php(354): CodeIgniter\CodeIgniter->handleRequest(null, Object(Config\Cache), false)
 4 SYSTEMPATH\Boot.php(334): CodeIgniter\CodeIgniter->run()
 5 SYSTEMPATH\Boot.php(67): CodeIgniter\Boot::runCodeIgniter(Object(CodeIgniter\CodeIgniter))
 6 FCPATH\index.php(56): CodeIgniter\Boot::bootWeb(Object(Config\Paths))
CRITICAL - 2025-03-24 06:47:01 --> Error: Class "SysAdmin\Models\CategoryModel" not found
[Method: GET, Route: xccmssys/cate]
in ROOTPATH\SysAdmin\Controllers\Category.php on line 13.
 1 SYSTEMPATH\CodeIgniter.php(903): SysAdmin\Controllers\Category->__construct()
 2 SYSTEMPATH\CodeIgniter.php(498): CodeIgniter\CodeIgniter->createController()
 3 SYSTEMPATH\CodeIgniter.php(354): CodeIgniter\CodeIgniter->handleRequest(null, Object(Config\Cache), false)
 4 SYSTEMPATH\Boot.php(334): CodeIgniter\CodeIgniter->run()
 5 SYSTEMPATH\Boot.php(67): CodeIgniter\Boot::runCodeIgniter(Object(CodeIgniter\CodeIgniter))
 6 FCPATH\index.php(56): CodeIgniter\Boot::bootWeb(Object(Config\Paths))
DEBUG - 2025-03-24 06:47:24 --> Session: Class initialized using 'CodeIgniter\Session\Handlers\FileHandler' driver.
WARNING - 2025-03-24 06:47:24 --> [DEPRECATED] Creation of dynamic property SysAdmin\Controllers\Category::$session is deprecated in ROOTPATH\SysAdmin\Controllers\BaseController.php on line 51.
 1 ROOTPATH\SysAdmin\Controllers\Category.php(9): SysAdmin\Controllers\BaseController->__construct()
 2 SYSTEMPATH\CodeIgniter.php(903): SysAdmin\Controllers\Category->__construct()
 3 SYSTEMPATH\CodeIgniter.php(498): CodeIgniter\CodeIgniter->createController()
 4 SYSTEMPATH\CodeIgniter.php(354): CodeIgniter\CodeIgniter->handleRequest(null, Object(Config\Cache), false)
 5 SYSTEMPATH\Boot.php(334): CodeIgniter\CodeIgniter->run()
 6 SYSTEMPATH\Boot.php(67): CodeIgniter\Boot::runCodeIgniter(Object(CodeIgniter\CodeIgniter))
 7 FCPATH\index.php(56): CodeIgniter\Boot::bootWeb(Object(Config\Paths))
WARNING - 2025-03-24 06:47:24 --> [DEPRECATED] Creation of dynamic property SysAdmin\Controllers\Category::$encrypter is deprecated in ROOTPATH\SysAdmin\Controllers\BaseController.php on line 52.
 1 ROOTPATH\SysAdmin\Controllers\Category.php(9): SysAdmin\Controllers\BaseController->__construct()
 2 SYSTEMPATH\CodeIgniter.php(903): SysAdmin\Controllers\Category->__construct()
 3 SYSTEMPATH\CodeIgniter.php(498): CodeIgniter\CodeIgniter->createController()
 4 SYSTEMPATH\CodeIgniter.php(354): CodeIgniter\CodeIgniter->handleRequest(null, Object(Config\Cache), false)
 5 SYSTEMPATH\Boot.php(334): CodeIgniter\CodeIgniter->run()
 6 SYSTEMPATH\Boot.php(67): CodeIgniter\Boot::runCodeIgniter(Object(CodeIgniter\CodeIgniter))
 7 FCPATH\index.php(56): CodeIgniter\Boot::bootWeb(Object(Config\Paths))
WARNING - 2025-03-24 06:47:24 --> [DEPRECATED] Creation of dynamic property SysAdmin\Controllers\Category::$nav_mold is deprecated in ROOTPATH\SysAdmin\Controllers\Category.php on line 11.
 1 SYSTEMPATH\CodeIgniter.php(903): SysAdmin\Controllers\Category->__construct()
 2 SYSTEMPATH\CodeIgniter.php(498): CodeIgniter\CodeIgniter->createController()
 3 SYSTEMPATH\CodeIgniter.php(354): CodeIgniter\CodeIgniter->handleRequest(null, Object(Config\Cache), false)
 4 SYSTEMPATH\Boot.php(334): CodeIgniter\CodeIgniter->run()
 5 SYSTEMPATH\Boot.php(67): CodeIgniter\Boot::runCodeIgniter(Object(CodeIgniter\CodeIgniter))
 6 FCPATH\index.php(56): CodeIgniter\Boot::bootWeb(Object(Config\Paths))
WARNING - 2025-03-24 06:47:24 --> [DEPRECATED] Creation of dynamic property SysAdmin\Controllers\Category::$CateModel is deprecated in ROOTPATH\SysAdmin\Controllers\Category.php on line 13.
 1 SYSTEMPATH\CodeIgniter.php(903): SysAdmin\Controllers\Category->__construct()
 2 SYSTEMPATH\CodeIgniter.php(498): CodeIgniter\CodeIgniter->createController()
 3 SYSTEMPATH\CodeIgniter.php(354): CodeIgniter\CodeIgniter->handleRequest(null, Object(Config\Cache), false)
 4 SYSTEMPATH\Boot.php(334): CodeIgniter\CodeIgniter->run()
 5 SYSTEMPATH\Boot.php(67): CodeIgniter\Boot::runCodeIgniter(Object(CodeIgniter\CodeIgniter))
 6 FCPATH\index.php(56): CodeIgniter\Boot::bootWeb(Object(Config\Paths))
CRITICAL - 2025-03-24 06:47:24 --> CodeIgniter\Exceptions\BadMethodCallException: Call to undefined method SysAdmin\Models\CategoryModel::getNav
[Method: GET, Route: xccmssys/cate]
in SYSTEMPATH\Model.php on line 930.
 1 ROOTPATH\SysAdmin\Controllers\Category.php(18): CodeIgniter\Model->__call('getNav', [...])
 2 SYSTEMPATH\CodeIgniter.php(933): SysAdmin\Controllers\Category->index()
 3 SYSTEMPATH\CodeIgniter.php(507): CodeIgniter\CodeIgniter->runController(Object(SysAdmin\Controllers\Category))
 4 SYSTEMPATH\CodeIgniter.php(354): CodeIgniter\CodeIgniter->handleRequest(null, Object(Config\Cache), false)
 5 SYSTEMPATH\Boot.php(334): CodeIgniter\CodeIgniter->run()
 6 SYSTEMPATH\Boot.php(67): CodeIgniter\Boot::runCodeIgniter(Object(CodeIgniter\CodeIgniter))
 7 FCPATH\index.php(56): CodeIgniter\Boot::bootWeb(Object(Config\Paths))
DEBUG - 2025-03-24 06:54:41 --> Session: Class initialized using 'CodeIgniter\Session\Handlers\FileHandler' driver.
WARNING - 2025-03-24 06:54:41 --> [DEPRECATED] Creation of dynamic property SysAdmin\Controllers\Category::$session is deprecated in ROOTPATH\SysAdmin\Controllers\BaseController.php on line 51.
 1 ROOTPATH\SysAdmin\Controllers\Category.php(9): SysAdmin\Controllers\BaseController->__construct()
 2 SYSTEMPATH\CodeIgniter.php(903): SysAdmin\Controllers\Category->__construct()
 3 SYSTEMPATH\CodeIgniter.php(498): CodeIgniter\CodeIgniter->createController()
 4 SYSTEMPATH\CodeIgniter.php(354): CodeIgniter\CodeIgniter->handleRequest(null, Object(Config\Cache), false)
 5 SYSTEMPATH\Boot.php(334): CodeIgniter\CodeIgniter->run()
 6 SYSTEMPATH\Boot.php(67): CodeIgniter\Boot::runCodeIgniter(Object(CodeIgniter\CodeIgniter))
 7 FCPATH\index.php(56): CodeIgniter\Boot::bootWeb(Object(Config\Paths))
WARNING - 2025-03-24 06:54:41 --> [DEPRECATED] Creation of dynamic property SysAdmin\Controllers\Category::$encrypter is deprecated in ROOTPATH\SysAdmin\Controllers\BaseController.php on line 52.
 1 ROOTPATH\SysAdmin\Controllers\Category.php(9): SysAdmin\Controllers\BaseController->__construct()
 2 SYSTEMPATH\CodeIgniter.php(903): SysAdmin\Controllers\Category->__construct()
 3 SYSTEMPATH\CodeIgniter.php(498): CodeIgniter\CodeIgniter->createController()
 4 SYSTEMPATH\CodeIgniter.php(354): CodeIgniter\CodeIgniter->handleRequest(null, Object(Config\Cache), false)
 5 SYSTEMPATH\Boot.php(334): CodeIgniter\CodeIgniter->run()
 6 SYSTEMPATH\Boot.php(67): CodeIgniter\Boot::runCodeIgniter(Object(CodeIgniter\CodeIgniter))
 7 FCPATH\index.php(56): CodeIgniter\Boot::bootWeb(Object(Config\Paths))
WARNING - 2025-03-24 06:54:41 --> [DEPRECATED] Creation of dynamic property SysAdmin\Controllers\Category::$nav_mold is deprecated in ROOTPATH\SysAdmin\Controllers\Category.php on line 11.
 1 SYSTEMPATH\CodeIgniter.php(903): SysAdmin\Controllers\Category->__construct()
 2 SYSTEMPATH\CodeIgniter.php(498): CodeIgniter\CodeIgniter->createController()
 3 SYSTEMPATH\CodeIgniter.php(354): CodeIgniter\CodeIgniter->handleRequest(null, Object(Config\Cache), false)
 4 SYSTEMPATH\Boot.php(334): CodeIgniter\CodeIgniter->run()
 5 SYSTEMPATH\Boot.php(67): CodeIgniter\Boot::runCodeIgniter(Object(CodeIgniter\CodeIgniter))
 6 FCPATH\index.php(56): CodeIgniter\Boot::bootWeb(Object(Config\Paths))
WARNING - 2025-03-24 06:54:41 --> [DEPRECATED] Creation of dynamic property SysAdmin\Controllers\Category::$CateModel is deprecated in ROOTPATH\SysAdmin\Controllers\Category.php on line 13.
 1 SYSTEMPATH\CodeIgniter.php(903): SysAdmin\Controllers\Category->__construct()
 2 SYSTEMPATH\CodeIgniter.php(498): CodeIgniter\CodeIgniter->createController()
 3 SYSTEMPATH\CodeIgniter.php(354): CodeIgniter\CodeIgniter->handleRequest(null, Object(Config\Cache), false)
 4 SYSTEMPATH\Boot.php(334): CodeIgniter\CodeIgniter->run()
 5 SYSTEMPATH\Boot.php(67): CodeIgniter\Boot::runCodeIgniter(Object(CodeIgniter\CodeIgniter))
 6 FCPATH\index.php(56): CodeIgniter\Boot::bootWeb(Object(Config\Paths))
CRITICAL - 2025-03-24 06:54:41 --> CodeIgniter\View\Exceptions\ViewException: Invalid file: "AdminSys\Views\Category\category.php"
[Method: GET, Route: xccmssys/cate]
in SYSTEMPATH\Exceptions\FrameworkException.php on line 39.
 1 SYSTEMPATH\View\View.php(212): CodeIgniter\Exceptions\FrameworkException::forInvalidFile('AdminSys\\Views\\Category\\category.php')
 2 SYSTEMPATH\Common.php(1173): CodeIgniter\View\View->render('AdminSys\\Views\\Category\\category', [], true)
 3 ROOTPATH\SysAdmin\Controllers\Category.php(26): view('AdminSys\\Views\\Category\\category', [...])
 4 SYSTEMPATH\CodeIgniter.php(933): SysAdmin\Controllers\Category->index()
 5 SYSTEMPATH\CodeIgniter.php(507): CodeIgniter\CodeIgniter->runController(Object(SysAdmin\Controllers\Category))
 6 SYSTEMPATH\CodeIgniter.php(354): CodeIgniter\CodeIgniter->handleRequest(null, Object(Config\Cache), false)
 7 SYSTEMPATH\Boot.php(334): CodeIgniter\CodeIgniter->run()
 8 SYSTEMPATH\Boot.php(67): CodeIgniter\Boot::runCodeIgniter(Object(CodeIgniter\CodeIgniter))
 9 FCPATH\index.php(56): CodeIgniter\Boot::bootWeb(Object(Config\Paths))
DEBUG - 2025-03-24 06:55:51 --> Session: Class initialized using 'CodeIgniter\Session\Handlers\FileHandler' driver.
WARNING - 2025-03-24 06:55:51 --> [DEPRECATED] Creation of dynamic property SysAdmin\Controllers\Category::$session is deprecated in ROOTPATH\SysAdmin\Controllers\BaseController.php on line 51.
 1 ROOTPATH\SysAdmin\Controllers\Category.php(9): SysAdmin\Controllers\BaseController->__construct()
 2 SYSTEMPATH\CodeIgniter.php(903): SysAdmin\Controllers\Category->__construct()
 3 SYSTEMPATH\CodeIgniter.php(498): CodeIgniter\CodeIgniter->createController()
 4 SYSTEMPATH\CodeIgniter.php(354): CodeIgniter\CodeIgniter->handleRequest(null, Object(Config\Cache), false)
 5 SYSTEMPATH\Boot.php(334): CodeIgniter\CodeIgniter->run()
 6 SYSTEMPATH\Boot.php(67): CodeIgniter\Boot::runCodeIgniter(Object(CodeIgniter\CodeIgniter))
 7 FCPATH\index.php(56): CodeIgniter\Boot::bootWeb(Object(Config\Paths))
WARNING - 2025-03-24 06:55:51 --> [DEPRECATED] Creation of dynamic property SysAdmin\Controllers\Category::$encrypter is deprecated in ROOTPATH\SysAdmin\Controllers\BaseController.php on line 52.
 1 ROOTPATH\SysAdmin\Controllers\Category.php(9): SysAdmin\Controllers\BaseController->__construct()
 2 SYSTEMPATH\CodeIgniter.php(903): SysAdmin\Controllers\Category->__construct()
 3 SYSTEMPATH\CodeIgniter.php(498): CodeIgniter\CodeIgniter->createController()
 4 SYSTEMPATH\CodeIgniter.php(354): CodeIgniter\CodeIgniter->handleRequest(null, Object(Config\Cache), false)
 5 SYSTEMPATH\Boot.php(334): CodeIgniter\CodeIgniter->run()
 6 SYSTEMPATH\Boot.php(67): CodeIgniter\Boot::runCodeIgniter(Object(CodeIgniter\CodeIgniter))
 7 FCPATH\index.php(56): CodeIgniter\Boot::bootWeb(Object(Config\Paths))
WARNING - 2025-03-24 06:55:51 --> [DEPRECATED] Creation of dynamic property SysAdmin\Controllers\Category::$nav_mold is deprecated in ROOTPATH\SysAdmin\Controllers\Category.php on line 11.
 1 SYSTEMPATH\CodeIgniter.php(903): SysAdmin\Controllers\Category->__construct()
 2 SYSTEMPATH\CodeIgniter.php(498): CodeIgniter\CodeIgniter->createController()
 3 SYSTEMPATH\CodeIgniter.php(354): CodeIgniter\CodeIgniter->handleRequest(null, Object(Config\Cache), false)
 4 SYSTEMPATH\Boot.php(334): CodeIgniter\CodeIgniter->run()
 5 SYSTEMPATH\Boot.php(67): CodeIgniter\Boot::runCodeIgniter(Object(CodeIgniter\CodeIgniter))
 6 FCPATH\index.php(56): CodeIgniter\Boot::bootWeb(Object(Config\Paths))
WARNING - 2025-03-24 06:55:51 --> [DEPRECATED] Creation of dynamic property SysAdmin\Controllers\Category::$CateModel is deprecated in ROOTPATH\SysAdmin\Controllers\Category.php on line 13.
 1 SYSTEMPATH\CodeIgniter.php(903): SysAdmin\Controllers\Category->__construct()
 2 SYSTEMPATH\CodeIgniter.php(498): CodeIgniter\CodeIgniter->createController()
 3 SYSTEMPATH\CodeIgniter.php(354): CodeIgniter\CodeIgniter->handleRequest(null, Object(Config\Cache), false)
 4 SYSTEMPATH\Boot.php(334): CodeIgniter\CodeIgniter->run()
 5 SYSTEMPATH\Boot.php(67): CodeIgniter\Boot::runCodeIgniter(Object(CodeIgniter\CodeIgniter))
 6 FCPATH\index.php(56): CodeIgniter\Boot::bootWeb(Object(Config\Paths))
DEBUG - 2025-03-24 06:57:16 --> Session: Class initialized using 'CodeIgniter\Session\Handlers\FileHandler' driver.
WARNING - 2025-03-24 06:57:16 --> [DEPRECATED] Creation of dynamic property SysAdmin\Controllers\Category::$session is deprecated in ROOTPATH\SysAdmin\Controllers\BaseController.php on line 51.
 1 ROOTPATH\SysAdmin\Controllers\Category.php(9): SysAdmin\Controllers\BaseController->__construct()
 2 SYSTEMPATH\CodeIgniter.php(903): SysAdmin\Controllers\Category->__construct()
 3 SYSTEMPATH\CodeIgniter.php(498): CodeIgniter\CodeIgniter->createController()
 4 SYSTEMPATH\CodeIgniter.php(354): CodeIgniter\CodeIgniter->handleRequest(null, Object(Config\Cache), false)
 5 SYSTEMPATH\Boot.php(334): CodeIgniter\CodeIgniter->run()
 6 SYSTEMPATH\Boot.php(67): CodeIgniter\Boot::runCodeIgniter(Object(CodeIgniter\CodeIgniter))
 7 FCPATH\index.php(56): CodeIgniter\Boot::bootWeb(Object(Config\Paths))
WARNING - 2025-03-24 06:57:16 --> [DEPRECATED] Creation of dynamic property SysAdmin\Controllers\Category::$encrypter is deprecated in ROOTPATH\SysAdmin\Controllers\BaseController.php on line 52.
 1 ROOTPATH\SysAdmin\Controllers\Category.php(9): SysAdmin\Controllers\BaseController->__construct()
 2 SYSTEMPATH\CodeIgniter.php(903): SysAdmin\Controllers\Category->__construct()
 3 SYSTEMPATH\CodeIgniter.php(498): CodeIgniter\CodeIgniter->createController()
 4 SYSTEMPATH\CodeIgniter.php(354): CodeIgniter\CodeIgniter->handleRequest(null, Object(Config\Cache), false)
 5 SYSTEMPATH\Boot.php(334): CodeIgniter\CodeIgniter->run()
 6 SYSTEMPATH\Boot.php(67): CodeIgniter\Boot::runCodeIgniter(Object(CodeIgniter\CodeIgniter))
 7 FCPATH\index.php(56): CodeIgniter\Boot::bootWeb(Object(Config\Paths))
WARNING - 2025-03-24 06:57:16 --> [DEPRECATED] Creation of dynamic property SysAdmin\Controllers\Category::$nav_mold is deprecated in ROOTPATH\SysAdmin\Controllers\Category.php on line 11.
 1 SYSTEMPATH\CodeIgniter.php(903): SysAdmin\Controllers\Category->__construct()
 2 SYSTEMPATH\CodeIgniter.php(498): CodeIgniter\CodeIgniter->createController()
 3 SYSTEMPATH\CodeIgniter.php(354): CodeIgniter\CodeIgniter->handleRequest(null, Object(Config\Cache), false)
 4 SYSTEMPATH\Boot.php(334): CodeIgniter\CodeIgniter->run()
 5 SYSTEMPATH\Boot.php(67): CodeIgniter\Boot::runCodeIgniter(Object(CodeIgniter\CodeIgniter))
 6 FCPATH\index.php(56): CodeIgniter\Boot::bootWeb(Object(Config\Paths))
WARNING - 2025-03-24 06:57:16 --> [DEPRECATED] Creation of dynamic property SysAdmin\Controllers\Category::$CateModel is deprecated in ROOTPATH\SysAdmin\Controllers\Category.php on line 13.
 1 SYSTEMPATH\CodeIgniter.php(903): SysAdmin\Controllers\Category->__construct()
 2 SYSTEMPATH\CodeIgniter.php(498): CodeIgniter\CodeIgniter->createController()
 3 SYSTEMPATH\CodeIgniter.php(354): CodeIgniter\CodeIgniter->handleRequest(null, Object(Config\Cache), false)
 4 SYSTEMPATH\Boot.php(334): CodeIgniter\CodeIgniter->run()
 5 SYSTEMPATH\Boot.php(67): CodeIgniter\Boot::runCodeIgniter(Object(CodeIgniter\CodeIgniter))
 6 FCPATH\index.php(56): CodeIgniter\Boot::bootWeb(Object(Config\Paths))
DEBUG - 2025-03-24 06:58:36 --> Session: Class initialized using 'CodeIgniter\Session\Handlers\FileHandler' driver.
WARNING - 2025-03-24 06:58:36 --> [DEPRECATED] Creation of dynamic property SysAdmin\Controllers\Category::$session is deprecated in ROOTPATH\SysAdmin\Controllers\BaseController.php on line 51.
 1 ROOTPATH\SysAdmin\Controllers\Category.php(9): SysAdmin\Controllers\BaseController->__construct()
 2 SYSTEMPATH\CodeIgniter.php(903): SysAdmin\Controllers\Category->__construct()
 3 SYSTEMPATH\CodeIgniter.php(498): CodeIgniter\CodeIgniter->createController()
 4 SYSTEMPATH\CodeIgniter.php(354): CodeIgniter\CodeIgniter->handleRequest(null, Object(Config\Cache), false)
 5 SYSTEMPATH\Boot.php(334): CodeIgniter\CodeIgniter->run()
 6 SYSTEMPATH\Boot.php(67): CodeIgniter\Boot::runCodeIgniter(Object(CodeIgniter\CodeIgniter))
 7 FCPATH\index.php(56): CodeIgniter\Boot::bootWeb(Object(Config\Paths))
WARNING - 2025-03-24 06:58:36 --> [DEPRECATED] Creation of dynamic property SysAdmin\Controllers\Category::$encrypter is deprecated in ROOTPATH\SysAdmin\Controllers\BaseController.php on line 52.
 1 ROOTPATH\SysAdmin\Controllers\Category.php(9): SysAdmin\Controllers\BaseController->__construct()
 2 SYSTEMPATH\CodeIgniter.php(903): SysAdmin\Controllers\Category->__construct()
 3 SYSTEMPATH\CodeIgniter.php(498): CodeIgniter\CodeIgniter->createController()
 4 SYSTEMPATH\CodeIgniter.php(354): CodeIgniter\CodeIgniter->handleRequest(null, Object(Config\Cache), false)
 5 SYSTEMPATH\Boot.php(334): CodeIgniter\CodeIgniter->run()
 6 SYSTEMPATH\Boot.php(67): CodeIgniter\Boot::runCodeIgniter(Object(CodeIgniter\CodeIgniter))
 7 FCPATH\index.php(56): CodeIgniter\Boot::bootWeb(Object(Config\Paths))
WARNING - 2025-03-24 06:58:36 --> [DEPRECATED] Creation of dynamic property SysAdmin\Controllers\Category::$nav_mold is deprecated in ROOTPATH\SysAdmin\Controllers\Category.php on line 10.
 1 SYSTEMPATH\CodeIgniter.php(903): SysAdmin\Controllers\Category->__construct()
 2 SYSTEMPATH\CodeIgniter.php(498): CodeIgniter\CodeIgniter->createController()
 3 SYSTEMPATH\CodeIgniter.php(354): CodeIgniter\CodeIgniter->handleRequest(null, Object(Config\Cache), false)
 4 SYSTEMPATH\Boot.php(334): CodeIgniter\CodeIgniter->run()
 5 SYSTEMPATH\Boot.php(67): CodeIgniter\Boot::runCodeIgniter(Object(CodeIgniter\CodeIgniter))
 6 FCPATH\index.php(56): CodeIgniter\Boot::bootWeb(Object(Config\Paths))
WARNING - 2025-03-24 06:58:36 --> [DEPRECATED] Creation of dynamic property SysAdmin\Controllers\Category::$CateModel is deprecated in ROOTPATH\SysAdmin\Controllers\Category.php on line 22.
 1 SYSTEMPATH\CodeIgniter.php(903): SysAdmin\Controllers\Category->__construct()
 2 SYSTEMPATH\CodeIgniter.php(498): CodeIgniter\CodeIgniter->createController()
 3 SYSTEMPATH\CodeIgniter.php(354): CodeIgniter\CodeIgniter->handleRequest(null, Object(Config\Cache), false)
 4 SYSTEMPATH\Boot.php(334): CodeIgniter\CodeIgniter->run()
 5 SYSTEMPATH\Boot.php(67): CodeIgniter\Boot::runCodeIgniter(Object(CodeIgniter\CodeIgniter))
 6 FCPATH\index.php(56): CodeIgniter\Boot::bootWeb(Object(Config\Paths))
DEBUG - 2025-03-24 06:58:44 --> Session: Class initialized using 'CodeIgniter\Session\Handlers\FileHandler' driver.
WARNING - 2025-03-24 06:58:44 --> [DEPRECATED] Creation of dynamic property SysAdmin\Controllers\Category::$session is deprecated in ROOTPATH\SysAdmin\Controllers\BaseController.php on line 51.
 1 ROOTPATH\SysAdmin\Controllers\Category.php(9): SysAdmin\Controllers\BaseController->__construct()
 2 SYSTEMPATH\CodeIgniter.php(903): SysAdmin\Controllers\Category->__construct()
 3 SYSTEMPATH\CodeIgniter.php(498): CodeIgniter\CodeIgniter->createController()
 4 SYSTEMPATH\CodeIgniter.php(354): CodeIgniter\CodeIgniter->handleRequest(null, Object(Config\Cache), false)
 5 SYSTEMPATH\Boot.php(334): CodeIgniter\CodeIgniter->run()
 6 SYSTEMPATH\Boot.php(67): CodeIgniter\Boot::runCodeIgniter(Object(CodeIgniter\CodeIgniter))
 7 FCPATH\index.php(56): CodeIgniter\Boot::bootWeb(Object(Config\Paths))
WARNING - 2025-03-24 06:58:44 --> [DEPRECATED] Creation of dynamic property SysAdmin\Controllers\Category::$encrypter is deprecated in ROOTPATH\SysAdmin\Controllers\BaseController.php on line 52.
 1 ROOTPATH\SysAdmin\Controllers\Category.php(9): SysAdmin\Controllers\BaseController->__construct()
 2 SYSTEMPATH\CodeIgniter.php(903): SysAdmin\Controllers\Category->__construct()
 3 SYSTEMPATH\CodeIgniter.php(498): CodeIgniter\CodeIgniter->createController()
 4 SYSTEMPATH\CodeIgniter.php(354): CodeIgniter\CodeIgniter->handleRequest(null, Object(Config\Cache), false)
 5 SYSTEMPATH\Boot.php(334): CodeIgniter\CodeIgniter->run()
 6 SYSTEMPATH\Boot.php(67): CodeIgniter\Boot::runCodeIgniter(Object(CodeIgniter\CodeIgniter))
 7 FCPATH\index.php(56): CodeIgniter\Boot::bootWeb(Object(Config\Paths))
WARNING - 2025-03-24 06:58:44 --> [DEPRECATED] Creation of dynamic property SysAdmin\Controllers\Category::$nav_mold is deprecated in ROOTPATH\SysAdmin\Controllers\Category.php on line 10.
 1 SYSTEMPATH\CodeIgniter.php(903): SysAdmin\Controllers\Category->__construct()
 2 SYSTEMPATH\CodeIgniter.php(498): CodeIgniter\CodeIgniter->createController()
 3 SYSTEMPATH\CodeIgniter.php(354): CodeIgniter\CodeIgniter->handleRequest(null, Object(Config\Cache), false)
 4 SYSTEMPATH\Boot.php(334): CodeIgniter\CodeIgniter->run()
 5 SYSTEMPATH\Boot.php(67): CodeIgniter\Boot::runCodeIgniter(Object(CodeIgniter\CodeIgniter))
 6 FCPATH\index.php(56): CodeIgniter\Boot::bootWeb(Object(Config\Paths))
WARNING - 2025-03-24 06:58:44 --> [DEPRECATED] Creation of dynamic property SysAdmin\Controllers\Category::$CateModel is deprecated in ROOTPATH\SysAdmin\Controllers\Category.php on line 22.
 1 SYSTEMPATH\CodeIgniter.php(903): SysAdmin\Controllers\Category->__construct()
 2 SYSTEMPATH\CodeIgniter.php(498): CodeIgniter\CodeIgniter->createController()
 3 SYSTEMPATH\CodeIgniter.php(354): CodeIgniter\CodeIgniter->handleRequest(null, Object(Config\Cache), false)
 4 SYSTEMPATH\Boot.php(334): CodeIgniter\CodeIgniter->run()
 5 SYSTEMPATH\Boot.php(67): CodeIgniter\Boot::runCodeIgniter(Object(CodeIgniter\CodeIgniter))
 6 FCPATH\index.php(56): CodeIgniter\Boot::bootWeb(Object(Config\Paths))
DEBUG - 2025-03-24 06:59:43 --> Session: Class initialized using 'CodeIgniter\Session\Handlers\FileHandler' driver.
WARNING - 2025-03-24 06:59:43 --> [DEPRECATED] Creation of dynamic property SysAdmin\Controllers\Category::$session is deprecated in ROOTPATH\SysAdmin\Controllers\BaseController.php on line 51.
 1 ROOTPATH\SysAdmin\Controllers\Category.php(9): SysAdmin\Controllers\BaseController->__construct()
 2 SYSTEMPATH\CodeIgniter.php(903): SysAdmin\Controllers\Category->__construct()
 3 SYSTEMPATH\CodeIgniter.php(498): CodeIgniter\CodeIgniter->createController()
 4 SYSTEMPATH\CodeIgniter.php(354): CodeIgniter\CodeIgniter->handleRequest(null, Object(Config\Cache), false)
 5 SYSTEMPATH\Boot.php(334): CodeIgniter\CodeIgniter->run()
 6 SYSTEMPATH\Boot.php(67): CodeIgniter\Boot::runCodeIgniter(Object(CodeIgniter\CodeIgniter))
 7 FCPATH\index.php(56): CodeIgniter\Boot::bootWeb(Object(Config\Paths))
WARNING - 2025-03-24 06:59:43 --> [DEPRECATED] Creation of dynamic property SysAdmin\Controllers\Category::$encrypter is deprecated in ROOTPATH\SysAdmin\Controllers\BaseController.php on line 52.
 1 ROOTPATH\SysAdmin\Controllers\Category.php(9): SysAdmin\Controllers\BaseController->__construct()
 2 SYSTEMPATH\CodeIgniter.php(903): SysAdmin\Controllers\Category->__construct()
 3 SYSTEMPATH\CodeIgniter.php(498): CodeIgniter\CodeIgniter->createController()
 4 SYSTEMPATH\CodeIgniter.php(354): CodeIgniter\CodeIgniter->handleRequest(null, Object(Config\Cache), false)
 5 SYSTEMPATH\Boot.php(334): CodeIgniter\CodeIgniter->run()
 6 SYSTEMPATH\Boot.php(67): CodeIgniter\Boot::runCodeIgniter(Object(CodeIgniter\CodeIgniter))
 7 FCPATH\index.php(56): CodeIgniter\Boot::bootWeb(Object(Config\Paths))
WARNING - 2025-03-24 06:59:43 --> [DEPRECATED] Creation of dynamic property SysAdmin\Controllers\Category::$nav_mold is deprecated in ROOTPATH\SysAdmin\Controllers\Category.php on line 10.
 1 SYSTEMPATH\CodeIgniter.php(903): SysAdmin\Controllers\Category->__construct()
 2 SYSTEMPATH\CodeIgniter.php(498): CodeIgniter\CodeIgniter->createController()
 3 SYSTEMPATH\CodeIgniter.php(354): CodeIgniter\CodeIgniter->handleRequest(null, Object(Config\Cache), false)
 4 SYSTEMPATH\Boot.php(334): CodeIgniter\CodeIgniter->run()
 5 SYSTEMPATH\Boot.php(67): CodeIgniter\Boot::runCodeIgniter(Object(CodeIgniter\CodeIgniter))
 6 FCPATH\index.php(56): CodeIgniter\Boot::bootWeb(Object(Config\Paths))
WARNING - 2025-03-24 06:59:43 --> [DEPRECATED] Creation of dynamic property SysAdmin\Controllers\Category::$CateModel is deprecated in ROOTPATH\SysAdmin\Controllers\Category.php on line 22.
 1 SYSTEMPATH\CodeIgniter.php(903): SysAdmin\Controllers\Category->__construct()
 2 SYSTEMPATH\CodeIgniter.php(498): CodeIgniter\CodeIgniter->createController()
 3 SYSTEMPATH\CodeIgniter.php(354): CodeIgniter\CodeIgniter->handleRequest(null, Object(Config\Cache), false)
 4 SYSTEMPATH\Boot.php(334): CodeIgniter\CodeIgniter->run()
 5 SYSTEMPATH\Boot.php(67): CodeIgniter\Boot::runCodeIgniter(Object(CodeIgniter\CodeIgniter))
 6 FCPATH\index.php(56): CodeIgniter\Boot::bootWeb(Object(Config\Paths))
DEBUG - 2025-03-24 06:59:47 --> Session: Class initialized using 'CodeIgniter\Session\Handlers\FileHandler' driver.
WARNING - 2025-03-24 06:59:47 --> [DEPRECATED] Creation of dynamic property SysAdmin\Controllers\Category::$session is deprecated in ROOTPATH\SysAdmin\Controllers\BaseController.php on line 51.
 1 ROOTPATH\SysAdmin\Controllers\Category.php(9): SysAdmin\Controllers\BaseController->__construct()
 2 SYSTEMPATH\CodeIgniter.php(903): SysAdmin\Controllers\Category->__construct()
 3 SYSTEMPATH\CodeIgniter.php(498): CodeIgniter\CodeIgniter->createController()
 4 SYSTEMPATH\CodeIgniter.php(354): CodeIgniter\CodeIgniter->handleRequest(null, Object(Config\Cache), false)
 5 SYSTEMPATH\Boot.php(334): CodeIgniter\CodeIgniter->run()
 6 SYSTEMPATH\Boot.php(67): CodeIgniter\Boot::runCodeIgniter(Object(CodeIgniter\CodeIgniter))
 7 FCPATH\index.php(56): CodeIgniter\Boot::bootWeb(Object(Config\Paths))
WARNING - 2025-03-24 06:59:47 --> [DEPRECATED] Creation of dynamic property SysAdmin\Controllers\Category::$encrypter is deprecated in ROOTPATH\SysAdmin\Controllers\BaseController.php on line 52.
 1 ROOTPATH\SysAdmin\Controllers\Category.php(9): SysAdmin\Controllers\BaseController->__construct()
 2 SYSTEMPATH\CodeIgniter.php(903): SysAdmin\Controllers\Category->__construct()
 3 SYSTEMPATH\CodeIgniter.php(498): CodeIgniter\CodeIgniter->createController()
 4 SYSTEMPATH\CodeIgniter.php(354): CodeIgniter\CodeIgniter->handleRequest(null, Object(Config\Cache), false)
 5 SYSTEMPATH\Boot.php(334): CodeIgniter\CodeIgniter->run()
 6 SYSTEMPATH\Boot.php(67): CodeIgniter\Boot::runCodeIgniter(Object(CodeIgniter\CodeIgniter))
 7 FCPATH\index.php(56): CodeIgniter\Boot::bootWeb(Object(Config\Paths))
WARNING - 2025-03-24 06:59:47 --> [DEPRECATED] Creation of dynamic property SysAdmin\Controllers\Category::$nav_mold is deprecated in ROOTPATH\SysAdmin\Controllers\Category.php on line 10.
 1 SYSTEMPATH\CodeIgniter.php(903): SysAdmin\Controllers\Category->__construct()
 2 SYSTEMPATH\CodeIgniter.php(498): CodeIgniter\CodeIgniter->createController()
 3 SYSTEMPATH\CodeIgniter.php(354): CodeIgniter\CodeIgniter->handleRequest(null, Object(Config\Cache), false)
 4 SYSTEMPATH\Boot.php(334): CodeIgniter\CodeIgniter->run()
 5 SYSTEMPATH\Boot.php(67): CodeIgniter\Boot::runCodeIgniter(Object(CodeIgniter\CodeIgniter))
 6 FCPATH\index.php(56): CodeIgniter\Boot::bootWeb(Object(Config\Paths))
WARNING - 2025-03-24 06:59:47 --> [DEPRECATED] Creation of dynamic property SysAdmin\Controllers\Category::$CateModel is deprecated in ROOTPATH\SysAdmin\Controllers\Category.php on line 22.
 1 SYSTEMPATH\CodeIgniter.php(903): SysAdmin\Controllers\Category->__construct()
 2 SYSTEMPATH\CodeIgniter.php(498): CodeIgniter\CodeIgniter->createController()
 3 SYSTEMPATH\CodeIgniter.php(354): CodeIgniter\CodeIgniter->handleRequest(null, Object(Config\Cache), false)
 4 SYSTEMPATH\Boot.php(334): CodeIgniter\CodeIgniter->run()
 5 SYSTEMPATH\Boot.php(67): CodeIgniter\Boot::runCodeIgniter(Object(CodeIgniter\CodeIgniter))
 6 FCPATH\index.php(56): CodeIgniter\Boot::bootWeb(Object(Config\Paths))
DEBUG - 2025-03-24 07:37:54 --> Session: Class initialized using 'CodeIgniter\Session\Handlers\FileHandler' driver.
WARNING - 2025-03-24 07:37:54 --> [DEPRECATED] Creation of dynamic property SysAdmin\Controllers\Category::$session is deprecated in ROOTPATH\SysAdmin\Controllers\BaseController.php on line 51.
 1 ROOTPATH\SysAdmin\Controllers\Category.php(9): SysAdmin\Controllers\BaseController->__construct()
 2 SYSTEMPATH\CodeIgniter.php(903): SysAdmin\Controllers\Category->__construct()
 3 SYSTEMPATH\CodeIgniter.php(498): CodeIgniter\CodeIgniter->createController()
 4 SYSTEMPATH\CodeIgniter.php(354): CodeIgniter\CodeIgniter->handleRequest(null, Object(Config\Cache), false)
 5 SYSTEMPATH\Boot.php(334): CodeIgniter\CodeIgniter->run()
 6 SYSTEMPATH\Boot.php(67): CodeIgniter\Boot::runCodeIgniter(Object(CodeIgniter\CodeIgniter))
 7 FCPATH\index.php(56): CodeIgniter\Boot::bootWeb(Object(Config\Paths))
WARNING - 2025-03-24 07:37:54 --> [DEPRECATED] Creation of dynamic property SysAdmin\Controllers\Category::$encrypter is deprecated in ROOTPATH\SysAdmin\Controllers\BaseController.php on line 52.
 1 ROOTPATH\SysAdmin\Controllers\Category.php(9): SysAdmin\Controllers\BaseController->__construct()
 2 SYSTEMPATH\CodeIgniter.php(903): SysAdmin\Controllers\Category->__construct()
 3 SYSTEMPATH\CodeIgniter.php(498): CodeIgniter\CodeIgniter->createController()
 4 SYSTEMPATH\CodeIgniter.php(354): CodeIgniter\CodeIgniter->handleRequest(null, Object(Config\Cache), false)
 5 SYSTEMPATH\Boot.php(334): CodeIgniter\CodeIgniter->run()
 6 SYSTEMPATH\Boot.php(67): CodeIgniter\Boot::runCodeIgniter(Object(CodeIgniter\CodeIgniter))
 7 FCPATH\index.php(56): CodeIgniter\Boot::bootWeb(Object(Config\Paths))
WARNING - 2025-03-24 07:37:54 --> [DEPRECATED] Creation of dynamic property SysAdmin\Controllers\Category::$nav_mold is deprecated in ROOTPATH\SysAdmin\Controllers\Category.php on line 10.
 1 SYSTEMPATH\CodeIgniter.php(903): SysAdmin\Controllers\Category->__construct()
 2 SYSTEMPATH\CodeIgniter.php(498): CodeIgniter\CodeIgniter->createController()
 3 SYSTEMPATH\CodeIgniter.php(354): CodeIgniter\CodeIgniter->handleRequest(null, Object(Config\Cache), false)
 4 SYSTEMPATH\Boot.php(334): CodeIgniter\CodeIgniter->run()
 5 SYSTEMPATH\Boot.php(67): CodeIgniter\Boot::runCodeIgniter(Object(CodeIgniter\CodeIgniter))
 6 FCPATH\index.php(56): CodeIgniter\Boot::bootWeb(Object(Config\Paths))
WARNING - 2025-03-24 07:37:54 --> [DEPRECATED] Creation of dynamic property SysAdmin\Controllers\Category::$CateModel is deprecated in ROOTPATH\SysAdmin\Controllers\Category.php on line 22.
 1 SYSTEMPATH\CodeIgniter.php(903): SysAdmin\Controllers\Category->__construct()
 2 SYSTEMPATH\CodeIgniter.php(498): CodeIgniter\CodeIgniter->createController()
 3 SYSTEMPATH\CodeIgniter.php(354): CodeIgniter\CodeIgniter->handleRequest(null, Object(Config\Cache), false)
 4 SYSTEMPATH\Boot.php(334): CodeIgniter\CodeIgniter->run()
 5 SYSTEMPATH\Boot.php(67): CodeIgniter\Boot::runCodeIgniter(Object(CodeIgniter\CodeIgniter))
 6 FCPATH\index.php(56): CodeIgniter\Boot::bootWeb(Object(Config\Paths))
DEBUG - 2025-03-24 07:37:59 --> Session: Class initialized using 'CodeIgniter\Session\Handlers\FileHandler' driver.
WARNING - 2025-03-24 07:37:59 --> [DEPRECATED] Creation of dynamic property SysAdmin\Controllers\Category::$session is deprecated in ROOTPATH\SysAdmin\Controllers\BaseController.php on line 51.
 1 ROOTPATH\SysAdmin\Controllers\Category.php(9): SysAdmin\Controllers\BaseController->__construct()
 2 SYSTEMPATH\CodeIgniter.php(903): SysAdmin\Controllers\Category->__construct()
 3 SYSTEMPATH\CodeIgniter.php(498): CodeIgniter\CodeIgniter->createController()
 4 SYSTEMPATH\CodeIgniter.php(354): CodeIgniter\CodeIgniter->handleRequest(null, Object(Config\Cache), false)
 5 SYSTEMPATH\Boot.php(334): CodeIgniter\CodeIgniter->run()
 6 SYSTEMPATH\Boot.php(67): CodeIgniter\Boot::runCodeIgniter(Object(CodeIgniter\CodeIgniter))
 7 FCPATH\index.php(56): CodeIgniter\Boot::bootWeb(Object(Config\Paths))
WARNING - 2025-03-24 07:37:59 --> [DEPRECATED] Creation of dynamic property SysAdmin\Controllers\Category::$encrypter is deprecated in ROOTPATH\SysAdmin\Controllers\BaseController.php on line 52.
 1 ROOTPATH\SysAdmin\Controllers\Category.php(9): SysAdmin\Controllers\BaseController->__construct()
 2 SYSTEMPATH\CodeIgniter.php(903): SysAdmin\Controllers\Category->__construct()
 3 SYSTEMPATH\CodeIgniter.php(498): CodeIgniter\CodeIgniter->createController()
 4 SYSTEMPATH\CodeIgniter.php(354): CodeIgniter\CodeIgniter->handleRequest(null, Object(Config\Cache), false)
 5 SYSTEMPATH\Boot.php(334): CodeIgniter\CodeIgniter->run()
 6 SYSTEMPATH\Boot.php(67): CodeIgniter\Boot::runCodeIgniter(Object(CodeIgniter\CodeIgniter))
 7 FCPATH\index.php(56): CodeIgniter\Boot::bootWeb(Object(Config\Paths))
WARNING - 2025-03-24 07:37:59 --> [DEPRECATED] Creation of dynamic property SysAdmin\Controllers\Category::$nav_mold is deprecated in ROOTPATH\SysAdmin\Controllers\Category.php on line 10.
 1 SYSTEMPATH\CodeIgniter.php(903): SysAdmin\Controllers\Category->__construct()
 2 SYSTEMPATH\CodeIgniter.php(498): CodeIgniter\CodeIgniter->createController()
 3 SYSTEMPATH\CodeIgniter.php(354): CodeIgniter\CodeIgniter->handleRequest(null, Object(Config\Cache), false)
 4 SYSTEMPATH\Boot.php(334): CodeIgniter\CodeIgniter->run()
 5 SYSTEMPATH\Boot.php(67): CodeIgniter\Boot::runCodeIgniter(Object(CodeIgniter\CodeIgniter))
 6 FCPATH\index.php(56): CodeIgniter\Boot::bootWeb(Object(Config\Paths))
WARNING - 2025-03-24 07:37:59 --> [DEPRECATED] Creation of dynamic property SysAdmin\Controllers\Category::$CateModel is deprecated in ROOTPATH\SysAdmin\Controllers\Category.php on line 22.
 1 SYSTEMPATH\CodeIgniter.php(903): SysAdmin\Controllers\Category->__construct()
 2 SYSTEMPATH\CodeIgniter.php(498): CodeIgniter\CodeIgniter->createController()
 3 SYSTEMPATH\CodeIgniter.php(354): CodeIgniter\CodeIgniter->handleRequest(null, Object(Config\Cache), false)
 4 SYSTEMPATH\Boot.php(334): CodeIgniter\CodeIgniter->run()
 5 SYSTEMPATH\Boot.php(67): CodeIgniter\Boot::runCodeIgniter(Object(CodeIgniter\CodeIgniter))
 6 FCPATH\index.php(56): CodeIgniter\Boot::bootWeb(Object(Config\Paths))
DEBUG - 2025-03-24 07:39:18 --> Session: Class initialized using 'CodeIgniter\Session\Handlers\FileHandler' driver.
WARNING - 2025-03-24 07:39:18 --> [DEPRECATED] Creation of dynamic property SysAdmin\Controllers\Category::$session is deprecated in ROOTPATH\SysAdmin\Controllers\BaseController.php on line 51.
 1 ROOTPATH\SysAdmin\Controllers\Category.php(9): SysAdmin\Controllers\BaseController->__construct()
 2 SYSTEMPATH\CodeIgniter.php(903): SysAdmin\Controllers\Category->__construct()
 3 SYSTEMPATH\CodeIgniter.php(498): CodeIgniter\CodeIgniter->createController()
 4 SYSTEMPATH\CodeIgniter.php(354): CodeIgniter\CodeIgniter->handleRequest(null, Object(Config\Cache), false)
 5 SYSTEMPATH\Boot.php(334): CodeIgniter\CodeIgniter->run()
 6 SYSTEMPATH\Boot.php(67): CodeIgniter\Boot::runCodeIgniter(Object(CodeIgniter\CodeIgniter))
 7 FCPATH\index.php(56): CodeIgniter\Boot::bootWeb(Object(Config\Paths))
WARNING - 2025-03-24 07:39:18 --> [DEPRECATED] Creation of dynamic property SysAdmin\Controllers\Category::$encrypter is deprecated in ROOTPATH\SysAdmin\Controllers\BaseController.php on line 52.
 1 ROOTPATH\SysAdmin\Controllers\Category.php(9): SysAdmin\Controllers\BaseController->__construct()
 2 SYSTEMPATH\CodeIgniter.php(903): SysAdmin\Controllers\Category->__construct()
 3 SYSTEMPATH\CodeIgniter.php(498): CodeIgniter\CodeIgniter->createController()
 4 SYSTEMPATH\CodeIgniter.php(354): CodeIgniter\CodeIgniter->handleRequest(null, Object(Config\Cache), false)
 5 SYSTEMPATH\Boot.php(334): CodeIgniter\CodeIgniter->run()
 6 SYSTEMPATH\Boot.php(67): CodeIgniter\Boot::runCodeIgniter(Object(CodeIgniter\CodeIgniter))
 7 FCPATH\index.php(56): CodeIgniter\Boot::bootWeb(Object(Config\Paths))
WARNING - 2025-03-24 07:39:18 --> [DEPRECATED] Creation of dynamic property SysAdmin\Controllers\Category::$nav_mold is deprecated in ROOTPATH\SysAdmin\Controllers\Category.php on line 10.
 1 SYSTEMPATH\CodeIgniter.php(903): SysAdmin\Controllers\Category->__construct()
 2 SYSTEMPATH\CodeIgniter.php(498): CodeIgniter\CodeIgniter->createController()
 3 SYSTEMPATH\CodeIgniter.php(354): CodeIgniter\CodeIgniter->handleRequest(null, Object(Config\Cache), false)
 4 SYSTEMPATH\Boot.php(334): CodeIgniter\CodeIgniter->run()
 5 SYSTEMPATH\Boot.php(67): CodeIgniter\Boot::runCodeIgniter(Object(CodeIgniter\CodeIgniter))
 6 FCPATH\index.php(56): CodeIgniter\Boot::bootWeb(Object(Config\Paths))
WARNING - 2025-03-24 07:39:18 --> [DEPRECATED] Creation of dynamic property SysAdmin\Controllers\Category::$CateModel is deprecated in ROOTPATH\SysAdmin\Controllers\Category.php on line 22.
 1 SYSTEMPATH\CodeIgniter.php(903): SysAdmin\Controllers\Category->__construct()
 2 SYSTEMPATH\CodeIgniter.php(498): CodeIgniter\CodeIgniter->createController()
 3 SYSTEMPATH\CodeIgniter.php(354): CodeIgniter\CodeIgniter->handleRequest(null, Object(Config\Cache), false)
 4 SYSTEMPATH\Boot.php(334): CodeIgniter\CodeIgniter->run()
 5 SYSTEMPATH\Boot.php(67): CodeIgniter\Boot::runCodeIgniter(Object(CodeIgniter\CodeIgniter))
 6 FCPATH\index.php(56): CodeIgniter\Boot::bootWeb(Object(Config\Paths))
DEBUG - 2025-03-24 07:39:24 --> Session: Class initialized using 'CodeIgniter\Session\Handlers\FileHandler' driver.
WARNING - 2025-03-24 07:39:24 --> [DEPRECATED] Creation of dynamic property SysAdmin\Controllers\Category::$session is deprecated in ROOTPATH\SysAdmin\Controllers\BaseController.php on line 51.
 1 ROOTPATH\SysAdmin\Controllers\Category.php(9): SysAdmin\Controllers\BaseController->__construct()
 2 SYSTEMPATH\CodeIgniter.php(903): SysAdmin\Controllers\Category->__construct()
 3 SYSTEMPATH\CodeIgniter.php(498): CodeIgniter\CodeIgniter->createController()
 4 SYSTEMPATH\CodeIgniter.php(354): CodeIgniter\CodeIgniter->handleRequest(null, Object(Config\Cache), false)
 5 SYSTEMPATH\Boot.php(334): CodeIgniter\CodeIgniter->run()
 6 SYSTEMPATH\Boot.php(67): CodeIgniter\Boot::runCodeIgniter(Object(CodeIgniter\CodeIgniter))
 7 FCPATH\index.php(56): CodeIgniter\Boot::bootWeb(Object(Config\Paths))
WARNING - 2025-03-24 07:39:24 --> [DEPRECATED] Creation of dynamic property SysAdmin\Controllers\Category::$encrypter is deprecated in ROOTPATH\SysAdmin\Controllers\BaseController.php on line 52.
 1 ROOTPATH\SysAdmin\Controllers\Category.php(9): SysAdmin\Controllers\BaseController->__construct()
 2 SYSTEMPATH\CodeIgniter.php(903): SysAdmin\Controllers\Category->__construct()
 3 SYSTEMPATH\CodeIgniter.php(498): CodeIgniter\CodeIgniter->createController()
 4 SYSTEMPATH\CodeIgniter.php(354): CodeIgniter\CodeIgniter->handleRequest(null, Object(Config\Cache), false)
 5 SYSTEMPATH\Boot.php(334): CodeIgniter\CodeIgniter->run()
 6 SYSTEMPATH\Boot.php(67): CodeIgniter\Boot::runCodeIgniter(Object(CodeIgniter\CodeIgniter))
 7 FCPATH\index.php(56): CodeIgniter\Boot::bootWeb(Object(Config\Paths))
WARNING - 2025-03-24 07:39:24 --> [DEPRECATED] Creation of dynamic property SysAdmin\Controllers\Category::$nav_mold is deprecated in ROOTPATH\SysAdmin\Controllers\Category.php on line 10.
 1 SYSTEMPATH\CodeIgniter.php(903): SysAdmin\Controllers\Category->__construct()
 2 SYSTEMPATH\CodeIgniter.php(498): CodeIgniter\CodeIgniter->createController()
 3 SYSTEMPATH\CodeIgniter.php(354): CodeIgniter\CodeIgniter->handleRequest(null, Object(Config\Cache), false)
 4 SYSTEMPATH\Boot.php(334): CodeIgniter\CodeIgniter->run()
 5 SYSTEMPATH\Boot.php(67): CodeIgniter\Boot::runCodeIgniter(Object(CodeIgniter\CodeIgniter))
 6 FCPATH\index.php(56): CodeIgniter\Boot::bootWeb(Object(Config\Paths))
WARNING - 2025-03-24 07:39:24 --> [DEPRECATED] Creation of dynamic property SysAdmin\Controllers\Category::$CateModel is deprecated in ROOTPATH\SysAdmin\Controllers\Category.php on line 22.
 1 SYSTEMPATH\CodeIgniter.php(903): SysAdmin\Controllers\Category->__construct()
 2 SYSTEMPATH\CodeIgniter.php(498): CodeIgniter\CodeIgniter->createController()
 3 SYSTEMPATH\CodeIgniter.php(354): CodeIgniter\CodeIgniter->handleRequest(null, Object(Config\Cache), false)
 4 SYSTEMPATH\Boot.php(334): CodeIgniter\CodeIgniter->run()
 5 SYSTEMPATH\Boot.php(67): CodeIgniter\Boot::runCodeIgniter(Object(CodeIgniter\CodeIgniter))
 6 FCPATH\index.php(56): CodeIgniter\Boot::bootWeb(Object(Config\Paths))
DEBUG - 2025-03-24 07:40:22 --> Session: Class initialized using 'CodeIgniter\Session\Handlers\FileHandler' driver.
WARNING - 2025-03-24 07:40:22 --> [DEPRECATED] Creation of dynamic property SysAdmin\Controllers\Category::$session is deprecated in ROOTPATH\SysAdmin\Controllers\BaseController.php on line 51.
 1 ROOTPATH\SysAdmin\Controllers\Category.php(9): SysAdmin\Controllers\BaseController->__construct()
 2 SYSTEMPATH\CodeIgniter.php(903): SysAdmin\Controllers\Category->__construct()
 3 SYSTEMPATH\CodeIgniter.php(498): CodeIgniter\CodeIgniter->createController()
 4 SYSTEMPATH\CodeIgniter.php(354): CodeIgniter\CodeIgniter->handleRequest(null, Object(Config\Cache), false)
 5 SYSTEMPATH\Boot.php(334): CodeIgniter\CodeIgniter->run()
 6 SYSTEMPATH\Boot.php(67): CodeIgniter\Boot::runCodeIgniter(Object(CodeIgniter\CodeIgniter))
 7 FCPATH\index.php(56): CodeIgniter\Boot::bootWeb(Object(Config\Paths))
WARNING - 2025-03-24 07:40:22 --> [DEPRECATED] Creation of dynamic property SysAdmin\Controllers\Category::$encrypter is deprecated in ROOTPATH\SysAdmin\Controllers\BaseController.php on line 52.
 1 ROOTPATH\SysAdmin\Controllers\Category.php(9): SysAdmin\Controllers\BaseController->__construct()
 2 SYSTEMPATH\CodeIgniter.php(903): SysAdmin\Controllers\Category->__construct()
 3 SYSTEMPATH\CodeIgniter.php(498): CodeIgniter\CodeIgniter->createController()
 4 SYSTEMPATH\CodeIgniter.php(354): CodeIgniter\CodeIgniter->handleRequest(null, Object(Config\Cache), false)
 5 SYSTEMPATH\Boot.php(334): CodeIgniter\CodeIgniter->run()
 6 SYSTEMPATH\Boot.php(67): CodeIgniter\Boot::runCodeIgniter(Object(CodeIgniter\CodeIgniter))
 7 FCPATH\index.php(56): CodeIgniter\Boot::bootWeb(Object(Config\Paths))
WARNING - 2025-03-24 07:40:22 --> [DEPRECATED] Creation of dynamic property SysAdmin\Controllers\Category::$nav_mold is deprecated in ROOTPATH\SysAdmin\Controllers\Category.php on line 10.
 1 SYSTEMPATH\CodeIgniter.php(903): SysAdmin\Controllers\Category->__construct()
 2 SYSTEMPATH\CodeIgniter.php(498): CodeIgniter\CodeIgniter->createController()
 3 SYSTEMPATH\CodeIgniter.php(354): CodeIgniter\CodeIgniter->handleRequest(null, Object(Config\Cache), false)
 4 SYSTEMPATH\Boot.php(334): CodeIgniter\CodeIgniter->run()
 5 SYSTEMPATH\Boot.php(67): CodeIgniter\Boot::runCodeIgniter(Object(CodeIgniter\CodeIgniter))
 6 FCPATH\index.php(56): CodeIgniter\Boot::bootWeb(Object(Config\Paths))
WARNING - 2025-03-24 07:40:22 --> [DEPRECATED] Creation of dynamic property SysAdmin\Controllers\Category::$CateModel is deprecated in ROOTPATH\SysAdmin\Controllers\Category.php on line 22.
 1 SYSTEMPATH\CodeIgniter.php(903): SysAdmin\Controllers\Category->__construct()
 2 SYSTEMPATH\CodeIgniter.php(498): CodeIgniter\CodeIgniter->createController()
 3 SYSTEMPATH\CodeIgniter.php(354): CodeIgniter\CodeIgniter->handleRequest(null, Object(Config\Cache), false)
 4 SYSTEMPATH\Boot.php(334): CodeIgniter\CodeIgniter->run()
 5 SYSTEMPATH\Boot.php(67): CodeIgniter\Boot::runCodeIgniter(Object(CodeIgniter\CodeIgniter))
 6 FCPATH\index.php(56): CodeIgniter\Boot::bootWeb(Object(Config\Paths))
DEBUG - 2025-03-24 07:40:24 --> Session: Class initialized using 'CodeIgniter\Session\Handlers\FileHandler' driver.
WARNING - 2025-03-24 07:40:24 --> [DEPRECATED] Creation of dynamic property SysAdmin\Controllers\Category::$session is deprecated in ROOTPATH\SysAdmin\Controllers\BaseController.php on line 51.
 1 ROOTPATH\SysAdmin\Controllers\Category.php(9): SysAdmin\Controllers\BaseController->__construct()
 2 SYSTEMPATH\CodeIgniter.php(903): SysAdmin\Controllers\Category->__construct()
 3 SYSTEMPATH\CodeIgniter.php(498): CodeIgniter\CodeIgniter->createController()
 4 SYSTEMPATH\CodeIgniter.php(354): CodeIgniter\CodeIgniter->handleRequest(null, Object(Config\Cache), false)
 5 SYSTEMPATH\Boot.php(334): CodeIgniter\CodeIgniter->run()
 6 SYSTEMPATH\Boot.php(67): CodeIgniter\Boot::runCodeIgniter(Object(CodeIgniter\CodeIgniter))
 7 FCPATH\index.php(56): CodeIgniter\Boot::bootWeb(Object(Config\Paths))
WARNING - 2025-03-24 07:40:24 --> [DEPRECATED] Creation of dynamic property SysAdmin\Controllers\Category::$encrypter is deprecated in ROOTPATH\SysAdmin\Controllers\BaseController.php on line 52.
 1 ROOTPATH\SysAdmin\Controllers\Category.php(9): SysAdmin\Controllers\BaseController->__construct()
 2 SYSTEMPATH\CodeIgniter.php(903): SysAdmin\Controllers\Category->__construct()
 3 SYSTEMPATH\CodeIgniter.php(498): CodeIgniter\CodeIgniter->createController()
 4 SYSTEMPATH\CodeIgniter.php(354): CodeIgniter\CodeIgniter->handleRequest(null, Object(Config\Cache), false)
 5 SYSTEMPATH\Boot.php(334): CodeIgniter\CodeIgniter->run()
 6 SYSTEMPATH\Boot.php(67): CodeIgniter\Boot::runCodeIgniter(Object(CodeIgniter\CodeIgniter))
 7 FCPATH\index.php(56): CodeIgniter\Boot::bootWeb(Object(Config\Paths))
WARNING - 2025-03-24 07:40:24 --> [DEPRECATED] Creation of dynamic property SysAdmin\Controllers\Category::$nav_mold is deprecated in ROOTPATH\SysAdmin\Controllers\Category.php on line 10.
 1 SYSTEMPATH\CodeIgniter.php(903): SysAdmin\Controllers\Category->__construct()
 2 SYSTEMPATH\CodeIgniter.php(498): CodeIgniter\CodeIgniter->createController()
 3 SYSTEMPATH\CodeIgniter.php(354): CodeIgniter\CodeIgniter->handleRequest(null, Object(Config\Cache), false)
 4 SYSTEMPATH\Boot.php(334): CodeIgniter\CodeIgniter->run()
 5 SYSTEMPATH\Boot.php(67): CodeIgniter\Boot::runCodeIgniter(Object(CodeIgniter\CodeIgniter))
 6 FCPATH\index.php(56): CodeIgniter\Boot::bootWeb(Object(Config\Paths))
WARNING - 2025-03-24 07:40:24 --> [DEPRECATED] Creation of dynamic property SysAdmin\Controllers\Category::$CateModel is deprecated in ROOTPATH\SysAdmin\Controllers\Category.php on line 22.
 1 SYSTEMPATH\CodeIgniter.php(903): SysAdmin\Controllers\Category->__construct()
 2 SYSTEMPATH\CodeIgniter.php(498): CodeIgniter\CodeIgniter->createController()
 3 SYSTEMPATH\CodeIgniter.php(354): CodeIgniter\CodeIgniter->handleRequest(null, Object(Config\Cache), false)
 4 SYSTEMPATH\Boot.php(334): CodeIgniter\CodeIgniter->run()
 5 SYSTEMPATH\Boot.php(67): CodeIgniter\Boot::runCodeIgniter(Object(CodeIgniter\CodeIgniter))
 6 FCPATH\index.php(56): CodeIgniter\Boot::bootWeb(Object(Config\Paths))
CRITICAL - 2025-03-24 07:40:24 --> CodeIgniter\Exceptions\BadMethodCallException: Call to undefined method SysAdmin\Models\CategoryModel::getNav
[Method: GET, Route: xccmssys/cate/form]
in SYSTEMPATH\Model.php on line 930.
 1 ROOTPATH\SysAdmin\Controllers\Category.php(189): CodeIgniter\Model->__call('getNav', [...])
 2 SYSTEMPATH\CodeIgniter.php(933): SysAdmin\Controllers\Category->form()
 3 SYSTEMPATH\CodeIgniter.php(507): CodeIgniter\CodeIgniter->runController(Object(SysAdmin\Controllers\Category))
 4 SYSTEMPATH\CodeIgniter.php(354): CodeIgniter\CodeIgniter->handleRequest(null, Object(Config\Cache), false)
 5 SYSTEMPATH\Boot.php(334): CodeIgniter\CodeIgniter->run()
 6 SYSTEMPATH\Boot.php(67): CodeIgniter\Boot::runCodeIgniter(Object(CodeIgniter\CodeIgniter))
 7 FCPATH\index.php(56): CodeIgniter\Boot::bootWeb(Object(Config\Paths))
DEBUG - 2025-03-24 07:40:30 --> Session: Class initialized using 'CodeIgniter\Session\Handlers\FileHandler' driver.
WARNING - 2025-03-24 07:40:30 --> [DEPRECATED] Creation of dynamic property SysAdmin\Controllers\Category::$session is deprecated in ROOTPATH\SysAdmin\Controllers\BaseController.php on line 51.
 1 ROOTPATH\SysAdmin\Controllers\Category.php(9): SysAdmin\Controllers\BaseController->__construct()
 2 SYSTEMPATH\CodeIgniter.php(903): SysAdmin\Controllers\Category->__construct()
 3 SYSTEMPATH\CodeIgniter.php(498): CodeIgniter\CodeIgniter->createController()
 4 SYSTEMPATH\CodeIgniter.php(354): CodeIgniter\CodeIgniter->handleRequest(null, Object(Config\Cache), false)
 5 SYSTEMPATH\Boot.php(334): CodeIgniter\CodeIgniter->run()
 6 SYSTEMPATH\Boot.php(67): CodeIgniter\Boot::runCodeIgniter(Object(CodeIgniter\CodeIgniter))
 7 FCPATH\index.php(56): CodeIgniter\Boot::bootWeb(Object(Config\Paths))
WARNING - 2025-03-24 07:40:30 --> [DEPRECATED] Creation of dynamic property SysAdmin\Controllers\Category::$encrypter is deprecated in ROOTPATH\SysAdmin\Controllers\BaseController.php on line 52.
 1 ROOTPATH\SysAdmin\Controllers\Category.php(9): SysAdmin\Controllers\BaseController->__construct()
 2 SYSTEMPATH\CodeIgniter.php(903): SysAdmin\Controllers\Category->__construct()
 3 SYSTEMPATH\CodeIgniter.php(498): CodeIgniter\CodeIgniter->createController()
 4 SYSTEMPATH\CodeIgniter.php(354): CodeIgniter\CodeIgniter->handleRequest(null, Object(Config\Cache), false)
 5 SYSTEMPATH\Boot.php(334): CodeIgniter\CodeIgniter->run()
 6 SYSTEMPATH\Boot.php(67): CodeIgniter\Boot::runCodeIgniter(Object(CodeIgniter\CodeIgniter))
 7 FCPATH\index.php(56): CodeIgniter\Boot::bootWeb(Object(Config\Paths))
WARNING - 2025-03-24 07:40:30 --> [DEPRECATED] Creation of dynamic property SysAdmin\Controllers\Category::$nav_mold is deprecated in ROOTPATH\SysAdmin\Controllers\Category.php on line 10.
 1 SYSTEMPATH\CodeIgniter.php(903): SysAdmin\Controllers\Category->__construct()
 2 SYSTEMPATH\CodeIgniter.php(498): CodeIgniter\CodeIgniter->createController()
 3 SYSTEMPATH\CodeIgniter.php(354): CodeIgniter\CodeIgniter->handleRequest(null, Object(Config\Cache), false)
 4 SYSTEMPATH\Boot.php(334): CodeIgniter\CodeIgniter->run()
 5 SYSTEMPATH\Boot.php(67): CodeIgniter\Boot::runCodeIgniter(Object(CodeIgniter\CodeIgniter))
 6 FCPATH\index.php(56): CodeIgniter\Boot::bootWeb(Object(Config\Paths))
WARNING - 2025-03-24 07:40:30 --> [DEPRECATED] Creation of dynamic property SysAdmin\Controllers\Category::$CateModel is deprecated in ROOTPATH\SysAdmin\Controllers\Category.php on line 22.
 1 SYSTEMPATH\CodeIgniter.php(903): SysAdmin\Controllers\Category->__construct()
 2 SYSTEMPATH\CodeIgniter.php(498): CodeIgniter\CodeIgniter->createController()
 3 SYSTEMPATH\CodeIgniter.php(354): CodeIgniter\CodeIgniter->handleRequest(null, Object(Config\Cache), false)
 4 SYSTEMPATH\Boot.php(334): CodeIgniter\CodeIgniter->run()
 5 SYSTEMPATH\Boot.php(67): CodeIgniter\Boot::runCodeIgniter(Object(CodeIgniter\CodeIgniter))
 6 FCPATH\index.php(56): CodeIgniter\Boot::bootWeb(Object(Config\Paths))
DEBUG - 2025-03-24 07:41:36 --> Session: Class initialized using 'CodeIgniter\Session\Handlers\FileHandler' driver.
WARNING - 2025-03-24 07:41:36 --> [DEPRECATED] Creation of dynamic property SysAdmin\Controllers\Category::$session is deprecated in ROOTPATH\SysAdmin\Controllers\BaseController.php on line 51.
 1 ROOTPATH\SysAdmin\Controllers\Category.php(9): SysAdmin\Controllers\BaseController->__construct()
 2 SYSTEMPATH\CodeIgniter.php(903): SysAdmin\Controllers\Category->__construct()
 3 SYSTEMPATH\CodeIgniter.php(498): CodeIgniter\CodeIgniter->createController()
 4 SYSTEMPATH\CodeIgniter.php(354): CodeIgniter\CodeIgniter->handleRequest(null, Object(Config\Cache), false)
 5 SYSTEMPATH\Boot.php(334): CodeIgniter\CodeIgniter->run()
 6 SYSTEMPATH\Boot.php(67): CodeIgniter\Boot::runCodeIgniter(Object(CodeIgniter\CodeIgniter))
 7 FCPATH\index.php(56): CodeIgniter\Boot::bootWeb(Object(Config\Paths))
WARNING - 2025-03-24 07:41:36 --> [DEPRECATED] Creation of dynamic property SysAdmin\Controllers\Category::$encrypter is deprecated in ROOTPATH\SysAdmin\Controllers\BaseController.php on line 52.
 1 ROOTPATH\SysAdmin\Controllers\Category.php(9): SysAdmin\Controllers\BaseController->__construct()
 2 SYSTEMPATH\CodeIgniter.php(903): SysAdmin\Controllers\Category->__construct()
 3 SYSTEMPATH\CodeIgniter.php(498): CodeIgniter\CodeIgniter->createController()
 4 SYSTEMPATH\CodeIgniter.php(354): CodeIgniter\CodeIgniter->handleRequest(null, Object(Config\Cache), false)
 5 SYSTEMPATH\Boot.php(334): CodeIgniter\CodeIgniter->run()
 6 SYSTEMPATH\Boot.php(67): CodeIgniter\Boot::runCodeIgniter(Object(CodeIgniter\CodeIgniter))
 7 FCPATH\index.php(56): CodeIgniter\Boot::bootWeb(Object(Config\Paths))
WARNING - 2025-03-24 07:41:36 --> [DEPRECATED] Creation of dynamic property SysAdmin\Controllers\Category::$nav_mold is deprecated in ROOTPATH\SysAdmin\Controllers\Category.php on line 10.
 1 SYSTEMPATH\CodeIgniter.php(903): SysAdmin\Controllers\Category->__construct()
 2 SYSTEMPATH\CodeIgniter.php(498): CodeIgniter\CodeIgniter->createController()
 3 SYSTEMPATH\CodeIgniter.php(354): CodeIgniter\CodeIgniter->handleRequest(null, Object(Config\Cache), false)
 4 SYSTEMPATH\Boot.php(334): CodeIgniter\CodeIgniter->run()
 5 SYSTEMPATH\Boot.php(67): CodeIgniter\Boot::runCodeIgniter(Object(CodeIgniter\CodeIgniter))
 6 FCPATH\index.php(56): CodeIgniter\Boot::bootWeb(Object(Config\Paths))
WARNING - 2025-03-24 07:41:36 --> [DEPRECATED] Creation of dynamic property SysAdmin\Controllers\Category::$CateModel is deprecated in ROOTPATH\SysAdmin\Controllers\Category.php on line 22.
 1 SYSTEMPATH\CodeIgniter.php(903): SysAdmin\Controllers\Category->__construct()
 2 SYSTEMPATH\CodeIgniter.php(498): CodeIgniter\CodeIgniter->createController()
 3 SYSTEMPATH\CodeIgniter.php(354): CodeIgniter\CodeIgniter->handleRequest(null, Object(Config\Cache), false)
 4 SYSTEMPATH\Boot.php(334): CodeIgniter\CodeIgniter->run()
 5 SYSTEMPATH\Boot.php(67): CodeIgniter\Boot::runCodeIgniter(Object(CodeIgniter\CodeIgniter))
 6 FCPATH\index.php(56): CodeIgniter\Boot::bootWeb(Object(Config\Paths))
DEBUG - 2025-03-24 07:41:36 --> Session: Class initialized using 'CodeIgniter\Session\Handlers\FileHandler' driver.
WARNING - 2025-03-24 07:41:36 --> [DEPRECATED] Creation of dynamic property SysAdmin\Controllers\Category::$session is deprecated in ROOTPATH\SysAdmin\Controllers\BaseController.php on line 51.
 1 ROOTPATH\SysAdmin\Controllers\Category.php(9): SysAdmin\Controllers\BaseController->__construct()
 2 SYSTEMPATH\CodeIgniter.php(903): SysAdmin\Controllers\Category->__construct()
 3 SYSTEMPATH\CodeIgniter.php(498): CodeIgniter\CodeIgniter->createController()
 4 SYSTEMPATH\CodeIgniter.php(354): CodeIgniter\CodeIgniter->handleRequest(null, Object(Config\Cache), false)
 5 SYSTEMPATH\Boot.php(334): CodeIgniter\CodeIgniter->run()
 6 SYSTEMPATH\Boot.php(67): CodeIgniter\Boot::runCodeIgniter(Object(CodeIgniter\CodeIgniter))
 7 FCPATH\index.php(56): CodeIgniter\Boot::bootWeb(Object(Config\Paths))
WARNING - 2025-03-24 07:41:36 --> [DEPRECATED] Creation of dynamic property SysAdmin\Controllers\Category::$encrypter is deprecated in ROOTPATH\SysAdmin\Controllers\BaseController.php on line 52.
 1 ROOTPATH\SysAdmin\Controllers\Category.php(9): SysAdmin\Controllers\BaseController->__construct()
 2 SYSTEMPATH\CodeIgniter.php(903): SysAdmin\Controllers\Category->__construct()
 3 SYSTEMPATH\CodeIgniter.php(498): CodeIgniter\CodeIgniter->createController()
 4 SYSTEMPATH\CodeIgniter.php(354): CodeIgniter\CodeIgniter->handleRequest(null, Object(Config\Cache), false)
 5 SYSTEMPATH\Boot.php(334): CodeIgniter\CodeIgniter->run()
 6 SYSTEMPATH\Boot.php(67): CodeIgniter\Boot::runCodeIgniter(Object(CodeIgniter\CodeIgniter))
 7 FCPATH\index.php(56): CodeIgniter\Boot::bootWeb(Object(Config\Paths))
WARNING - 2025-03-24 07:41:36 --> [DEPRECATED] Creation of dynamic property SysAdmin\Controllers\Category::$nav_mold is deprecated in ROOTPATH\SysAdmin\Controllers\Category.php on line 10.
 1 SYSTEMPATH\CodeIgniter.php(903): SysAdmin\Controllers\Category->__construct()
 2 SYSTEMPATH\CodeIgniter.php(498): CodeIgniter\CodeIgniter->createController()
 3 SYSTEMPATH\CodeIgniter.php(354): CodeIgniter\CodeIgniter->handleRequest(null, Object(Config\Cache), false)
 4 SYSTEMPATH\Boot.php(334): CodeIgniter\CodeIgniter->run()
 5 SYSTEMPATH\Boot.php(67): CodeIgniter\Boot::runCodeIgniter(Object(CodeIgniter\CodeIgniter))
 6 FCPATH\index.php(56): CodeIgniter\Boot::bootWeb(Object(Config\Paths))
WARNING - 2025-03-24 07:41:36 --> [DEPRECATED] Creation of dynamic property SysAdmin\Controllers\Category::$CateModel is deprecated in ROOTPATH\SysAdmin\Controllers\Category.php on line 22.
 1 SYSTEMPATH\CodeIgniter.php(903): SysAdmin\Controllers\Category->__construct()
 2 SYSTEMPATH\CodeIgniter.php(498): CodeIgniter\CodeIgniter->createController()
 3 SYSTEMPATH\CodeIgniter.php(354): CodeIgniter\CodeIgniter->handleRequest(null, Object(Config\Cache), false)
 4 SYSTEMPATH\Boot.php(334): CodeIgniter\CodeIgniter->run()
 5 SYSTEMPATH\Boot.php(67): CodeIgniter\Boot::runCodeIgniter(Object(CodeIgniter\CodeIgniter))
 6 FCPATH\index.php(56): CodeIgniter\Boot::bootWeb(Object(Config\Paths))
DEBUG - 2025-03-24 07:41:43 --> Session: Class initialized using 'CodeIgniter\Session\Handlers\FileHandler' driver.
WARNING - 2025-03-24 07:41:43 --> [DEPRECATED] Creation of dynamic property SysAdmin\Controllers\Category::$session is deprecated in ROOTPATH\SysAdmin\Controllers\BaseController.php on line 51.
 1 ROOTPATH\SysAdmin\Controllers\Category.php(9): SysAdmin\Controllers\BaseController->__construct()
 2 SYSTEMPATH\CodeIgniter.php(903): SysAdmin\Controllers\Category->__construct()
 3 SYSTEMPATH\CodeIgniter.php(498): CodeIgniter\CodeIgniter->createController()
 4 SYSTEMPATH\CodeIgniter.php(354): CodeIgniter\CodeIgniter->handleRequest(null, Object(Config\Cache), false)
 5 SYSTEMPATH\Boot.php(334): CodeIgniter\CodeIgniter->run()
 6 SYSTEMPATH\Boot.php(67): CodeIgniter\Boot::runCodeIgniter(Object(CodeIgniter\CodeIgniter))
 7 FCPATH\index.php(56): CodeIgniter\Boot::bootWeb(Object(Config\Paths))
WARNING - 2025-03-24 07:41:43 --> [DEPRECATED] Creation of dynamic property SysAdmin\Controllers\Category::$encrypter is deprecated in ROOTPATH\SysAdmin\Controllers\BaseController.php on line 52.
 1 ROOTPATH\SysAdmin\Controllers\Category.php(9): SysAdmin\Controllers\BaseController->__construct()
 2 SYSTEMPATH\CodeIgniter.php(903): SysAdmin\Controllers\Category->__construct()
 3 SYSTEMPATH\CodeIgniter.php(498): CodeIgniter\CodeIgniter->createController()
 4 SYSTEMPATH\CodeIgniter.php(354): CodeIgniter\CodeIgniter->handleRequest(null, Object(Config\Cache), false)
 5 SYSTEMPATH\Boot.php(334): CodeIgniter\CodeIgniter->run()
 6 SYSTEMPATH\Boot.php(67): CodeIgniter\Boot::runCodeIgniter(Object(CodeIgniter\CodeIgniter))
 7 FCPATH\index.php(56): CodeIgniter\Boot::bootWeb(Object(Config\Paths))
WARNING - 2025-03-24 07:41:43 --> [DEPRECATED] Creation of dynamic property SysAdmin\Controllers\Category::$nav_mold is deprecated in ROOTPATH\SysAdmin\Controllers\Category.php on line 10.
 1 SYSTEMPATH\CodeIgniter.php(903): SysAdmin\Controllers\Category->__construct()
 2 SYSTEMPATH\CodeIgniter.php(498): CodeIgniter\CodeIgniter->createController()
 3 SYSTEMPATH\CodeIgniter.php(354): CodeIgniter\CodeIgniter->handleRequest(null, Object(Config\Cache), false)
 4 SYSTEMPATH\Boot.php(334): CodeIgniter\CodeIgniter->run()
 5 SYSTEMPATH\Boot.php(67): CodeIgniter\Boot::runCodeIgniter(Object(CodeIgniter\CodeIgniter))
 6 FCPATH\index.php(56): CodeIgniter\Boot::bootWeb(Object(Config\Paths))
WARNING - 2025-03-24 07:41:43 --> [DEPRECATED] Creation of dynamic property SysAdmin\Controllers\Category::$CateModel is deprecated in ROOTPATH\SysAdmin\Controllers\Category.php on line 22.
 1 SYSTEMPATH\CodeIgniter.php(903): SysAdmin\Controllers\Category->__construct()
 2 SYSTEMPATH\CodeIgniter.php(498): CodeIgniter\CodeIgniter->createController()
 3 SYSTEMPATH\CodeIgniter.php(354): CodeIgniter\CodeIgniter->handleRequest(null, Object(Config\Cache), false)
 4 SYSTEMPATH\Boot.php(334): CodeIgniter\CodeIgniter->run()
 5 SYSTEMPATH\Boot.php(67): CodeIgniter\Boot::runCodeIgniter(Object(CodeIgniter\CodeIgniter))
 6 FCPATH\index.php(56): CodeIgniter\Boot::bootWeb(Object(Config\Paths))
DEBUG - 2025-03-24 07:43:40 --> Session: Class initialized using 'CodeIgniter\Session\Handlers\FileHandler' driver.
WARNING - 2025-03-24 07:43:40 --> [DEPRECATED] Creation of dynamic property SysAdmin\Controllers\Category::$session is deprecated in ROOTPATH\SysAdmin\Controllers\BaseController.php on line 51.
 1 ROOTPATH\SysAdmin\Controllers\Category.php(9): SysAdmin\Controllers\BaseController->__construct()
 2 SYSTEMPATH\CodeIgniter.php(903): SysAdmin\Controllers\Category->__construct()
 3 SYSTEMPATH\CodeIgniter.php(498): CodeIgniter\CodeIgniter->createController()
 4 SYSTEMPATH\CodeIgniter.php(354): CodeIgniter\CodeIgniter->handleRequest(null, Object(Config\Cache), false)
 5 SYSTEMPATH\Boot.php(334): CodeIgniter\CodeIgniter->run()
 6 SYSTEMPATH\Boot.php(67): CodeIgniter\Boot::runCodeIgniter(Object(CodeIgniter\CodeIgniter))
 7 FCPATH\index.php(56): CodeIgniter\Boot::bootWeb(Object(Config\Paths))
WARNING - 2025-03-24 07:43:40 --> [DEPRECATED] Creation of dynamic property SysAdmin\Controllers\Category::$encrypter is deprecated in ROOTPATH\SysAdmin\Controllers\BaseController.php on line 52.
 1 ROOTPATH\SysAdmin\Controllers\Category.php(9): SysAdmin\Controllers\BaseController->__construct()
 2 SYSTEMPATH\CodeIgniter.php(903): SysAdmin\Controllers\Category->__construct()
 3 SYSTEMPATH\CodeIgniter.php(498): CodeIgniter\CodeIgniter->createController()
 4 SYSTEMPATH\CodeIgniter.php(354): CodeIgniter\CodeIgniter->handleRequest(null, Object(Config\Cache), false)
 5 SYSTEMPATH\Boot.php(334): CodeIgniter\CodeIgniter->run()
 6 SYSTEMPATH\Boot.php(67): CodeIgniter\Boot::runCodeIgniter(Object(CodeIgniter\CodeIgniter))
 7 FCPATH\index.php(56): CodeIgniter\Boot::bootWeb(Object(Config\Paths))
WARNING - 2025-03-24 07:43:40 --> [DEPRECATED] Creation of dynamic property SysAdmin\Controllers\Category::$nav_mold is deprecated in ROOTPATH\SysAdmin\Controllers\Category.php on line 10.
 1 SYSTEMPATH\CodeIgniter.php(903): SysAdmin\Controllers\Category->__construct()
 2 SYSTEMPATH\CodeIgniter.php(498): CodeIgniter\CodeIgniter->createController()
 3 SYSTEMPATH\CodeIgniter.php(354): CodeIgniter\CodeIgniter->handleRequest(null, Object(Config\Cache), false)
 4 SYSTEMPATH\Boot.php(334): CodeIgniter\CodeIgniter->run()
 5 SYSTEMPATH\Boot.php(67): CodeIgniter\Boot::runCodeIgniter(Object(CodeIgniter\CodeIgniter))
 6 FCPATH\index.php(56): CodeIgniter\Boot::bootWeb(Object(Config\Paths))
WARNING - 2025-03-24 07:43:40 --> [DEPRECATED] Creation of dynamic property SysAdmin\Controllers\Category::$CateModel is deprecated in ROOTPATH\SysAdmin\Controllers\Category.php on line 22.
 1 SYSTEMPATH\CodeIgniter.php(903): SysAdmin\Controllers\Category->__construct()
 2 SYSTEMPATH\CodeIgniter.php(498): CodeIgniter\CodeIgniter->createController()
 3 SYSTEMPATH\CodeIgniter.php(354): CodeIgniter\CodeIgniter->handleRequest(null, Object(Config\Cache), false)
 4 SYSTEMPATH\Boot.php(334): CodeIgniter\CodeIgniter->run()
 5 SYSTEMPATH\Boot.php(67): CodeIgniter\Boot::runCodeIgniter(Object(CodeIgniter\CodeIgniter))
 6 FCPATH\index.php(56): CodeIgniter\Boot::bootWeb(Object(Config\Paths))
DEBUG - 2025-03-24 07:43:45 --> Session: Class initialized using 'CodeIgniter\Session\Handlers\FileHandler' driver.
WARNING - 2025-03-24 07:43:45 --> [DEPRECATED] Creation of dynamic property SysAdmin\Controllers\Category::$session is deprecated in ROOTPATH\SysAdmin\Controllers\BaseController.php on line 51.
 1 ROOTPATH\SysAdmin\Controllers\Category.php(9): SysAdmin\Controllers\BaseController->__construct()
 2 SYSTEMPATH\CodeIgniter.php(903): SysAdmin\Controllers\Category->__construct()
 3 SYSTEMPATH\CodeIgniter.php(498): CodeIgniter\CodeIgniter->createController()
 4 SYSTEMPATH\CodeIgniter.php(354): CodeIgniter\CodeIgniter->handleRequest(null, Object(Config\Cache), false)
 5 SYSTEMPATH\Boot.php(334): CodeIgniter\CodeIgniter->run()
 6 SYSTEMPATH\Boot.php(67): CodeIgniter\Boot::runCodeIgniter(Object(CodeIgniter\CodeIgniter))
 7 FCPATH\index.php(56): CodeIgniter\Boot::bootWeb(Object(Config\Paths))
WARNING - 2025-03-24 07:43:45 --> [DEPRECATED] Creation of dynamic property SysAdmin\Controllers\Category::$encrypter is deprecated in ROOTPATH\SysAdmin\Controllers\BaseController.php on line 52.
 1 ROOTPATH\SysAdmin\Controllers\Category.php(9): SysAdmin\Controllers\BaseController->__construct()
 2 SYSTEMPATH\CodeIgniter.php(903): SysAdmin\Controllers\Category->__construct()
 3 SYSTEMPATH\CodeIgniter.php(498): CodeIgniter\CodeIgniter->createController()
 4 SYSTEMPATH\CodeIgniter.php(354): CodeIgniter\CodeIgniter->handleRequest(null, Object(Config\Cache), false)
 5 SYSTEMPATH\Boot.php(334): CodeIgniter\CodeIgniter->run()
 6 SYSTEMPATH\Boot.php(67): CodeIgniter\Boot::runCodeIgniter(Object(CodeIgniter\CodeIgniter))
 7 FCPATH\index.php(56): CodeIgniter\Boot::bootWeb(Object(Config\Paths))
WARNING - 2025-03-24 07:43:45 --> [DEPRECATED] Creation of dynamic property SysAdmin\Controllers\Category::$nav_mold is deprecated in ROOTPATH\SysAdmin\Controllers\Category.php on line 10.
 1 SYSTEMPATH\CodeIgniter.php(903): SysAdmin\Controllers\Category->__construct()
 2 SYSTEMPATH\CodeIgniter.php(498): CodeIgniter\CodeIgniter->createController()
 3 SYSTEMPATH\CodeIgniter.php(354): CodeIgniter\CodeIgniter->handleRequest(null, Object(Config\Cache), false)
 4 SYSTEMPATH\Boot.php(334): CodeIgniter\CodeIgniter->run()
 5 SYSTEMPATH\Boot.php(67): CodeIgniter\Boot::runCodeIgniter(Object(CodeIgniter\CodeIgniter))
 6 FCPATH\index.php(56): CodeIgniter\Boot::bootWeb(Object(Config\Paths))
WARNING - 2025-03-24 07:43:45 --> [DEPRECATED] Creation of dynamic property SysAdmin\Controllers\Category::$CateModel is deprecated in ROOTPATH\SysAdmin\Controllers\Category.php on line 22.
 1 SYSTEMPATH\CodeIgniter.php(903): SysAdmin\Controllers\Category->__construct()
 2 SYSTEMPATH\CodeIgniter.php(498): CodeIgniter\CodeIgniter->createController()
 3 SYSTEMPATH\CodeIgniter.php(354): CodeIgniter\CodeIgniter->handleRequest(null, Object(Config\Cache), false)
 4 SYSTEMPATH\Boot.php(334): CodeIgniter\CodeIgniter->run()
 5 SYSTEMPATH\Boot.php(67): CodeIgniter\Boot::runCodeIgniter(Object(CodeIgniter\CodeIgniter))
 6 FCPATH\index.php(56): CodeIgniter\Boot::bootWeb(Object(Config\Paths))
DEBUG - 2025-03-24 07:43:49 --> Session: Class initialized using 'CodeIgniter\Session\Handlers\FileHandler' driver.
WARNING - 2025-03-24 07:43:49 --> [DEPRECATED] Creation of dynamic property SysAdmin\Controllers\Category::$session is deprecated in ROOTPATH\SysAdmin\Controllers\BaseController.php on line 51.
 1 ROOTPATH\SysAdmin\Controllers\Category.php(9): SysAdmin\Controllers\BaseController->__construct()
 2 SYSTEMPATH\CodeIgniter.php(903): SysAdmin\Controllers\Category->__construct()
 3 SYSTEMPATH\CodeIgniter.php(498): CodeIgniter\CodeIgniter->createController()
 4 SYSTEMPATH\CodeIgniter.php(354): CodeIgniter\CodeIgniter->handleRequest(null, Object(Config\Cache), false)
 5 SYSTEMPATH\Boot.php(334): CodeIgniter\CodeIgniter->run()
 6 SYSTEMPATH\Boot.php(67): CodeIgniter\Boot::runCodeIgniter(Object(CodeIgniter\CodeIgniter))
 7 FCPATH\index.php(56): CodeIgniter\Boot::bootWeb(Object(Config\Paths))
WARNING - 2025-03-24 07:43:49 --> [DEPRECATED] Creation of dynamic property SysAdmin\Controllers\Category::$encrypter is deprecated in ROOTPATH\SysAdmin\Controllers\BaseController.php on line 52.
 1 ROOTPATH\SysAdmin\Controllers\Category.php(9): SysAdmin\Controllers\BaseController->__construct()
 2 SYSTEMPATH\CodeIgniter.php(903): SysAdmin\Controllers\Category->__construct()
 3 SYSTEMPATH\CodeIgniter.php(498): CodeIgniter\CodeIgniter->createController()
 4 SYSTEMPATH\CodeIgniter.php(354): CodeIgniter\CodeIgniter->handleRequest(null, Object(Config\Cache), false)
 5 SYSTEMPATH\Boot.php(334): CodeIgniter\CodeIgniter->run()
 6 SYSTEMPATH\Boot.php(67): CodeIgniter\Boot::runCodeIgniter(Object(CodeIgniter\CodeIgniter))
 7 FCPATH\index.php(56): CodeIgniter\Boot::bootWeb(Object(Config\Paths))
WARNING - 2025-03-24 07:43:49 --> [DEPRECATED] Creation of dynamic property SysAdmin\Controllers\Category::$nav_mold is deprecated in ROOTPATH\SysAdmin\Controllers\Category.php on line 10.
 1 SYSTEMPATH\CodeIgniter.php(903): SysAdmin\Controllers\Category->__construct()
 2 SYSTEMPATH\CodeIgniter.php(498): CodeIgniter\CodeIgniter->createController()
 3 SYSTEMPATH\CodeIgniter.php(354): CodeIgniter\CodeIgniter->handleRequest(null, Object(Config\Cache), false)
 4 SYSTEMPATH\Boot.php(334): CodeIgniter\CodeIgniter->run()
 5 SYSTEMPATH\Boot.php(67): CodeIgniter\Boot::runCodeIgniter(Object(CodeIgniter\CodeIgniter))
 6 FCPATH\index.php(56): CodeIgniter\Boot::bootWeb(Object(Config\Paths))
WARNING - 2025-03-24 07:43:49 --> [DEPRECATED] Creation of dynamic property SysAdmin\Controllers\Category::$CateModel is deprecated in ROOTPATH\SysAdmin\Controllers\Category.php on line 22.
 1 SYSTEMPATH\CodeIgniter.php(903): SysAdmin\Controllers\Category->__construct()
 2 SYSTEMPATH\CodeIgniter.php(498): CodeIgniter\CodeIgniter->createController()
 3 SYSTEMPATH\CodeIgniter.php(354): CodeIgniter\CodeIgniter->handleRequest(null, Object(Config\Cache), false)
 4 SYSTEMPATH\Boot.php(334): CodeIgniter\CodeIgniter->run()
 5 SYSTEMPATH\Boot.php(67): CodeIgniter\Boot::runCodeIgniter(Object(CodeIgniter\CodeIgniter))
 6 FCPATH\index.php(56): CodeIgniter\Boot::bootWeb(Object(Config\Paths))
DEBUG - 2025-03-24 07:43:50 --> Session: Class initialized using 'CodeIgniter\Session\Handlers\FileHandler' driver.
WARNING - 2025-03-24 07:43:50 --> [DEPRECATED] Creation of dynamic property SysAdmin\Controllers\Category::$session is deprecated in ROOTPATH\SysAdmin\Controllers\BaseController.php on line 51.
 1 ROOTPATH\SysAdmin\Controllers\Category.php(9): SysAdmin\Controllers\BaseController->__construct()
 2 SYSTEMPATH\CodeIgniter.php(903): SysAdmin\Controllers\Category->__construct()
 3 SYSTEMPATH\CodeIgniter.php(498): CodeIgniter\CodeIgniter->createController()
 4 SYSTEMPATH\CodeIgniter.php(354): CodeIgniter\CodeIgniter->handleRequest(null, Object(Config\Cache), false)
 5 SYSTEMPATH\Boot.php(334): CodeIgniter\CodeIgniter->run()
 6 SYSTEMPATH\Boot.php(67): CodeIgniter\Boot::runCodeIgniter(Object(CodeIgniter\CodeIgniter))
 7 FCPATH\index.php(56): CodeIgniter\Boot::bootWeb(Object(Config\Paths))
WARNING - 2025-03-24 07:43:50 --> [DEPRECATED] Creation of dynamic property SysAdmin\Controllers\Category::$encrypter is deprecated in ROOTPATH\SysAdmin\Controllers\BaseController.php on line 52.
 1 ROOTPATH\SysAdmin\Controllers\Category.php(9): SysAdmin\Controllers\BaseController->__construct()
 2 SYSTEMPATH\CodeIgniter.php(903): SysAdmin\Controllers\Category->__construct()
 3 SYSTEMPATH\CodeIgniter.php(498): CodeIgniter\CodeIgniter->createController()
 4 SYSTEMPATH\CodeIgniter.php(354): CodeIgniter\CodeIgniter->handleRequest(null, Object(Config\Cache), false)
 5 SYSTEMPATH\Boot.php(334): CodeIgniter\CodeIgniter->run()
 6 SYSTEMPATH\Boot.php(67): CodeIgniter\Boot::runCodeIgniter(Object(CodeIgniter\CodeIgniter))
 7 FCPATH\index.php(56): CodeIgniter\Boot::bootWeb(Object(Config\Paths))
WARNING - 2025-03-24 07:43:50 --> [DEPRECATED] Creation of dynamic property SysAdmin\Controllers\Category::$nav_mold is deprecated in ROOTPATH\SysAdmin\Controllers\Category.php on line 10.
 1 SYSTEMPATH\CodeIgniter.php(903): SysAdmin\Controllers\Category->__construct()
 2 SYSTEMPATH\CodeIgniter.php(498): CodeIgniter\CodeIgniter->createController()
 3 SYSTEMPATH\CodeIgniter.php(354): CodeIgniter\CodeIgniter->handleRequest(null, Object(Config\Cache), false)
 4 SYSTEMPATH\Boot.php(334): CodeIgniter\CodeIgniter->run()
 5 SYSTEMPATH\Boot.php(67): CodeIgniter\Boot::runCodeIgniter(Object(CodeIgniter\CodeIgniter))
 6 FCPATH\index.php(56): CodeIgniter\Boot::bootWeb(Object(Config\Paths))
WARNING - 2025-03-24 07:43:50 --> [DEPRECATED] Creation of dynamic property SysAdmin\Controllers\Category::$CateModel is deprecated in ROOTPATH\SysAdmin\Controllers\Category.php on line 22.
 1 SYSTEMPATH\CodeIgniter.php(903): SysAdmin\Controllers\Category->__construct()
 2 SYSTEMPATH\CodeIgniter.php(498): CodeIgniter\CodeIgniter->createController()
 3 SYSTEMPATH\CodeIgniter.php(354): CodeIgniter\CodeIgniter->handleRequest(null, Object(Config\Cache), false)
 4 SYSTEMPATH\Boot.php(334): CodeIgniter\CodeIgniter->run()
 5 SYSTEMPATH\Boot.php(67): CodeIgniter\Boot::runCodeIgniter(Object(CodeIgniter\CodeIgniter))
 6 FCPATH\index.php(56): CodeIgniter\Boot::bootWeb(Object(Config\Paths))
DEBUG - 2025-03-24 07:43:52 --> Session: Class initialized using 'CodeIgniter\Session\Handlers\FileHandler' driver.
WARNING - 2025-03-24 07:43:52 --> [DEPRECATED] Creation of dynamic property SysAdmin\Controllers\Category::$session is deprecated in ROOTPATH\SysAdmin\Controllers\BaseController.php on line 51.
 1 ROOTPATH\SysAdmin\Controllers\Category.php(9): SysAdmin\Controllers\BaseController->__construct()
 2 SYSTEMPATH\CodeIgniter.php(903): SysAdmin\Controllers\Category->__construct()
 3 SYSTEMPATH\CodeIgniter.php(498): CodeIgniter\CodeIgniter->createController()
 4 SYSTEMPATH\CodeIgniter.php(354): CodeIgniter\CodeIgniter->handleRequest(null, Object(Config\Cache), false)
 5 SYSTEMPATH\Boot.php(334): CodeIgniter\CodeIgniter->run()
 6 SYSTEMPATH\Boot.php(67): CodeIgniter\Boot::runCodeIgniter(Object(CodeIgniter\CodeIgniter))
 7 FCPATH\index.php(56): CodeIgniter\Boot::bootWeb(Object(Config\Paths))
WARNING - 2025-03-24 07:43:52 --> [DEPRECATED] Creation of dynamic property SysAdmin\Controllers\Category::$encrypter is deprecated in ROOTPATH\SysAdmin\Controllers\BaseController.php on line 52.
 1 ROOTPATH\SysAdmin\Controllers\Category.php(9): SysAdmin\Controllers\BaseController->__construct()
 2 SYSTEMPATH\CodeIgniter.php(903): SysAdmin\Controllers\Category->__construct()
 3 SYSTEMPATH\CodeIgniter.php(498): CodeIgniter\CodeIgniter->createController()
 4 SYSTEMPATH\CodeIgniter.php(354): CodeIgniter\CodeIgniter->handleRequest(null, Object(Config\Cache), false)
 5 SYSTEMPATH\Boot.php(334): CodeIgniter\CodeIgniter->run()
 6 SYSTEMPATH\Boot.php(67): CodeIgniter\Boot::runCodeIgniter(Object(CodeIgniter\CodeIgniter))
 7 FCPATH\index.php(56): CodeIgniter\Boot::bootWeb(Object(Config\Paths))
WARNING - 2025-03-24 07:43:52 --> [DEPRECATED] Creation of dynamic property SysAdmin\Controllers\Category::$nav_mold is deprecated in ROOTPATH\SysAdmin\Controllers\Category.php on line 10.
 1 SYSTEMPATH\CodeIgniter.php(903): SysAdmin\Controllers\Category->__construct()
 2 SYSTEMPATH\CodeIgniter.php(498): CodeIgniter\CodeIgniter->createController()
 3 SYSTEMPATH\CodeIgniter.php(354): CodeIgniter\CodeIgniter->handleRequest(null, Object(Config\Cache), false)
 4 SYSTEMPATH\Boot.php(334): CodeIgniter\CodeIgniter->run()
 5 SYSTEMPATH\Boot.php(67): CodeIgniter\Boot::runCodeIgniter(Object(CodeIgniter\CodeIgniter))
 6 FCPATH\index.php(56): CodeIgniter\Boot::bootWeb(Object(Config\Paths))
WARNING - 2025-03-24 07:43:52 --> [DEPRECATED] Creation of dynamic property SysAdmin\Controllers\Category::$CateModel is deprecated in ROOTPATH\SysAdmin\Controllers\Category.php on line 22.
 1 SYSTEMPATH\CodeIgniter.php(903): SysAdmin\Controllers\Category->__construct()
 2 SYSTEMPATH\CodeIgniter.php(498): CodeIgniter\CodeIgniter->createController()
 3 SYSTEMPATH\CodeIgniter.php(354): CodeIgniter\CodeIgniter->handleRequest(null, Object(Config\Cache), false)
 4 SYSTEMPATH\Boot.php(334): CodeIgniter\CodeIgniter->run()
 5 SYSTEMPATH\Boot.php(67): CodeIgniter\Boot::runCodeIgniter(Object(CodeIgniter\CodeIgniter))
 6 FCPATH\index.php(56): CodeIgniter\Boot::bootWeb(Object(Config\Paths))
DEBUG - 2025-03-24 07:43:54 --> Session: Class initialized using 'CodeIgniter\Session\Handlers\FileHandler' driver.
WARNING - 2025-03-24 07:43:54 --> [DEPRECATED] Creation of dynamic property SysAdmin\Controllers\Category::$session is deprecated in ROOTPATH\SysAdmin\Controllers\BaseController.php on line 51.
 1 ROOTPATH\SysAdmin\Controllers\Category.php(9): SysAdmin\Controllers\BaseController->__construct()
 2 SYSTEMPATH\CodeIgniter.php(903): SysAdmin\Controllers\Category->__construct()
 3 SYSTEMPATH\CodeIgniter.php(498): CodeIgniter\CodeIgniter->createController()
 4 SYSTEMPATH\CodeIgniter.php(354): CodeIgniter\CodeIgniter->handleRequest(null, Object(Config\Cache), false)
 5 SYSTEMPATH\Boot.php(334): CodeIgniter\CodeIgniter->run()
 6 SYSTEMPATH\Boot.php(67): CodeIgniter\Boot::runCodeIgniter(Object(CodeIgniter\CodeIgniter))
 7 FCPATH\index.php(56): CodeIgniter\Boot::bootWeb(Object(Config\Paths))
WARNING - 2025-03-24 07:43:54 --> [DEPRECATED] Creation of dynamic property SysAdmin\Controllers\Category::$encrypter is deprecated in ROOTPATH\SysAdmin\Controllers\BaseController.php on line 52.
 1 ROOTPATH\SysAdmin\Controllers\Category.php(9): SysAdmin\Controllers\BaseController->__construct()
 2 SYSTEMPATH\CodeIgniter.php(903): SysAdmin\Controllers\Category->__construct()
 3 SYSTEMPATH\CodeIgniter.php(498): CodeIgniter\CodeIgniter->createController()
 4 SYSTEMPATH\CodeIgniter.php(354): CodeIgniter\CodeIgniter->handleRequest(null, Object(Config\Cache), false)
 5 SYSTEMPATH\Boot.php(334): CodeIgniter\CodeIgniter->run()
 6 SYSTEMPATH\Boot.php(67): CodeIgniter\Boot::runCodeIgniter(Object(CodeIgniter\CodeIgniter))
 7 FCPATH\index.php(56): CodeIgniter\Boot::bootWeb(Object(Config\Paths))
WARNING - 2025-03-24 07:43:54 --> [DEPRECATED] Creation of dynamic property SysAdmin\Controllers\Category::$nav_mold is deprecated in ROOTPATH\SysAdmin\Controllers\Category.php on line 10.
 1 SYSTEMPATH\CodeIgniter.php(903): SysAdmin\Controllers\Category->__construct()
 2 SYSTEMPATH\CodeIgniter.php(498): CodeIgniter\CodeIgniter->createController()
 3 SYSTEMPATH\CodeIgniter.php(354): CodeIgniter\CodeIgniter->handleRequest(null, Object(Config\Cache), false)
 4 SYSTEMPATH\Boot.php(334): CodeIgniter\CodeIgniter->run()
 5 SYSTEMPATH\Boot.php(67): CodeIgniter\Boot::runCodeIgniter(Object(CodeIgniter\CodeIgniter))
 6 FCPATH\index.php(56): CodeIgniter\Boot::bootWeb(Object(Config\Paths))
WARNING - 2025-03-24 07:43:54 --> [DEPRECATED] Creation of dynamic property SysAdmin\Controllers\Category::$CateModel is deprecated in ROOTPATH\SysAdmin\Controllers\Category.php on line 22.
 1 SYSTEMPATH\CodeIgniter.php(903): SysAdmin\Controllers\Category->__construct()
 2 SYSTEMPATH\CodeIgniter.php(498): CodeIgniter\CodeIgniter->createController()
 3 SYSTEMPATH\CodeIgniter.php(354): CodeIgniter\CodeIgniter->handleRequest(null, Object(Config\Cache), false)
 4 SYSTEMPATH\Boot.php(334): CodeIgniter\CodeIgniter->run()
 5 SYSTEMPATH\Boot.php(67): CodeIgniter\Boot::runCodeIgniter(Object(CodeIgniter\CodeIgniter))
 6 FCPATH\index.php(56): CodeIgniter\Boot::bootWeb(Object(Config\Paths))
DEBUG - 2025-03-24 07:43:56 --> Session: Class initialized using 'CodeIgniter\Session\Handlers\FileHandler' driver.
WARNING - 2025-03-24 07:43:56 --> [DEPRECATED] Creation of dynamic property SysAdmin\Controllers\Category::$session is deprecated in ROOTPATH\SysAdmin\Controllers\BaseController.php on line 51.
 1 ROOTPATH\SysAdmin\Controllers\Category.php(9): SysAdmin\Controllers\BaseController->__construct()
 2 SYSTEMPATH\CodeIgniter.php(903): SysAdmin\Controllers\Category->__construct()
 3 SYSTEMPATH\CodeIgniter.php(498): CodeIgniter\CodeIgniter->createController()
 4 SYSTEMPATH\CodeIgniter.php(354): CodeIgniter\CodeIgniter->handleRequest(null, Object(Config\Cache), false)
 5 SYSTEMPATH\Boot.php(334): CodeIgniter\CodeIgniter->run()
 6 SYSTEMPATH\Boot.php(67): CodeIgniter\Boot::runCodeIgniter(Object(CodeIgniter\CodeIgniter))
 7 FCPATH\index.php(56): CodeIgniter\Boot::bootWeb(Object(Config\Paths))
WARNING - 2025-03-24 07:43:56 --> [DEPRECATED] Creation of dynamic property SysAdmin\Controllers\Category::$encrypter is deprecated in ROOTPATH\SysAdmin\Controllers\BaseController.php on line 52.
 1 ROOTPATH\SysAdmin\Controllers\Category.php(9): SysAdmin\Controllers\BaseController->__construct()
 2 SYSTEMPATH\CodeIgniter.php(903): SysAdmin\Controllers\Category->__construct()
 3 SYSTEMPATH\CodeIgniter.php(498): CodeIgniter\CodeIgniter->createController()
 4 SYSTEMPATH\CodeIgniter.php(354): CodeIgniter\CodeIgniter->handleRequest(null, Object(Config\Cache), false)
 5 SYSTEMPATH\Boot.php(334): CodeIgniter\CodeIgniter->run()
 6 SYSTEMPATH\Boot.php(67): CodeIgniter\Boot::runCodeIgniter(Object(CodeIgniter\CodeIgniter))
 7 FCPATH\index.php(56): CodeIgniter\Boot::bootWeb(Object(Config\Paths))
WARNING - 2025-03-24 07:43:56 --> [DEPRECATED] Creation of dynamic property SysAdmin\Controllers\Category::$nav_mold is deprecated in ROOTPATH\SysAdmin\Controllers\Category.php on line 10.
 1 SYSTEMPATH\CodeIgniter.php(903): SysAdmin\Controllers\Category->__construct()
 2 SYSTEMPATH\CodeIgniter.php(498): CodeIgniter\CodeIgniter->createController()
 3 SYSTEMPATH\CodeIgniter.php(354): CodeIgniter\CodeIgniter->handleRequest(null, Object(Config\Cache), false)
 4 SYSTEMPATH\Boot.php(334): CodeIgniter\CodeIgniter->run()
 5 SYSTEMPATH\Boot.php(67): CodeIgniter\Boot::runCodeIgniter(Object(CodeIgniter\CodeIgniter))
 6 FCPATH\index.php(56): CodeIgniter\Boot::bootWeb(Object(Config\Paths))
WARNING - 2025-03-24 07:43:56 --> [DEPRECATED] Creation of dynamic property SysAdmin\Controllers\Category::$CateModel is deprecated in ROOTPATH\SysAdmin\Controllers\Category.php on line 22.
 1 SYSTEMPATH\CodeIgniter.php(903): SysAdmin\Controllers\Category->__construct()
 2 SYSTEMPATH\CodeIgniter.php(498): CodeIgniter\CodeIgniter->createController()
 3 SYSTEMPATH\CodeIgniter.php(354): CodeIgniter\CodeIgniter->handleRequest(null, Object(Config\Cache), false)
 4 SYSTEMPATH\Boot.php(334): CodeIgniter\CodeIgniter->run()
 5 SYSTEMPATH\Boot.php(67): CodeIgniter\Boot::runCodeIgniter(Object(CodeIgniter\CodeIgniter))
 6 FCPATH\index.php(56): CodeIgniter\Boot::bootWeb(Object(Config\Paths))
DEBUG - 2025-03-24 07:43:58 --> Session: Class initialized using 'CodeIgniter\Session\Handlers\FileHandler' driver.
WARNING - 2025-03-24 07:43:58 --> [DEPRECATED] Creation of dynamic property SysAdmin\Controllers\Category::$session is deprecated in ROOTPATH\SysAdmin\Controllers\BaseController.php on line 51.
 1 ROOTPATH\SysAdmin\Controllers\Category.php(9): SysAdmin\Controllers\BaseController->__construct()
 2 SYSTEMPATH\CodeIgniter.php(903): SysAdmin\Controllers\Category->__construct()
 3 SYSTEMPATH\CodeIgniter.php(498): CodeIgniter\CodeIgniter->createController()
 4 SYSTEMPATH\CodeIgniter.php(354): CodeIgniter\CodeIgniter->handleRequest(null, Object(Config\Cache), false)
 5 SYSTEMPATH\Boot.php(334): CodeIgniter\CodeIgniter->run()
 6 SYSTEMPATH\Boot.php(67): CodeIgniter\Boot::runCodeIgniter(Object(CodeIgniter\CodeIgniter))
 7 FCPATH\index.php(56): CodeIgniter\Boot::bootWeb(Object(Config\Paths))
WARNING - 2025-03-24 07:43:58 --> [DEPRECATED] Creation of dynamic property SysAdmin\Controllers\Category::$encrypter is deprecated in ROOTPATH\SysAdmin\Controllers\BaseController.php on line 52.
 1 ROOTPATH\SysAdmin\Controllers\Category.php(9): SysAdmin\Controllers\BaseController->__construct()
 2 SYSTEMPATH\CodeIgniter.php(903): SysAdmin\Controllers\Category->__construct()
 3 SYSTEMPATH\CodeIgniter.php(498): CodeIgniter\CodeIgniter->createController()
 4 SYSTEMPATH\CodeIgniter.php(354): CodeIgniter\CodeIgniter->handleRequest(null, Object(Config\Cache), false)
 5 SYSTEMPATH\Boot.php(334): CodeIgniter\CodeIgniter->run()
 6 SYSTEMPATH\Boot.php(67): CodeIgniter\Boot::runCodeIgniter(Object(CodeIgniter\CodeIgniter))
 7 FCPATH\index.php(56): CodeIgniter\Boot::bootWeb(Object(Config\Paths))
WARNING - 2025-03-24 07:43:58 --> [DEPRECATED] Creation of dynamic property SysAdmin\Controllers\Category::$nav_mold is deprecated in ROOTPATH\SysAdmin\Controllers\Category.php on line 10.
 1 SYSTEMPATH\CodeIgniter.php(903): SysAdmin\Controllers\Category->__construct()
 2 SYSTEMPATH\CodeIgniter.php(498): CodeIgniter\CodeIgniter->createController()
 3 SYSTEMPATH\CodeIgniter.php(354): CodeIgniter\CodeIgniter->handleRequest(null, Object(Config\Cache), false)
 4 SYSTEMPATH\Boot.php(334): CodeIgniter\CodeIgniter->run()
 5 SYSTEMPATH\Boot.php(67): CodeIgniter\Boot::runCodeIgniter(Object(CodeIgniter\CodeIgniter))
 6 FCPATH\index.php(56): CodeIgniter\Boot::bootWeb(Object(Config\Paths))
WARNING - 2025-03-24 07:43:58 --> [DEPRECATED] Creation of dynamic property SysAdmin\Controllers\Category::$CateModel is deprecated in ROOTPATH\SysAdmin\Controllers\Category.php on line 22.
 1 SYSTEMPATH\CodeIgniter.php(903): SysAdmin\Controllers\Category->__construct()
 2 SYSTEMPATH\CodeIgniter.php(498): CodeIgniter\CodeIgniter->createController()
 3 SYSTEMPATH\CodeIgniter.php(354): CodeIgniter\CodeIgniter->handleRequest(null, Object(Config\Cache), false)
 4 SYSTEMPATH\Boot.php(334): CodeIgniter\CodeIgniter->run()
 5 SYSTEMPATH\Boot.php(67): CodeIgniter\Boot::runCodeIgniter(Object(CodeIgniter\CodeIgniter))
 6 FCPATH\index.php(56): CodeIgniter\Boot::bootWeb(Object(Config\Paths))
DEBUG - 2025-03-24 07:44:00 --> Session: Class initialized using 'CodeIgniter\Session\Handlers\FileHandler' driver.
WARNING - 2025-03-24 07:44:00 --> [DEPRECATED] Creation of dynamic property SysAdmin\Controllers\Category::$session is deprecated in ROOTPATH\SysAdmin\Controllers\BaseController.php on line 51.
 1 ROOTPATH\SysAdmin\Controllers\Category.php(9): SysAdmin\Controllers\BaseController->__construct()
 2 SYSTEMPATH\CodeIgniter.php(903): SysAdmin\Controllers\Category->__construct()
 3 SYSTEMPATH\CodeIgniter.php(498): CodeIgniter\CodeIgniter->createController()
 4 SYSTEMPATH\CodeIgniter.php(354): CodeIgniter\CodeIgniter->handleRequest(null, Object(Config\Cache), false)
 5 SYSTEMPATH\Boot.php(334): CodeIgniter\CodeIgniter->run()
 6 SYSTEMPATH\Boot.php(67): CodeIgniter\Boot::runCodeIgniter(Object(CodeIgniter\CodeIgniter))
 7 FCPATH\index.php(56): CodeIgniter\Boot::bootWeb(Object(Config\Paths))
WARNING - 2025-03-24 07:44:00 --> [DEPRECATED] Creation of dynamic property SysAdmin\Controllers\Category::$encrypter is deprecated in ROOTPATH\SysAdmin\Controllers\BaseController.php on line 52.
 1 ROOTPATH\SysAdmin\Controllers\Category.php(9): SysAdmin\Controllers\BaseController->__construct()
 2 SYSTEMPATH\CodeIgniter.php(903): SysAdmin\Controllers\Category->__construct()
 3 SYSTEMPATH\CodeIgniter.php(498): CodeIgniter\CodeIgniter->createController()
 4 SYSTEMPATH\CodeIgniter.php(354): CodeIgniter\CodeIgniter->handleRequest(null, Object(Config\Cache), false)
 5 SYSTEMPATH\Boot.php(334): CodeIgniter\CodeIgniter->run()
 6 SYSTEMPATH\Boot.php(67): CodeIgniter\Boot::runCodeIgniter(Object(CodeIgniter\CodeIgniter))
 7 FCPATH\index.php(56): CodeIgniter\Boot::bootWeb(Object(Config\Paths))
WARNING - 2025-03-24 07:44:00 --> [DEPRECATED] Creation of dynamic property SysAdmin\Controllers\Category::$nav_mold is deprecated in ROOTPATH\SysAdmin\Controllers\Category.php on line 10.
 1 SYSTEMPATH\CodeIgniter.php(903): SysAdmin\Controllers\Category->__construct()
 2 SYSTEMPATH\CodeIgniter.php(498): CodeIgniter\CodeIgniter->createController()
 3 SYSTEMPATH\CodeIgniter.php(354): CodeIgniter\CodeIgniter->handleRequest(null, Object(Config\Cache), false)
 4 SYSTEMPATH\Boot.php(334): CodeIgniter\CodeIgniter->run()
 5 SYSTEMPATH\Boot.php(67): CodeIgniter\Boot::runCodeIgniter(Object(CodeIgniter\CodeIgniter))
 6 FCPATH\index.php(56): CodeIgniter\Boot::bootWeb(Object(Config\Paths))
WARNING - 2025-03-24 07:44:00 --> [DEPRECATED] Creation of dynamic property SysAdmin\Controllers\Category::$CateModel is deprecated in ROOTPATH\SysAdmin\Controllers\Category.php on line 22.
 1 SYSTEMPATH\CodeIgniter.php(903): SysAdmin\Controllers\Category->__construct()
 2 SYSTEMPATH\CodeIgniter.php(498): CodeIgniter\CodeIgniter->createController()
 3 SYSTEMPATH\CodeIgniter.php(354): CodeIgniter\CodeIgniter->handleRequest(null, Object(Config\Cache), false)
 4 SYSTEMPATH\Boot.php(334): CodeIgniter\CodeIgniter->run()
 5 SYSTEMPATH\Boot.php(67): CodeIgniter\Boot::runCodeIgniter(Object(CodeIgniter\CodeIgniter))
 6 FCPATH\index.php(56): CodeIgniter\Boot::bootWeb(Object(Config\Paths))
DEBUG - 2025-03-24 07:44:02 --> Session: Class initialized using 'CodeIgniter\Session\Handlers\FileHandler' driver.
WARNING - 2025-03-24 07:44:02 --> [DEPRECATED] Creation of dynamic property SysAdmin\Controllers\Category::$session is deprecated in ROOTPATH\SysAdmin\Controllers\BaseController.php on line 51.
 1 ROOTPATH\SysAdmin\Controllers\Category.php(9): SysAdmin\Controllers\BaseController->__construct()
 2 SYSTEMPATH\CodeIgniter.php(903): SysAdmin\Controllers\Category->__construct()
 3 SYSTEMPATH\CodeIgniter.php(498): CodeIgniter\CodeIgniter->createController()
 4 SYSTEMPATH\CodeIgniter.php(354): CodeIgniter\CodeIgniter->handleRequest(null, Object(Config\Cache), false)
 5 SYSTEMPATH\Boot.php(334): CodeIgniter\CodeIgniter->run()
 6 SYSTEMPATH\Boot.php(67): CodeIgniter\Boot::runCodeIgniter(Object(CodeIgniter\CodeIgniter))
 7 FCPATH\index.php(56): CodeIgniter\Boot::bootWeb(Object(Config\Paths))
WARNING - 2025-03-24 07:44:02 --> [DEPRECATED] Creation of dynamic property SysAdmin\Controllers\Category::$encrypter is deprecated in ROOTPATH\SysAdmin\Controllers\BaseController.php on line 52.
 1 ROOTPATH\SysAdmin\Controllers\Category.php(9): SysAdmin\Controllers\BaseController->__construct()
 2 SYSTEMPATH\CodeIgniter.php(903): SysAdmin\Controllers\Category->__construct()
 3 SYSTEMPATH\CodeIgniter.php(498): CodeIgniter\CodeIgniter->createController()
 4 SYSTEMPATH\CodeIgniter.php(354): CodeIgniter\CodeIgniter->handleRequest(null, Object(Config\Cache), false)
 5 SYSTEMPATH\Boot.php(334): CodeIgniter\CodeIgniter->run()
 6 SYSTEMPATH\Boot.php(67): CodeIgniter\Boot::runCodeIgniter(Object(CodeIgniter\CodeIgniter))
 7 FCPATH\index.php(56): CodeIgniter\Boot::bootWeb(Object(Config\Paths))
WARNING - 2025-03-24 07:44:02 --> [DEPRECATED] Creation of dynamic property SysAdmin\Controllers\Category::$nav_mold is deprecated in ROOTPATH\SysAdmin\Controllers\Category.php on line 10.
 1 SYSTEMPATH\CodeIgniter.php(903): SysAdmin\Controllers\Category->__construct()
 2 SYSTEMPATH\CodeIgniter.php(498): CodeIgniter\CodeIgniter->createController()
 3 SYSTEMPATH\CodeIgniter.php(354): CodeIgniter\CodeIgniter->handleRequest(null, Object(Config\Cache), false)
 4 SYSTEMPATH\Boot.php(334): CodeIgniter\CodeIgniter->run()
 5 SYSTEMPATH\Boot.php(67): CodeIgniter\Boot::runCodeIgniter(Object(CodeIgniter\CodeIgniter))
 6 FCPATH\index.php(56): CodeIgniter\Boot::bootWeb(Object(Config\Paths))
WARNING - 2025-03-24 07:44:02 --> [DEPRECATED] Creation of dynamic property SysAdmin\Controllers\Category::$CateModel is deprecated in ROOTPATH\SysAdmin\Controllers\Category.php on line 22.
 1 SYSTEMPATH\CodeIgniter.php(903): SysAdmin\Controllers\Category->__construct()
 2 SYSTEMPATH\CodeIgniter.php(498): CodeIgniter\CodeIgniter->createController()
 3 SYSTEMPATH\CodeIgniter.php(354): CodeIgniter\CodeIgniter->handleRequest(null, Object(Config\Cache), false)
 4 SYSTEMPATH\Boot.php(334): CodeIgniter\CodeIgniter->run()
 5 SYSTEMPATH\Boot.php(67): CodeIgniter\Boot::runCodeIgniter(Object(CodeIgniter\CodeIgniter))
 6 FCPATH\index.php(56): CodeIgniter\Boot::bootWeb(Object(Config\Paths))
DEBUG - 2025-03-24 07:44:05 --> Session: Class initialized using 'CodeIgniter\Session\Handlers\FileHandler' driver.
WARNING - 2025-03-24 07:44:05 --> [DEPRECATED] Creation of dynamic property SysAdmin\Controllers\Category::$session is deprecated in ROOTPATH\SysAdmin\Controllers\BaseController.php on line 51.
 1 ROOTPATH\SysAdmin\Controllers\Category.php(9): SysAdmin\Controllers\BaseController->__construct()
 2 SYSTEMPATH\CodeIgniter.php(903): SysAdmin\Controllers\Category->__construct()
 3 SYSTEMPATH\CodeIgniter.php(498): CodeIgniter\CodeIgniter->createController()
 4 SYSTEMPATH\CodeIgniter.php(354): CodeIgniter\CodeIgniter->handleRequest(null, Object(Config\Cache), false)
 5 SYSTEMPATH\Boot.php(334): CodeIgniter\CodeIgniter->run()
 6 SYSTEMPATH\Boot.php(67): CodeIgniter\Boot::runCodeIgniter(Object(CodeIgniter\CodeIgniter))
 7 FCPATH\index.php(56): CodeIgniter\Boot::bootWeb(Object(Config\Paths))
WARNING - 2025-03-24 07:44:05 --> [DEPRECATED] Creation of dynamic property SysAdmin\Controllers\Category::$encrypter is deprecated in ROOTPATH\SysAdmin\Controllers\BaseController.php on line 52.
 1 ROOTPATH\SysAdmin\Controllers\Category.php(9): SysAdmin\Controllers\BaseController->__construct()
 2 SYSTEMPATH\CodeIgniter.php(903): SysAdmin\Controllers\Category->__construct()
 3 SYSTEMPATH\CodeIgniter.php(498): CodeIgniter\CodeIgniter->createController()
 4 SYSTEMPATH\CodeIgniter.php(354): CodeIgniter\CodeIgniter->handleRequest(null, Object(Config\Cache), false)
 5 SYSTEMPATH\Boot.php(334): CodeIgniter\CodeIgniter->run()
 6 SYSTEMPATH\Boot.php(67): CodeIgniter\Boot::runCodeIgniter(Object(CodeIgniter\CodeIgniter))
 7 FCPATH\index.php(56): CodeIgniter\Boot::bootWeb(Object(Config\Paths))
WARNING - 2025-03-24 07:44:05 --> [DEPRECATED] Creation of dynamic property SysAdmin\Controllers\Category::$nav_mold is deprecated in ROOTPATH\SysAdmin\Controllers\Category.php on line 10.
 1 SYSTEMPATH\CodeIgniter.php(903): SysAdmin\Controllers\Category->__construct()
 2 SYSTEMPATH\CodeIgniter.php(498): CodeIgniter\CodeIgniter->createController()
 3 SYSTEMPATH\CodeIgniter.php(354): CodeIgniter\CodeIgniter->handleRequest(null, Object(Config\Cache), false)
 4 SYSTEMPATH\Boot.php(334): CodeIgniter\CodeIgniter->run()
 5 SYSTEMPATH\Boot.php(67): CodeIgniter\Boot::runCodeIgniter(Object(CodeIgniter\CodeIgniter))
 6 FCPATH\index.php(56): CodeIgniter\Boot::bootWeb(Object(Config\Paths))
WARNING - 2025-03-24 07:44:05 --> [DEPRECATED] Creation of dynamic property SysAdmin\Controllers\Category::$CateModel is deprecated in ROOTPATH\SysAdmin\Controllers\Category.php on line 22.
 1 SYSTEMPATH\CodeIgniter.php(903): SysAdmin\Controllers\Category->__construct()
 2 SYSTEMPATH\CodeIgniter.php(498): CodeIgniter\CodeIgniter->createController()
 3 SYSTEMPATH\CodeIgniter.php(354): CodeIgniter\CodeIgniter->handleRequest(null, Object(Config\Cache), false)
 4 SYSTEMPATH\Boot.php(334): CodeIgniter\CodeIgniter->run()
 5 SYSTEMPATH\Boot.php(67): CodeIgniter\Boot::runCodeIgniter(Object(CodeIgniter\CodeIgniter))
 6 FCPATH\index.php(56): CodeIgniter\Boot::bootWeb(Object(Config\Paths))
DEBUG - 2025-03-24 07:44:07 --> Session: Class initialized using 'CodeIgniter\Session\Handlers\FileHandler' driver.
WARNING - 2025-03-24 07:44:07 --> [DEPRECATED] Creation of dynamic property SysAdmin\Controllers\Category::$session is deprecated in ROOTPATH\SysAdmin\Controllers\BaseController.php on line 51.
 1 ROOTPATH\SysAdmin\Controllers\Category.php(9): SysAdmin\Controllers\BaseController->__construct()
 2 SYSTEMPATH\CodeIgniter.php(903): SysAdmin\Controllers\Category->__construct()
 3 SYSTEMPATH\CodeIgniter.php(498): CodeIgniter\CodeIgniter->createController()
 4 SYSTEMPATH\CodeIgniter.php(354): CodeIgniter\CodeIgniter->handleRequest(null, Object(Config\Cache), false)
 5 SYSTEMPATH\Boot.php(334): CodeIgniter\CodeIgniter->run()
 6 SYSTEMPATH\Boot.php(67): CodeIgniter\Boot::runCodeIgniter(Object(CodeIgniter\CodeIgniter))
 7 FCPATH\index.php(56): CodeIgniter\Boot::bootWeb(Object(Config\Paths))
WARNING - 2025-03-24 07:44:07 --> [DEPRECATED] Creation of dynamic property SysAdmin\Controllers\Category::$encrypter is deprecated in ROOTPATH\SysAdmin\Controllers\BaseController.php on line 52.
 1 ROOTPATH\SysAdmin\Controllers\Category.php(9): SysAdmin\Controllers\BaseController->__construct()
 2 SYSTEMPATH\CodeIgniter.php(903): SysAdmin\Controllers\Category->__construct()
 3 SYSTEMPATH\CodeIgniter.php(498): CodeIgniter\CodeIgniter->createController()
 4 SYSTEMPATH\CodeIgniter.php(354): CodeIgniter\CodeIgniter->handleRequest(null, Object(Config\Cache), false)
 5 SYSTEMPATH\Boot.php(334): CodeIgniter\CodeIgniter->run()
 6 SYSTEMPATH\Boot.php(67): CodeIgniter\Boot::runCodeIgniter(Object(CodeIgniter\CodeIgniter))
 7 FCPATH\index.php(56): CodeIgniter\Boot::bootWeb(Object(Config\Paths))
WARNING - 2025-03-24 07:44:07 --> [DEPRECATED] Creation of dynamic property SysAdmin\Controllers\Category::$nav_mold is deprecated in ROOTPATH\SysAdmin\Controllers\Category.php on line 10.
 1 SYSTEMPATH\CodeIgniter.php(903): SysAdmin\Controllers\Category->__construct()
 2 SYSTEMPATH\CodeIgniter.php(498): CodeIgniter\CodeIgniter->createController()
 3 SYSTEMPATH\CodeIgniter.php(354): CodeIgniter\CodeIgniter->handleRequest(null, Object(Config\Cache), false)
 4 SYSTEMPATH\Boot.php(334): CodeIgniter\CodeIgniter->run()
 5 SYSTEMPATH\Boot.php(67): CodeIgniter\Boot::runCodeIgniter(Object(CodeIgniter\CodeIgniter))
 6 FCPATH\index.php(56): CodeIgniter\Boot::bootWeb(Object(Config\Paths))
WARNING - 2025-03-24 07:44:07 --> [DEPRECATED] Creation of dynamic property SysAdmin\Controllers\Category::$CateModel is deprecated in ROOTPATH\SysAdmin\Controllers\Category.php on line 22.
 1 SYSTEMPATH\CodeIgniter.php(903): SysAdmin\Controllers\Category->__construct()
 2 SYSTEMPATH\CodeIgniter.php(498): CodeIgniter\CodeIgniter->createController()
 3 SYSTEMPATH\CodeIgniter.php(354): CodeIgniter\CodeIgniter->handleRequest(null, Object(Config\Cache), false)
 4 SYSTEMPATH\Boot.php(334): CodeIgniter\CodeIgniter->run()
 5 SYSTEMPATH\Boot.php(67): CodeIgniter\Boot::runCodeIgniter(Object(CodeIgniter\CodeIgniter))
 6 FCPATH\index.php(56): CodeIgniter\Boot::bootWeb(Object(Config\Paths))
DEBUG - 2025-03-24 07:44:11 --> Session: Class initialized using 'CodeIgniter\Session\Handlers\FileHandler' driver.
WARNING - 2025-03-24 07:44:11 --> [DEPRECATED] Creation of dynamic property SysAdmin\Controllers\Category::$session is deprecated in ROOTPATH\SysAdmin\Controllers\BaseController.php on line 51.
 1 ROOTPATH\SysAdmin\Controllers\Category.php(9): SysAdmin\Controllers\BaseController->__construct()
 2 SYSTEMPATH\CodeIgniter.php(903): SysAdmin\Controllers\Category->__construct()
 3 SYSTEMPATH\CodeIgniter.php(498): CodeIgniter\CodeIgniter->createController()
 4 SYSTEMPATH\CodeIgniter.php(354): CodeIgniter\CodeIgniter->handleRequest(null, Object(Config\Cache), false)
 5 SYSTEMPATH\Boot.php(334): CodeIgniter\CodeIgniter->run()
 6 SYSTEMPATH\Boot.php(67): CodeIgniter\Boot::runCodeIgniter(Object(CodeIgniter\CodeIgniter))
 7 FCPATH\index.php(56): CodeIgniter\Boot::bootWeb(Object(Config\Paths))
WARNING - 2025-03-24 07:44:11 --> [DEPRECATED] Creation of dynamic property SysAdmin\Controllers\Category::$encrypter is deprecated in ROOTPATH\SysAdmin\Controllers\BaseController.php on line 52.
 1 ROOTPATH\SysAdmin\Controllers\Category.php(9): SysAdmin\Controllers\BaseController->__construct()
 2 SYSTEMPATH\CodeIgniter.php(903): SysAdmin\Controllers\Category->__construct()
 3 SYSTEMPATH\CodeIgniter.php(498): CodeIgniter\CodeIgniter->createController()
 4 SYSTEMPATH\CodeIgniter.php(354): CodeIgniter\CodeIgniter->handleRequest(null, Object(Config\Cache), false)
 5 SYSTEMPATH\Boot.php(334): CodeIgniter\CodeIgniter->run()
 6 SYSTEMPATH\Boot.php(67): CodeIgniter\Boot::runCodeIgniter(Object(CodeIgniter\CodeIgniter))
 7 FCPATH\index.php(56): CodeIgniter\Boot::bootWeb(Object(Config\Paths))
WARNING - 2025-03-24 07:44:11 --> [DEPRECATED] Creation of dynamic property SysAdmin\Controllers\Category::$nav_mold is deprecated in ROOTPATH\SysAdmin\Controllers\Category.php on line 10.
 1 SYSTEMPATH\CodeIgniter.php(903): SysAdmin\Controllers\Category->__construct()
 2 SYSTEMPATH\CodeIgniter.php(498): CodeIgniter\CodeIgniter->createController()
 3 SYSTEMPATH\CodeIgniter.php(354): CodeIgniter\CodeIgniter->handleRequest(null, Object(Config\Cache), false)
 4 SYSTEMPATH\Boot.php(334): CodeIgniter\CodeIgniter->run()
 5 SYSTEMPATH\Boot.php(67): CodeIgniter\Boot::runCodeIgniter(Object(CodeIgniter\CodeIgniter))
 6 FCPATH\index.php(56): CodeIgniter\Boot::bootWeb(Object(Config\Paths))
WARNING - 2025-03-24 07:44:11 --> [DEPRECATED] Creation of dynamic property SysAdmin\Controllers\Category::$CateModel is deprecated in ROOTPATH\SysAdmin\Controllers\Category.php on line 22.
 1 SYSTEMPATH\CodeIgniter.php(903): SysAdmin\Controllers\Category->__construct()
 2 SYSTEMPATH\CodeIgniter.php(498): CodeIgniter\CodeIgniter->createController()
 3 SYSTEMPATH\CodeIgniter.php(354): CodeIgniter\CodeIgniter->handleRequest(null, Object(Config\Cache), false)
 4 SYSTEMPATH\Boot.php(334): CodeIgniter\CodeIgniter->run()
 5 SYSTEMPATH\Boot.php(67): CodeIgniter\Boot::runCodeIgniter(Object(CodeIgniter\CodeIgniter))
 6 FCPATH\index.php(56): CodeIgniter\Boot::bootWeb(Object(Config\Paths))
DEBUG - 2025-03-24 07:44:15 --> Session: Class initialized using 'CodeIgniter\Session\Handlers\FileHandler' driver.
WARNING - 2025-03-24 07:44:15 --> [DEPRECATED] Creation of dynamic property SysAdmin\Controllers\Category::$session is deprecated in ROOTPATH\SysAdmin\Controllers\BaseController.php on line 51.
 1 ROOTPATH\SysAdmin\Controllers\Category.php(9): SysAdmin\Controllers\BaseController->__construct()
 2 SYSTEMPATH\CodeIgniter.php(903): SysAdmin\Controllers\Category->__construct()
 3 SYSTEMPATH\CodeIgniter.php(498): CodeIgniter\CodeIgniter->createController()
 4 SYSTEMPATH\CodeIgniter.php(354): CodeIgniter\CodeIgniter->handleRequest(null, Object(Config\Cache), false)
 5 SYSTEMPATH\Boot.php(334): CodeIgniter\CodeIgniter->run()
 6 SYSTEMPATH\Boot.php(67): CodeIgniter\Boot::runCodeIgniter(Object(CodeIgniter\CodeIgniter))
 7 FCPATH\index.php(56): CodeIgniter\Boot::bootWeb(Object(Config\Paths))
WARNING - 2025-03-24 07:44:15 --> [DEPRECATED] Creation of dynamic property SysAdmin\Controllers\Category::$encrypter is deprecated in ROOTPATH\SysAdmin\Controllers\BaseController.php on line 52.
 1 ROOTPATH\SysAdmin\Controllers\Category.php(9): SysAdmin\Controllers\BaseController->__construct()
 2 SYSTEMPATH\CodeIgniter.php(903): SysAdmin\Controllers\Category->__construct()
 3 SYSTEMPATH\CodeIgniter.php(498): CodeIgniter\CodeIgniter->createController()
 4 SYSTEMPATH\CodeIgniter.php(354): CodeIgniter\CodeIgniter->handleRequest(null, Object(Config\Cache), false)
 5 SYSTEMPATH\Boot.php(334): CodeIgniter\CodeIgniter->run()
 6 SYSTEMPATH\Boot.php(67): CodeIgniter\Boot::runCodeIgniter(Object(CodeIgniter\CodeIgniter))
 7 FCPATH\index.php(56): CodeIgniter\Boot::bootWeb(Object(Config\Paths))
WARNING - 2025-03-24 07:44:15 --> [DEPRECATED] Creation of dynamic property SysAdmin\Controllers\Category::$nav_mold is deprecated in ROOTPATH\SysAdmin\Controllers\Category.php on line 10.
 1 SYSTEMPATH\CodeIgniter.php(903): SysAdmin\Controllers\Category->__construct()
 2 SYSTEMPATH\CodeIgniter.php(498): CodeIgniter\CodeIgniter->createController()
 3 SYSTEMPATH\CodeIgniter.php(354): CodeIgniter\CodeIgniter->handleRequest(null, Object(Config\Cache), false)
 4 SYSTEMPATH\Boot.php(334): CodeIgniter\CodeIgniter->run()
 5 SYSTEMPATH\Boot.php(67): CodeIgniter\Boot::runCodeIgniter(Object(CodeIgniter\CodeIgniter))
 6 FCPATH\index.php(56): CodeIgniter\Boot::bootWeb(Object(Config\Paths))
WARNING - 2025-03-24 07:44:15 --> [DEPRECATED] Creation of dynamic property SysAdmin\Controllers\Category::$CateModel is deprecated in ROOTPATH\SysAdmin\Controllers\Category.php on line 22.
 1 SYSTEMPATH\CodeIgniter.php(903): SysAdmin\Controllers\Category->__construct()
 2 SYSTEMPATH\CodeIgniter.php(498): CodeIgniter\CodeIgniter->createController()
 3 SYSTEMPATH\CodeIgniter.php(354): CodeIgniter\CodeIgniter->handleRequest(null, Object(Config\Cache), false)
 4 SYSTEMPATH\Boot.php(334): CodeIgniter\CodeIgniter->run()
 5 SYSTEMPATH\Boot.php(67): CodeIgniter\Boot::runCodeIgniter(Object(CodeIgniter\CodeIgniter))
 6 FCPATH\index.php(56): CodeIgniter\Boot::bootWeb(Object(Config\Paths))
DEBUG - 2025-03-24 07:44:18 --> Session: Class initialized using 'CodeIgniter\Session\Handlers\FileHandler' driver.
WARNING - 2025-03-24 07:44:18 --> [DEPRECATED] Creation of dynamic property SysAdmin\Controllers\Category::$session is deprecated in ROOTPATH\SysAdmin\Controllers\BaseController.php on line 51.
 1 ROOTPATH\SysAdmin\Controllers\Category.php(9): SysAdmin\Controllers\BaseController->__construct()
 2 SYSTEMPATH\CodeIgniter.php(903): SysAdmin\Controllers\Category->__construct()
 3 SYSTEMPATH\CodeIgniter.php(498): CodeIgniter\CodeIgniter->createController()
 4 SYSTEMPATH\CodeIgniter.php(354): CodeIgniter\CodeIgniter->handleRequest(null, Object(Config\Cache), false)
 5 SYSTEMPATH\Boot.php(334): CodeIgniter\CodeIgniter->run()
 6 SYSTEMPATH\Boot.php(67): CodeIgniter\Boot::runCodeIgniter(Object(CodeIgniter\CodeIgniter))
 7 FCPATH\index.php(56): CodeIgniter\Boot::bootWeb(Object(Config\Paths))
WARNING - 2025-03-24 07:44:18 --> [DEPRECATED] Creation of dynamic property SysAdmin\Controllers\Category::$encrypter is deprecated in ROOTPATH\SysAdmin\Controllers\BaseController.php on line 52.
 1 ROOTPATH\SysAdmin\Controllers\Category.php(9): SysAdmin\Controllers\BaseController->__construct()
 2 SYSTEMPATH\CodeIgniter.php(903): SysAdmin\Controllers\Category->__construct()
 3 SYSTEMPATH\CodeIgniter.php(498): CodeIgniter\CodeIgniter->createController()
 4 SYSTEMPATH\CodeIgniter.php(354): CodeIgniter\CodeIgniter->handleRequest(null, Object(Config\Cache), false)
 5 SYSTEMPATH\Boot.php(334): CodeIgniter\CodeIgniter->run()
 6 SYSTEMPATH\Boot.php(67): CodeIgniter\Boot::runCodeIgniter(Object(CodeIgniter\CodeIgniter))
 7 FCPATH\index.php(56): CodeIgniter\Boot::bootWeb(Object(Config\Paths))
WARNING - 2025-03-24 07:44:18 --> [DEPRECATED] Creation of dynamic property SysAdmin\Controllers\Category::$nav_mold is deprecated in ROOTPATH\SysAdmin\Controllers\Category.php on line 10.
 1 SYSTEMPATH\CodeIgniter.php(903): SysAdmin\Controllers\Category->__construct()
 2 SYSTEMPATH\CodeIgniter.php(498): CodeIgniter\CodeIgniter->createController()
 3 SYSTEMPATH\CodeIgniter.php(354): CodeIgniter\CodeIgniter->handleRequest(null, Object(Config\Cache), false)
 4 SYSTEMPATH\Boot.php(334): CodeIgniter\CodeIgniter->run()
 5 SYSTEMPATH\Boot.php(67): CodeIgniter\Boot::runCodeIgniter(Object(CodeIgniter\CodeIgniter))
 6 FCPATH\index.php(56): CodeIgniter\Boot::bootWeb(Object(Config\Paths))
WARNING - 2025-03-24 07:44:18 --> [DEPRECATED] Creation of dynamic property SysAdmin\Controllers\Category::$CateModel is deprecated in ROOTPATH\SysAdmin\Controllers\Category.php on line 22.
 1 SYSTEMPATH\CodeIgniter.php(903): SysAdmin\Controllers\Category->__construct()
 2 SYSTEMPATH\CodeIgniter.php(498): CodeIgniter\CodeIgniter->createController()
 3 SYSTEMPATH\CodeIgniter.php(354): CodeIgniter\CodeIgniter->handleRequest(null, Object(Config\Cache), false)
 4 SYSTEMPATH\Boot.php(334): CodeIgniter\CodeIgniter->run()
 5 SYSTEMPATH\Boot.php(67): CodeIgniter\Boot::runCodeIgniter(Object(CodeIgniter\CodeIgniter))
 6 FCPATH\index.php(56): CodeIgniter\Boot::bootWeb(Object(Config\Paths))
DEBUG - 2025-03-24 07:44:43 --> Session: Class initialized using 'CodeIgniter\Session\Handlers\FileHandler' driver.
WARNING - 2025-03-24 07:44:43 --> [DEPRECATED] Creation of dynamic property SysAdmin\Controllers\Category::$session is deprecated in ROOTPATH\SysAdmin\Controllers\BaseController.php on line 51.
 1 ROOTPATH\SysAdmin\Controllers\Category.php(9): SysAdmin\Controllers\BaseController->__construct()
 2 SYSTEMPATH\CodeIgniter.php(903): SysAdmin\Controllers\Category->__construct()
 3 SYSTEMPATH\CodeIgniter.php(498): CodeIgniter\CodeIgniter->createController()
 4 SYSTEMPATH\CodeIgniter.php(354): CodeIgniter\CodeIgniter->handleRequest(null, Object(Config\Cache), false)
 5 SYSTEMPATH\Boot.php(334): CodeIgniter\CodeIgniter->run()
 6 SYSTEMPATH\Boot.php(67): CodeIgniter\Boot::runCodeIgniter(Object(CodeIgniter\CodeIgniter))
 7 FCPATH\index.php(56): CodeIgniter\Boot::bootWeb(Object(Config\Paths))
WARNING - 2025-03-24 07:44:43 --> [DEPRECATED] Creation of dynamic property SysAdmin\Controllers\Category::$encrypter is deprecated in ROOTPATH\SysAdmin\Controllers\BaseController.php on line 52.
 1 ROOTPATH\SysAdmin\Controllers\Category.php(9): SysAdmin\Controllers\BaseController->__construct()
 2 SYSTEMPATH\CodeIgniter.php(903): SysAdmin\Controllers\Category->__construct()
 3 SYSTEMPATH\CodeIgniter.php(498): CodeIgniter\CodeIgniter->createController()
 4 SYSTEMPATH\CodeIgniter.php(354): CodeIgniter\CodeIgniter->handleRequest(null, Object(Config\Cache), false)
 5 SYSTEMPATH\Boot.php(334): CodeIgniter\CodeIgniter->run()
 6 SYSTEMPATH\Boot.php(67): CodeIgniter\Boot::runCodeIgniter(Object(CodeIgniter\CodeIgniter))
 7 FCPATH\index.php(56): CodeIgniter\Boot::bootWeb(Object(Config\Paths))
WARNING - 2025-03-24 07:44:43 --> [DEPRECATED] Creation of dynamic property SysAdmin\Controllers\Category::$nav_mold is deprecated in ROOTPATH\SysAdmin\Controllers\Category.php on line 10.
 1 SYSTEMPATH\CodeIgniter.php(903): SysAdmin\Controllers\Category->__construct()
 2 SYSTEMPATH\CodeIgniter.php(498): CodeIgniter\CodeIgniter->createController()
 3 SYSTEMPATH\CodeIgniter.php(354): CodeIgniter\CodeIgniter->handleRequest(null, Object(Config\Cache), false)
 4 SYSTEMPATH\Boot.php(334): CodeIgniter\CodeIgniter->run()
 5 SYSTEMPATH\Boot.php(67): CodeIgniter\Boot::runCodeIgniter(Object(CodeIgniter\CodeIgniter))
 6 FCPATH\index.php(56): CodeIgniter\Boot::bootWeb(Object(Config\Paths))
WARNING - 2025-03-24 07:44:43 --> [DEPRECATED] Creation of dynamic property SysAdmin\Controllers\Category::$CateModel is deprecated in ROOTPATH\SysAdmin\Controllers\Category.php on line 22.
 1 SYSTEMPATH\CodeIgniter.php(903): SysAdmin\Controllers\Category->__construct()
 2 SYSTEMPATH\CodeIgniter.php(498): CodeIgniter\CodeIgniter->createController()
 3 SYSTEMPATH\CodeIgniter.php(354): CodeIgniter\CodeIgniter->handleRequest(null, Object(Config\Cache), false)
 4 SYSTEMPATH\Boot.php(334): CodeIgniter\CodeIgniter->run()
 5 SYSTEMPATH\Boot.php(67): CodeIgniter\Boot::runCodeIgniter(Object(CodeIgniter\CodeIgniter))
 6 FCPATH\index.php(56): CodeIgniter\Boot::bootWeb(Object(Config\Paths))
DEBUG - 2025-03-24 07:44:45 --> Session: Class initialized using 'CodeIgniter\Session\Handlers\FileHandler' driver.
WARNING - 2025-03-24 07:44:45 --> [DEPRECATED] Creation of dynamic property SysAdmin\Controllers\Category::$session is deprecated in ROOTPATH\SysAdmin\Controllers\BaseController.php on line 51.
 1 ROOTPATH\SysAdmin\Controllers\Category.php(9): SysAdmin\Controllers\BaseController->__construct()
 2 SYSTEMPATH\CodeIgniter.php(903): SysAdmin\Controllers\Category->__construct()
 3 SYSTEMPATH\CodeIgniter.php(498): CodeIgniter\CodeIgniter->createController()
 4 SYSTEMPATH\CodeIgniter.php(354): CodeIgniter\CodeIgniter->handleRequest(null, Object(Config\Cache), false)
 5 SYSTEMPATH\Boot.php(334): CodeIgniter\CodeIgniter->run()
 6 SYSTEMPATH\Boot.php(67): CodeIgniter\Boot::runCodeIgniter(Object(CodeIgniter\CodeIgniter))
 7 FCPATH\index.php(56): CodeIgniter\Boot::bootWeb(Object(Config\Paths))
WARNING - 2025-03-24 07:44:45 --> [DEPRECATED] Creation of dynamic property SysAdmin\Controllers\Category::$encrypter is deprecated in ROOTPATH\SysAdmin\Controllers\BaseController.php on line 52.
 1 ROOTPATH\SysAdmin\Controllers\Category.php(9): SysAdmin\Controllers\BaseController->__construct()
 2 SYSTEMPATH\CodeIgniter.php(903): SysAdmin\Controllers\Category->__construct()
 3 SYSTEMPATH\CodeIgniter.php(498): CodeIgniter\CodeIgniter->createController()
 4 SYSTEMPATH\CodeIgniter.php(354): CodeIgniter\CodeIgniter->handleRequest(null, Object(Config\Cache), false)
 5 SYSTEMPATH\Boot.php(334): CodeIgniter\CodeIgniter->run()
 6 SYSTEMPATH\Boot.php(67): CodeIgniter\Boot::runCodeIgniter(Object(CodeIgniter\CodeIgniter))
 7 FCPATH\index.php(56): CodeIgniter\Boot::bootWeb(Object(Config\Paths))
WARNING - 2025-03-24 07:44:45 --> [DEPRECATED] Creation of dynamic property SysAdmin\Controllers\Category::$nav_mold is deprecated in ROOTPATH\SysAdmin\Controllers\Category.php on line 10.
 1 SYSTEMPATH\CodeIgniter.php(903): SysAdmin\Controllers\Category->__construct()
 2 SYSTEMPATH\CodeIgniter.php(498): CodeIgniter\CodeIgniter->createController()
 3 SYSTEMPATH\CodeIgniter.php(354): CodeIgniter\CodeIgniter->handleRequest(null, Object(Config\Cache), false)
 4 SYSTEMPATH\Boot.php(334): CodeIgniter\CodeIgniter->run()
 5 SYSTEMPATH\Boot.php(67): CodeIgniter\Boot::runCodeIgniter(Object(CodeIgniter\CodeIgniter))
 6 FCPATH\index.php(56): CodeIgniter\Boot::bootWeb(Object(Config\Paths))
WARNING - 2025-03-24 07:44:45 --> [DEPRECATED] Creation of dynamic property SysAdmin\Controllers\Category::$CateModel is deprecated in ROOTPATH\SysAdmin\Controllers\Category.php on line 22.
 1 SYSTEMPATH\CodeIgniter.php(903): SysAdmin\Controllers\Category->__construct()
 2 SYSTEMPATH\CodeIgniter.php(498): CodeIgniter\CodeIgniter->createController()
 3 SYSTEMPATH\CodeIgniter.php(354): CodeIgniter\CodeIgniter->handleRequest(null, Object(Config\Cache), false)
 4 SYSTEMPATH\Boot.php(334): CodeIgniter\CodeIgniter->run()
 5 SYSTEMPATH\Boot.php(67): CodeIgniter\Boot::runCodeIgniter(Object(CodeIgniter\CodeIgniter))
 6 FCPATH\index.php(56): CodeIgniter\Boot::bootWeb(Object(Config\Paths))
DEBUG - 2025-03-24 07:44:46 --> Session: Class initialized using 'CodeIgniter\Session\Handlers\FileHandler' driver.
WARNING - 2025-03-24 07:44:46 --> [DEPRECATED] Creation of dynamic property SysAdmin\Controllers\Category::$session is deprecated in ROOTPATH\SysAdmin\Controllers\BaseController.php on line 51.
 1 ROOTPATH\SysAdmin\Controllers\Category.php(9): SysAdmin\Controllers\BaseController->__construct()
 2 SYSTEMPATH\CodeIgniter.php(903): SysAdmin\Controllers\Category->__construct()
 3 SYSTEMPATH\CodeIgniter.php(498): CodeIgniter\CodeIgniter->createController()
 4 SYSTEMPATH\CodeIgniter.php(354): CodeIgniter\CodeIgniter->handleRequest(null, Object(Config\Cache), false)
 5 SYSTEMPATH\Boot.php(334): CodeIgniter\CodeIgniter->run()
 6 SYSTEMPATH\Boot.php(67): CodeIgniter\Boot::runCodeIgniter(Object(CodeIgniter\CodeIgniter))
 7 FCPATH\index.php(56): CodeIgniter\Boot::bootWeb(Object(Config\Paths))
WARNING - 2025-03-24 07:44:46 --> [DEPRECATED] Creation of dynamic property SysAdmin\Controllers\Category::$encrypter is deprecated in ROOTPATH\SysAdmin\Controllers\BaseController.php on line 52.
 1 ROOTPATH\SysAdmin\Controllers\Category.php(9): SysAdmin\Controllers\BaseController->__construct()
 2 SYSTEMPATH\CodeIgniter.php(903): SysAdmin\Controllers\Category->__construct()
 3 SYSTEMPATH\CodeIgniter.php(498): CodeIgniter\CodeIgniter->createController()
 4 SYSTEMPATH\CodeIgniter.php(354): CodeIgniter\CodeIgniter->handleRequest(null, Object(Config\Cache), false)
 5 SYSTEMPATH\Boot.php(334): CodeIgniter\CodeIgniter->run()
 6 SYSTEMPATH\Boot.php(67): CodeIgniter\Boot::runCodeIgniter(Object(CodeIgniter\CodeIgniter))
 7 FCPATH\index.php(56): CodeIgniter\Boot::bootWeb(Object(Config\Paths))
WARNING - 2025-03-24 07:44:46 --> [DEPRECATED] Creation of dynamic property SysAdmin\Controllers\Category::$nav_mold is deprecated in ROOTPATH\SysAdmin\Controllers\Category.php on line 10.
 1 SYSTEMPATH\CodeIgniter.php(903): SysAdmin\Controllers\Category->__construct()
 2 SYSTEMPATH\CodeIgniter.php(498): CodeIgniter\CodeIgniter->createController()
 3 SYSTEMPATH\CodeIgniter.php(354): CodeIgniter\CodeIgniter->handleRequest(null, Object(Config\Cache), false)
 4 SYSTEMPATH\Boot.php(334): CodeIgniter\CodeIgniter->run()
 5 SYSTEMPATH\Boot.php(67): CodeIgniter\Boot::runCodeIgniter(Object(CodeIgniter\CodeIgniter))
 6 FCPATH\index.php(56): CodeIgniter\Boot::bootWeb(Object(Config\Paths))
WARNING - 2025-03-24 07:44:46 --> [DEPRECATED] Creation of dynamic property SysAdmin\Controllers\Category::$CateModel is deprecated in ROOTPATH\SysAdmin\Controllers\Category.php on line 22.
 1 SYSTEMPATH\CodeIgniter.php(903): SysAdmin\Controllers\Category->__construct()
 2 SYSTEMPATH\CodeIgniter.php(498): CodeIgniter\CodeIgniter->createController()
 3 SYSTEMPATH\CodeIgniter.php(354): CodeIgniter\CodeIgniter->handleRequest(null, Object(Config\Cache), false)
 4 SYSTEMPATH\Boot.php(334): CodeIgniter\CodeIgniter->run()
 5 SYSTEMPATH\Boot.php(67): CodeIgniter\Boot::runCodeIgniter(Object(CodeIgniter\CodeIgniter))
 6 FCPATH\index.php(56): CodeIgniter\Boot::bootWeb(Object(Config\Paths))
DEBUG - 2025-03-24 07:45:45 --> Session: Class initialized using 'CodeIgniter\Session\Handlers\FileHandler' driver.
WARNING - 2025-03-24 07:45:45 --> [DEPRECATED] Creation of dynamic property SysAdmin\Controllers\Category::$session is deprecated in ROOTPATH\SysAdmin\Controllers\BaseController.php on line 51.
 1 ROOTPATH\SysAdmin\Controllers\Category.php(9): SysAdmin\Controllers\BaseController->__construct()
 2 SYSTEMPATH\CodeIgniter.php(903): SysAdmin\Controllers\Category->__construct()
 3 SYSTEMPATH\CodeIgniter.php(498): CodeIgniter\CodeIgniter->createController()
 4 SYSTEMPATH\CodeIgniter.php(354): CodeIgniter\CodeIgniter->handleRequest(null, Object(Config\Cache), false)
 5 SYSTEMPATH\Boot.php(334): CodeIgniter\CodeIgniter->run()
 6 SYSTEMPATH\Boot.php(67): CodeIgniter\Boot::runCodeIgniter(Object(CodeIgniter\CodeIgniter))
 7 FCPATH\index.php(56): CodeIgniter\Boot::bootWeb(Object(Config\Paths))
WARNING - 2025-03-24 07:45:45 --> [DEPRECATED] Creation of dynamic property SysAdmin\Controllers\Category::$encrypter is deprecated in ROOTPATH\SysAdmin\Controllers\BaseController.php on line 52.
 1 ROOTPATH\SysAdmin\Controllers\Category.php(9): SysAdmin\Controllers\BaseController->__construct()
 2 SYSTEMPATH\CodeIgniter.php(903): SysAdmin\Controllers\Category->__construct()
 3 SYSTEMPATH\CodeIgniter.php(498): CodeIgniter\CodeIgniter->createController()
 4 SYSTEMPATH\CodeIgniter.php(354): CodeIgniter\CodeIgniter->handleRequest(null, Object(Config\Cache), false)
 5 SYSTEMPATH\Boot.php(334): CodeIgniter\CodeIgniter->run()
 6 SYSTEMPATH\Boot.php(67): CodeIgniter\Boot::runCodeIgniter(Object(CodeIgniter\CodeIgniter))
 7 FCPATH\index.php(56): CodeIgniter\Boot::bootWeb(Object(Config\Paths))
WARNING - 2025-03-24 07:45:45 --> [DEPRECATED] Creation of dynamic property SysAdmin\Controllers\Category::$nav_mold is deprecated in ROOTPATH\SysAdmin\Controllers\Category.php on line 10.
 1 SYSTEMPATH\CodeIgniter.php(903): SysAdmin\Controllers\Category->__construct()
 2 SYSTEMPATH\CodeIgniter.php(498): CodeIgniter\CodeIgniter->createController()
 3 SYSTEMPATH\CodeIgniter.php(354): CodeIgniter\CodeIgniter->handleRequest(null, Object(Config\Cache), false)
 4 SYSTEMPATH\Boot.php(334): CodeIgniter\CodeIgniter->run()
 5 SYSTEMPATH\Boot.php(67): CodeIgniter\Boot::runCodeIgniter(Object(CodeIgniter\CodeIgniter))
 6 FCPATH\index.php(56): CodeIgniter\Boot::bootWeb(Object(Config\Paths))
WARNING - 2025-03-24 07:45:45 --> [DEPRECATED] Creation of dynamic property SysAdmin\Controllers\Category::$CateModel is deprecated in ROOTPATH\SysAdmin\Controllers\Category.php on line 22.
 1 SYSTEMPATH\CodeIgniter.php(903): SysAdmin\Controllers\Category->__construct()
 2 SYSTEMPATH\CodeIgniter.php(498): CodeIgniter\CodeIgniter->createController()
 3 SYSTEMPATH\CodeIgniter.php(354): CodeIgniter\CodeIgniter->handleRequest(null, Object(Config\Cache), false)
 4 SYSTEMPATH\Boot.php(334): CodeIgniter\CodeIgniter->run()
 5 SYSTEMPATH\Boot.php(67): CodeIgniter\Boot::runCodeIgniter(Object(CodeIgniter\CodeIgniter))
 6 FCPATH\index.php(56): CodeIgniter\Boot::bootWeb(Object(Config\Paths))
DEBUG - 2025-03-24 07:45:45 --> Session: Class initialized using 'CodeIgniter\Session\Handlers\FileHandler' driver.
WARNING - 2025-03-24 07:45:46 --> [DEPRECATED] Creation of dynamic property SysAdmin\Controllers\Category::$session is deprecated in ROOTPATH\SysAdmin\Controllers\BaseController.php on line 51.
 1 ROOTPATH\SysAdmin\Controllers\Category.php(9): SysAdmin\Controllers\BaseController->__construct()
 2 SYSTEMPATH\CodeIgniter.php(903): SysAdmin\Controllers\Category->__construct()
 3 SYSTEMPATH\CodeIgniter.php(498): CodeIgniter\CodeIgniter->createController()
 4 SYSTEMPATH\CodeIgniter.php(354): CodeIgniter\CodeIgniter->handleRequest(null, Object(Config\Cache), false)
 5 SYSTEMPATH\Boot.php(334): CodeIgniter\CodeIgniter->run()
 6 SYSTEMPATH\Boot.php(67): CodeIgniter\Boot::runCodeIgniter(Object(CodeIgniter\CodeIgniter))
 7 FCPATH\index.php(56): CodeIgniter\Boot::bootWeb(Object(Config\Paths))
WARNING - 2025-03-24 07:45:46 --> [DEPRECATED] Creation of dynamic property SysAdmin\Controllers\Category::$encrypter is deprecated in ROOTPATH\SysAdmin\Controllers\BaseController.php on line 52.
 1 ROOTPATH\SysAdmin\Controllers\Category.php(9): SysAdmin\Controllers\BaseController->__construct()
 2 SYSTEMPATH\CodeIgniter.php(903): SysAdmin\Controllers\Category->__construct()
 3 SYSTEMPATH\CodeIgniter.php(498): CodeIgniter\CodeIgniter->createController()
 4 SYSTEMPATH\CodeIgniter.php(354): CodeIgniter\CodeIgniter->handleRequest(null, Object(Config\Cache), false)
 5 SYSTEMPATH\Boot.php(334): CodeIgniter\CodeIgniter->run()
 6 SYSTEMPATH\Boot.php(67): CodeIgniter\Boot::runCodeIgniter(Object(CodeIgniter\CodeIgniter))
 7 FCPATH\index.php(56): CodeIgniter\Boot::bootWeb(Object(Config\Paths))
WARNING - 2025-03-24 07:45:46 --> [DEPRECATED] Creation of dynamic property SysAdmin\Controllers\Category::$nav_mold is deprecated in ROOTPATH\SysAdmin\Controllers\Category.php on line 10.
 1 SYSTEMPATH\CodeIgniter.php(903): SysAdmin\Controllers\Category->__construct()
 2 SYSTEMPATH\CodeIgniter.php(498): CodeIgniter\CodeIgniter->createController()
 3 SYSTEMPATH\CodeIgniter.php(354): CodeIgniter\CodeIgniter->handleRequest(null, Object(Config\Cache), false)
 4 SYSTEMPATH\Boot.php(334): CodeIgniter\CodeIgniter->run()
 5 SYSTEMPATH\Boot.php(67): CodeIgniter\Boot::runCodeIgniter(Object(CodeIgniter\CodeIgniter))
 6 FCPATH\index.php(56): CodeIgniter\Boot::bootWeb(Object(Config\Paths))
WARNING - 2025-03-24 07:45:46 --> [DEPRECATED] Creation of dynamic property SysAdmin\Controllers\Category::$CateModel is deprecated in ROOTPATH\SysAdmin\Controllers\Category.php on line 22.
 1 SYSTEMPATH\CodeIgniter.php(903): SysAdmin\Controllers\Category->__construct()
 2 SYSTEMPATH\CodeIgniter.php(498): CodeIgniter\CodeIgniter->createController()
 3 SYSTEMPATH\CodeIgniter.php(354): CodeIgniter\CodeIgniter->handleRequest(null, Object(Config\Cache), false)
 4 SYSTEMPATH\Boot.php(334): CodeIgniter\CodeIgniter->run()
 5 SYSTEMPATH\Boot.php(67): CodeIgniter\Boot::runCodeIgniter(Object(CodeIgniter\CodeIgniter))
 6 FCPATH\index.php(56): CodeIgniter\Boot::bootWeb(Object(Config\Paths))
DEBUG - 2025-03-24 07:45:48 --> Session: Class initialized using 'CodeIgniter\Session\Handlers\FileHandler' driver.
WARNING - 2025-03-24 07:45:48 --> [DEPRECATED] Creation of dynamic property SysAdmin\Controllers\Category::$session is deprecated in ROOTPATH\SysAdmin\Controllers\BaseController.php on line 51.
 1 ROOTPATH\SysAdmin\Controllers\Category.php(9): SysAdmin\Controllers\BaseController->__construct()
 2 SYSTEMPATH\CodeIgniter.php(903): SysAdmin\Controllers\Category->__construct()
 3 SYSTEMPATH\CodeIgniter.php(498): CodeIgniter\CodeIgniter->createController()
 4 SYSTEMPATH\CodeIgniter.php(354): CodeIgniter\CodeIgniter->handleRequest(null, Object(Config\Cache), false)
 5 SYSTEMPATH\Boot.php(334): CodeIgniter\CodeIgniter->run()
 6 SYSTEMPATH\Boot.php(67): CodeIgniter\Boot::runCodeIgniter(Object(CodeIgniter\CodeIgniter))
 7 FCPATH\index.php(56): CodeIgniter\Boot::bootWeb(Object(Config\Paths))
WARNING - 2025-03-24 07:45:48 --> [DEPRECATED] Creation of dynamic property SysAdmin\Controllers\Category::$encrypter is deprecated in ROOTPATH\SysAdmin\Controllers\BaseController.php on line 52.
 1 ROOTPATH\SysAdmin\Controllers\Category.php(9): SysAdmin\Controllers\BaseController->__construct()
 2 SYSTEMPATH\CodeIgniter.php(903): SysAdmin\Controllers\Category->__construct()
 3 SYSTEMPATH\CodeIgniter.php(498): CodeIgniter\CodeIgniter->createController()
 4 SYSTEMPATH\CodeIgniter.php(354): CodeIgniter\CodeIgniter->handleRequest(null, Object(Config\Cache), false)
 5 SYSTEMPATH\Boot.php(334): CodeIgniter\CodeIgniter->run()
 6 SYSTEMPATH\Boot.php(67): CodeIgniter\Boot::runCodeIgniter(Object(CodeIgniter\CodeIgniter))
 7 FCPATH\index.php(56): CodeIgniter\Boot::bootWeb(Object(Config\Paths))
WARNING - 2025-03-24 07:45:48 --> [DEPRECATED] Creation of dynamic property SysAdmin\Controllers\Category::$nav_mold is deprecated in ROOTPATH\SysAdmin\Controllers\Category.php on line 10.
 1 SYSTEMPATH\CodeIgniter.php(903): SysAdmin\Controllers\Category->__construct()
 2 SYSTEMPATH\CodeIgniter.php(498): CodeIgniter\CodeIgniter->createController()
 3 SYSTEMPATH\CodeIgniter.php(354): CodeIgniter\CodeIgniter->handleRequest(null, Object(Config\Cache), false)
 4 SYSTEMPATH\Boot.php(334): CodeIgniter\CodeIgniter->run()
 5 SYSTEMPATH\Boot.php(67): CodeIgniter\Boot::runCodeIgniter(Object(CodeIgniter\CodeIgniter))
 6 FCPATH\index.php(56): CodeIgniter\Boot::bootWeb(Object(Config\Paths))
WARNING - 2025-03-24 07:45:48 --> [DEPRECATED] Creation of dynamic property SysAdmin\Controllers\Category::$CateModel is deprecated in ROOTPATH\SysAdmin\Controllers\Category.php on line 22.
 1 SYSTEMPATH\CodeIgniter.php(903): SysAdmin\Controllers\Category->__construct()
 2 SYSTEMPATH\CodeIgniter.php(498): CodeIgniter\CodeIgniter->createController()
 3 SYSTEMPATH\CodeIgniter.php(354): CodeIgniter\CodeIgniter->handleRequest(null, Object(Config\Cache), false)
 4 SYSTEMPATH\Boot.php(334): CodeIgniter\CodeIgniter->run()
 5 SYSTEMPATH\Boot.php(67): CodeIgniter\Boot::runCodeIgniter(Object(CodeIgniter\CodeIgniter))
 6 FCPATH\index.php(56): CodeIgniter\Boot::bootWeb(Object(Config\Paths))
DEBUG - 2025-03-24 07:45:49 --> Session: Class initialized using 'CodeIgniter\Session\Handlers\FileHandler' driver.
WARNING - 2025-03-24 07:45:50 --> [DEPRECATED] Creation of dynamic property SysAdmin\Controllers\Category::$session is deprecated in ROOTPATH\SysAdmin\Controllers\BaseController.php on line 51.
 1 ROOTPATH\SysAdmin\Controllers\Category.php(9): SysAdmin\Controllers\BaseController->__construct()
 2 SYSTEMPATH\CodeIgniter.php(903): SysAdmin\Controllers\Category->__construct()
 3 SYSTEMPATH\CodeIgniter.php(498): CodeIgniter\CodeIgniter->createController()
 4 SYSTEMPATH\CodeIgniter.php(354): CodeIgniter\CodeIgniter->handleRequest(null, Object(Config\Cache), false)
 5 SYSTEMPATH\Boot.php(334): CodeIgniter\CodeIgniter->run()
 6 SYSTEMPATH\Boot.php(67): CodeIgniter\Boot::runCodeIgniter(Object(CodeIgniter\CodeIgniter))
 7 FCPATH\index.php(56): CodeIgniter\Boot::bootWeb(Object(Config\Paths))
WARNING - 2025-03-24 07:45:50 --> [DEPRECATED] Creation of dynamic property SysAdmin\Controllers\Category::$encrypter is deprecated in ROOTPATH\SysAdmin\Controllers\BaseController.php on line 52.
 1 ROOTPATH\SysAdmin\Controllers\Category.php(9): SysAdmin\Controllers\BaseController->__construct()
 2 SYSTEMPATH\CodeIgniter.php(903): SysAdmin\Controllers\Category->__construct()
 3 SYSTEMPATH\CodeIgniter.php(498): CodeIgniter\CodeIgniter->createController()
 4 SYSTEMPATH\CodeIgniter.php(354): CodeIgniter\CodeIgniter->handleRequest(null, Object(Config\Cache), false)
 5 SYSTEMPATH\Boot.php(334): CodeIgniter\CodeIgniter->run()
 6 SYSTEMPATH\Boot.php(67): CodeIgniter\Boot::runCodeIgniter(Object(CodeIgniter\CodeIgniter))
 7 FCPATH\index.php(56): CodeIgniter\Boot::bootWeb(Object(Config\Paths))
WARNING - 2025-03-24 07:45:50 --> [DEPRECATED] Creation of dynamic property SysAdmin\Controllers\Category::$nav_mold is deprecated in ROOTPATH\SysAdmin\Controllers\Category.php on line 10.
 1 SYSTEMPATH\CodeIgniter.php(903): SysAdmin\Controllers\Category->__construct()
 2 SYSTEMPATH\CodeIgniter.php(498): CodeIgniter\CodeIgniter->createController()
 3 SYSTEMPATH\CodeIgniter.php(354): CodeIgniter\CodeIgniter->handleRequest(null, Object(Config\Cache), false)
 4 SYSTEMPATH\Boot.php(334): CodeIgniter\CodeIgniter->run()
 5 SYSTEMPATH\Boot.php(67): CodeIgniter\Boot::runCodeIgniter(Object(CodeIgniter\CodeIgniter))
 6 FCPATH\index.php(56): CodeIgniter\Boot::bootWeb(Object(Config\Paths))
WARNING - 2025-03-24 07:45:50 --> [DEPRECATED] Creation of dynamic property SysAdmin\Controllers\Category::$CateModel is deprecated in ROOTPATH\SysAdmin\Controllers\Category.php on line 22.
 1 SYSTEMPATH\CodeIgniter.php(903): SysAdmin\Controllers\Category->__construct()
 2 SYSTEMPATH\CodeIgniter.php(498): CodeIgniter\CodeIgniter->createController()
 3 SYSTEMPATH\CodeIgniter.php(354): CodeIgniter\CodeIgniter->handleRequest(null, Object(Config\Cache), false)
 4 SYSTEMPATH\Boot.php(334): CodeIgniter\CodeIgniter->run()
 5 SYSTEMPATH\Boot.php(67): CodeIgniter\Boot::runCodeIgniter(Object(CodeIgniter\CodeIgniter))
 6 FCPATH\index.php(56): CodeIgniter\Boot::bootWeb(Object(Config\Paths))
DEBUG - 2025-03-24 07:46:05 --> Session: Class initialized using 'CodeIgniter\Session\Handlers\FileHandler' driver.
WARNING - 2025-03-24 07:46:05 --> [DEPRECATED] Creation of dynamic property SysAdmin\Controllers\Category::$session is deprecated in ROOTPATH\SysAdmin\Controllers\BaseController.php on line 51.
 1 ROOTPATH\SysAdmin\Controllers\Category.php(9): SysAdmin\Controllers\BaseController->__construct()
 2 SYSTEMPATH\CodeIgniter.php(903): SysAdmin\Controllers\Category->__construct()
 3 SYSTEMPATH\CodeIgniter.php(498): CodeIgniter\CodeIgniter->createController()
 4 SYSTEMPATH\CodeIgniter.php(354): CodeIgniter\CodeIgniter->handleRequest(null, Object(Config\Cache), false)
 5 SYSTEMPATH\Boot.php(334): CodeIgniter\CodeIgniter->run()
 6 SYSTEMPATH\Boot.php(67): CodeIgniter\Boot::runCodeIgniter(Object(CodeIgniter\CodeIgniter))
 7 FCPATH\index.php(56): CodeIgniter\Boot::bootWeb(Object(Config\Paths))
WARNING - 2025-03-24 07:46:05 --> [DEPRECATED] Creation of dynamic property SysAdmin\Controllers\Category::$encrypter is deprecated in ROOTPATH\SysAdmin\Controllers\BaseController.php on line 52.
 1 ROOTPATH\SysAdmin\Controllers\Category.php(9): SysAdmin\Controllers\BaseController->__construct()
 2 SYSTEMPATH\CodeIgniter.php(903): SysAdmin\Controllers\Category->__construct()
 3 SYSTEMPATH\CodeIgniter.php(498): CodeIgniter\CodeIgniter->createController()
 4 SYSTEMPATH\CodeIgniter.php(354): CodeIgniter\CodeIgniter->handleRequest(null, Object(Config\Cache), false)
 5 SYSTEMPATH\Boot.php(334): CodeIgniter\CodeIgniter->run()
 6 SYSTEMPATH\Boot.php(67): CodeIgniter\Boot::runCodeIgniter(Object(CodeIgniter\CodeIgniter))
 7 FCPATH\index.php(56): CodeIgniter\Boot::bootWeb(Object(Config\Paths))
WARNING - 2025-03-24 07:46:05 --> [DEPRECATED] Creation of dynamic property SysAdmin\Controllers\Category::$nav_mold is deprecated in ROOTPATH\SysAdmin\Controllers\Category.php on line 10.
 1 SYSTEMPATH\CodeIgniter.php(903): SysAdmin\Controllers\Category->__construct()
 2 SYSTEMPATH\CodeIgniter.php(498): CodeIgniter\CodeIgniter->createController()
 3 SYSTEMPATH\CodeIgniter.php(354): CodeIgniter\CodeIgniter->handleRequest(null, Object(Config\Cache), false)
 4 SYSTEMPATH\Boot.php(334): CodeIgniter\CodeIgniter->run()
 5 SYSTEMPATH\Boot.php(67): CodeIgniter\Boot::runCodeIgniter(Object(CodeIgniter\CodeIgniter))
 6 FCPATH\index.php(56): CodeIgniter\Boot::bootWeb(Object(Config\Paths))
WARNING - 2025-03-24 07:46:05 --> [DEPRECATED] Creation of dynamic property SysAdmin\Controllers\Category::$CateModel is deprecated in ROOTPATH\SysAdmin\Controllers\Category.php on line 22.
 1 SYSTEMPATH\CodeIgniter.php(903): SysAdmin\Controllers\Category->__construct()
 2 SYSTEMPATH\CodeIgniter.php(498): CodeIgniter\CodeIgniter->createController()
 3 SYSTEMPATH\CodeIgniter.php(354): CodeIgniter\CodeIgniter->handleRequest(null, Object(Config\Cache), false)
 4 SYSTEMPATH\Boot.php(334): CodeIgniter\CodeIgniter->run()
 5 SYSTEMPATH\Boot.php(67): CodeIgniter\Boot::runCodeIgniter(Object(CodeIgniter\CodeIgniter))
 6 FCPATH\index.php(56): CodeIgniter\Boot::bootWeb(Object(Config\Paths))
DEBUG - 2025-03-24 07:47:11 --> Session: Class initialized using 'CodeIgniter\Session\Handlers\FileHandler' driver.
WARNING - 2025-03-24 07:47:11 --> [DEPRECATED] Creation of dynamic property SysAdmin\Controllers\Category::$session is deprecated in ROOTPATH\SysAdmin\Controllers\BaseController.php on line 51.
 1 ROOTPATH\SysAdmin\Controllers\Category.php(9): SysAdmin\Controllers\BaseController->__construct()
 2 SYSTEMPATH\CodeIgniter.php(903): SysAdmin\Controllers\Category->__construct()
 3 SYSTEMPATH\CodeIgniter.php(498): CodeIgniter\CodeIgniter->createController()
 4 SYSTEMPATH\CodeIgniter.php(354): CodeIgniter\CodeIgniter->handleRequest(null, Object(Config\Cache), false)
 5 SYSTEMPATH\Boot.php(334): CodeIgniter\CodeIgniter->run()
 6 SYSTEMPATH\Boot.php(67): CodeIgniter\Boot::runCodeIgniter(Object(CodeIgniter\CodeIgniter))
 7 FCPATH\index.php(56): CodeIgniter\Boot::bootWeb(Object(Config\Paths))
WARNING - 2025-03-24 07:47:11 --> [DEPRECATED] Creation of dynamic property SysAdmin\Controllers\Category::$encrypter is deprecated in ROOTPATH\SysAdmin\Controllers\BaseController.php on line 52.
 1 ROOTPATH\SysAdmin\Controllers\Category.php(9): SysAdmin\Controllers\BaseController->__construct()
 2 SYSTEMPATH\CodeIgniter.php(903): SysAdmin\Controllers\Category->__construct()
 3 SYSTEMPATH\CodeIgniter.php(498): CodeIgniter\CodeIgniter->createController()
 4 SYSTEMPATH\CodeIgniter.php(354): CodeIgniter\CodeIgniter->handleRequest(null, Object(Config\Cache), false)
 5 SYSTEMPATH\Boot.php(334): CodeIgniter\CodeIgniter->run()
 6 SYSTEMPATH\Boot.php(67): CodeIgniter\Boot::runCodeIgniter(Object(CodeIgniter\CodeIgniter))
 7 FCPATH\index.php(56): CodeIgniter\Boot::bootWeb(Object(Config\Paths))
WARNING - 2025-03-24 07:47:11 --> [DEPRECATED] Creation of dynamic property SysAdmin\Controllers\Category::$nav_mold is deprecated in ROOTPATH\SysAdmin\Controllers\Category.php on line 10.
 1 SYSTEMPATH\CodeIgniter.php(903): SysAdmin\Controllers\Category->__construct()
 2 SYSTEMPATH\CodeIgniter.php(498): CodeIgniter\CodeIgniter->createController()
 3 SYSTEMPATH\CodeIgniter.php(354): CodeIgniter\CodeIgniter->handleRequest(null, Object(Config\Cache), false)
 4 SYSTEMPATH\Boot.php(334): CodeIgniter\CodeIgniter->run()
 5 SYSTEMPATH\Boot.php(67): CodeIgniter\Boot::runCodeIgniter(Object(CodeIgniter\CodeIgniter))
 6 FCPATH\index.php(56): CodeIgniter\Boot::bootWeb(Object(Config\Paths))
WARNING - 2025-03-24 07:47:11 --> [DEPRECATED] Creation of dynamic property SysAdmin\Controllers\Category::$CateModel is deprecated in ROOTPATH\SysAdmin\Controllers\Category.php on line 22.
 1 SYSTEMPATH\CodeIgniter.php(903): SysAdmin\Controllers\Category->__construct()
 2 SYSTEMPATH\CodeIgniter.php(498): CodeIgniter\CodeIgniter->createController()
 3 SYSTEMPATH\CodeIgniter.php(354): CodeIgniter\CodeIgniter->handleRequest(null, Object(Config\Cache), false)
 4 SYSTEMPATH\Boot.php(334): CodeIgniter\CodeIgniter->run()
 5 SYSTEMPATH\Boot.php(67): CodeIgniter\Boot::runCodeIgniter(Object(CodeIgniter\CodeIgniter))
 6 FCPATH\index.php(56): CodeIgniter\Boot::bootWeb(Object(Config\Paths))
DEBUG - 2025-03-24 07:47:14 --> Session: Class initialized using 'CodeIgniter\Session\Handlers\FileHandler' driver.
WARNING - 2025-03-24 07:47:14 --> [DEPRECATED] Creation of dynamic property SysAdmin\Controllers\Category::$session is deprecated in ROOTPATH\SysAdmin\Controllers\BaseController.php on line 51.
 1 ROOTPATH\SysAdmin\Controllers\Category.php(9): SysAdmin\Controllers\BaseController->__construct()
 2 SYSTEMPATH\CodeIgniter.php(903): SysAdmin\Controllers\Category->__construct()
 3 SYSTEMPATH\CodeIgniter.php(498): CodeIgniter\CodeIgniter->createController()
 4 SYSTEMPATH\CodeIgniter.php(354): CodeIgniter\CodeIgniter->handleRequest(null, Object(Config\Cache), false)
 5 SYSTEMPATH\Boot.php(334): CodeIgniter\CodeIgniter->run()
 6 SYSTEMPATH\Boot.php(67): CodeIgniter\Boot::runCodeIgniter(Object(CodeIgniter\CodeIgniter))
 7 FCPATH\index.php(56): CodeIgniter\Boot::bootWeb(Object(Config\Paths))
WARNING - 2025-03-24 07:47:14 --> [DEPRECATED] Creation of dynamic property SysAdmin\Controllers\Category::$encrypter is deprecated in ROOTPATH\SysAdmin\Controllers\BaseController.php on line 52.
 1 ROOTPATH\SysAdmin\Controllers\Category.php(9): SysAdmin\Controllers\BaseController->__construct()
 2 SYSTEMPATH\CodeIgniter.php(903): SysAdmin\Controllers\Category->__construct()
 3 SYSTEMPATH\CodeIgniter.php(498): CodeIgniter\CodeIgniter->createController()
 4 SYSTEMPATH\CodeIgniter.php(354): CodeIgniter\CodeIgniter->handleRequest(null, Object(Config\Cache), false)
 5 SYSTEMPATH\Boot.php(334): CodeIgniter\CodeIgniter->run()
 6 SYSTEMPATH\Boot.php(67): CodeIgniter\Boot::runCodeIgniter(Object(CodeIgniter\CodeIgniter))
 7 FCPATH\index.php(56): CodeIgniter\Boot::bootWeb(Object(Config\Paths))
WARNING - 2025-03-24 07:47:14 --> [DEPRECATED] Creation of dynamic property SysAdmin\Controllers\Category::$nav_mold is deprecated in ROOTPATH\SysAdmin\Controllers\Category.php on line 10.
 1 SYSTEMPATH\CodeIgniter.php(903): SysAdmin\Controllers\Category->__construct()
 2 SYSTEMPATH\CodeIgniter.php(498): CodeIgniter\CodeIgniter->createController()
 3 SYSTEMPATH\CodeIgniter.php(354): CodeIgniter\CodeIgniter->handleRequest(null, Object(Config\Cache), false)
 4 SYSTEMPATH\Boot.php(334): CodeIgniter\CodeIgniter->run()
 5 SYSTEMPATH\Boot.php(67): CodeIgniter\Boot::runCodeIgniter(Object(CodeIgniter\CodeIgniter))
 6 FCPATH\index.php(56): CodeIgniter\Boot::bootWeb(Object(Config\Paths))
WARNING - 2025-03-24 07:47:14 --> [DEPRECATED] Creation of dynamic property SysAdmin\Controllers\Category::$CateModel is deprecated in ROOTPATH\SysAdmin\Controllers\Category.php on line 22.
 1 SYSTEMPATH\CodeIgniter.php(903): SysAdmin\Controllers\Category->__construct()
 2 SYSTEMPATH\CodeIgniter.php(498): CodeIgniter\CodeIgniter->createController()
 3 SYSTEMPATH\CodeIgniter.php(354): CodeIgniter\CodeIgniter->handleRequest(null, Object(Config\Cache), false)
 4 SYSTEMPATH\Boot.php(334): CodeIgniter\CodeIgniter->run()
 5 SYSTEMPATH\Boot.php(67): CodeIgniter\Boot::runCodeIgniter(Object(CodeIgniter\CodeIgniter))
 6 FCPATH\index.php(56): CodeIgniter\Boot::bootWeb(Object(Config\Paths))
DEBUG - 2025-03-24 07:47:15 --> Session: Class initialized using 'CodeIgniter\Session\Handlers\FileHandler' driver.
WARNING - 2025-03-24 07:47:15 --> [DEPRECATED] Creation of dynamic property SysAdmin\Controllers\Category::$session is deprecated in ROOTPATH\SysAdmin\Controllers\BaseController.php on line 51.
 1 ROOTPATH\SysAdmin\Controllers\Category.php(9): SysAdmin\Controllers\BaseController->__construct()
 2 SYSTEMPATH\CodeIgniter.php(903): SysAdmin\Controllers\Category->__construct()
 3 SYSTEMPATH\CodeIgniter.php(498): CodeIgniter\CodeIgniter->createController()
 4 SYSTEMPATH\CodeIgniter.php(354): CodeIgniter\CodeIgniter->handleRequest(null, Object(Config\Cache), false)
 5 SYSTEMPATH\Boot.php(334): CodeIgniter\CodeIgniter->run()
 6 SYSTEMPATH\Boot.php(67): CodeIgniter\Boot::runCodeIgniter(Object(CodeIgniter\CodeIgniter))
 7 FCPATH\index.php(56): CodeIgniter\Boot::bootWeb(Object(Config\Paths))
WARNING - 2025-03-24 07:47:15 --> [DEPRECATED] Creation of dynamic property SysAdmin\Controllers\Category::$encrypter is deprecated in ROOTPATH\SysAdmin\Controllers\BaseController.php on line 52.
 1 ROOTPATH\SysAdmin\Controllers\Category.php(9): SysAdmin\Controllers\BaseController->__construct()
 2 SYSTEMPATH\CodeIgniter.php(903): SysAdmin\Controllers\Category->__construct()
 3 SYSTEMPATH\CodeIgniter.php(498): CodeIgniter\CodeIgniter->createController()
 4 SYSTEMPATH\CodeIgniter.php(354): CodeIgniter\CodeIgniter->handleRequest(null, Object(Config\Cache), false)
 5 SYSTEMPATH\Boot.php(334): CodeIgniter\CodeIgniter->run()
 6 SYSTEMPATH\Boot.php(67): CodeIgniter\Boot::runCodeIgniter(Object(CodeIgniter\CodeIgniter))
 7 FCPATH\index.php(56): CodeIgniter\Boot::bootWeb(Object(Config\Paths))
WARNING - 2025-03-24 07:47:15 --> [DEPRECATED] Creation of dynamic property SysAdmin\Controllers\Category::$nav_mold is deprecated in ROOTPATH\SysAdmin\Controllers\Category.php on line 10.
 1 SYSTEMPATH\CodeIgniter.php(903): SysAdmin\Controllers\Category->__construct()
 2 SYSTEMPATH\CodeIgniter.php(498): CodeIgniter\CodeIgniter->createController()
 3 SYSTEMPATH\CodeIgniter.php(354): CodeIgniter\CodeIgniter->handleRequest(null, Object(Config\Cache), false)
 4 SYSTEMPATH\Boot.php(334): CodeIgniter\CodeIgniter->run()
 5 SYSTEMPATH\Boot.php(67): CodeIgniter\Boot::runCodeIgniter(Object(CodeIgniter\CodeIgniter))
 6 FCPATH\index.php(56): CodeIgniter\Boot::bootWeb(Object(Config\Paths))
WARNING - 2025-03-24 07:47:15 --> [DEPRECATED] Creation of dynamic property SysAdmin\Controllers\Category::$CateModel is deprecated in ROOTPATH\SysAdmin\Controllers\Category.php on line 22.
 1 SYSTEMPATH\CodeIgniter.php(903): SysAdmin\Controllers\Category->__construct()
 2 SYSTEMPATH\CodeIgniter.php(498): CodeIgniter\CodeIgniter->createController()
 3 SYSTEMPATH\CodeIgniter.php(354): CodeIgniter\CodeIgniter->handleRequest(null, Object(Config\Cache), false)
 4 SYSTEMPATH\Boot.php(334): CodeIgniter\CodeIgniter->run()
 5 SYSTEMPATH\Boot.php(67): CodeIgniter\Boot::runCodeIgniter(Object(CodeIgniter\CodeIgniter))
 6 FCPATH\index.php(56): CodeIgniter\Boot::bootWeb(Object(Config\Paths))
DEBUG - 2025-03-24 07:47:21 --> Session: Class initialized using 'CodeIgniter\Session\Handlers\FileHandler' driver.
WARNING - 2025-03-24 07:47:21 --> [DEPRECATED] Creation of dynamic property SysAdmin\Controllers\Category::$session is deprecated in ROOTPATH\SysAdmin\Controllers\BaseController.php on line 51.
 1 ROOTPATH\SysAdmin\Controllers\Category.php(9): SysAdmin\Controllers\BaseController->__construct()
 2 SYSTEMPATH\CodeIgniter.php(903): SysAdmin\Controllers\Category->__construct()
 3 SYSTEMPATH\CodeIgniter.php(498): CodeIgniter\CodeIgniter->createController()
 4 SYSTEMPATH\CodeIgniter.php(354): CodeIgniter\CodeIgniter->handleRequest(null, Object(Config\Cache), false)
 5 SYSTEMPATH\Boot.php(334): CodeIgniter\CodeIgniter->run()
 6 SYSTEMPATH\Boot.php(67): CodeIgniter\Boot::runCodeIgniter(Object(CodeIgniter\CodeIgniter))
 7 FCPATH\index.php(56): CodeIgniter\Boot::bootWeb(Object(Config\Paths))
WARNING - 2025-03-24 07:47:21 --> [DEPRECATED] Creation of dynamic property SysAdmin\Controllers\Category::$encrypter is deprecated in ROOTPATH\SysAdmin\Controllers\BaseController.php on line 52.
 1 ROOTPATH\SysAdmin\Controllers\Category.php(9): SysAdmin\Controllers\BaseController->__construct()
 2 SYSTEMPATH\CodeIgniter.php(903): SysAdmin\Controllers\Category->__construct()
 3 SYSTEMPATH\CodeIgniter.php(498): CodeIgniter\CodeIgniter->createController()
 4 SYSTEMPATH\CodeIgniter.php(354): CodeIgniter\CodeIgniter->handleRequest(null, Object(Config\Cache), false)
 5 SYSTEMPATH\Boot.php(334): CodeIgniter\CodeIgniter->run()
 6 SYSTEMPATH\Boot.php(67): CodeIgniter\Boot::runCodeIgniter(Object(CodeIgniter\CodeIgniter))
 7 FCPATH\index.php(56): CodeIgniter\Boot::bootWeb(Object(Config\Paths))
WARNING - 2025-03-24 07:47:21 --> [DEPRECATED] Creation of dynamic property SysAdmin\Controllers\Category::$nav_mold is deprecated in ROOTPATH\SysAdmin\Controllers\Category.php on line 10.
 1 SYSTEMPATH\CodeIgniter.php(903): SysAdmin\Controllers\Category->__construct()
 2 SYSTEMPATH\CodeIgniter.php(498): CodeIgniter\CodeIgniter->createController()
 3 SYSTEMPATH\CodeIgniter.php(354): CodeIgniter\CodeIgniter->handleRequest(null, Object(Config\Cache), false)
 4 SYSTEMPATH\Boot.php(334): CodeIgniter\CodeIgniter->run()
 5 SYSTEMPATH\Boot.php(67): CodeIgniter\Boot::runCodeIgniter(Object(CodeIgniter\CodeIgniter))
 6 FCPATH\index.php(56): CodeIgniter\Boot::bootWeb(Object(Config\Paths))
WARNING - 2025-03-24 07:47:21 --> [DEPRECATED] Creation of dynamic property SysAdmin\Controllers\Category::$CateModel is deprecated in ROOTPATH\SysAdmin\Controllers\Category.php on line 22.
 1 SYSTEMPATH\CodeIgniter.php(903): SysAdmin\Controllers\Category->__construct()
 2 SYSTEMPATH\CodeIgniter.php(498): CodeIgniter\CodeIgniter->createController()
 3 SYSTEMPATH\CodeIgniter.php(354): CodeIgniter\CodeIgniter->handleRequest(null, Object(Config\Cache), false)
 4 SYSTEMPATH\Boot.php(334): CodeIgniter\CodeIgniter->run()
 5 SYSTEMPATH\Boot.php(67): CodeIgniter\Boot::runCodeIgniter(Object(CodeIgniter\CodeIgniter))
 6 FCPATH\index.php(56): CodeIgniter\Boot::bootWeb(Object(Config\Paths))
DEBUG - 2025-03-24 07:47:22 --> Session: Class initialized using 'CodeIgniter\Session\Handlers\FileHandler' driver.
WARNING - 2025-03-24 07:47:22 --> [DEPRECATED] Creation of dynamic property SysAdmin\Controllers\Category::$session is deprecated in ROOTPATH\SysAdmin\Controllers\BaseController.php on line 51.
 1 ROOTPATH\SysAdmin\Controllers\Category.php(9): SysAdmin\Controllers\BaseController->__construct()
 2 SYSTEMPATH\CodeIgniter.php(903): SysAdmin\Controllers\Category->__construct()
 3 SYSTEMPATH\CodeIgniter.php(498): CodeIgniter\CodeIgniter->createController()
 4 SYSTEMPATH\CodeIgniter.php(354): CodeIgniter\CodeIgniter->handleRequest(null, Object(Config\Cache), false)
 5 SYSTEMPATH\Boot.php(334): CodeIgniter\CodeIgniter->run()
 6 SYSTEMPATH\Boot.php(67): CodeIgniter\Boot::runCodeIgniter(Object(CodeIgniter\CodeIgniter))
 7 FCPATH\index.php(56): CodeIgniter\Boot::bootWeb(Object(Config\Paths))
WARNING - 2025-03-24 07:47:22 --> [DEPRECATED] Creation of dynamic property SysAdmin\Controllers\Category::$encrypter is deprecated in ROOTPATH\SysAdmin\Controllers\BaseController.php on line 52.
 1 ROOTPATH\SysAdmin\Controllers\Category.php(9): SysAdmin\Controllers\BaseController->__construct()
 2 SYSTEMPATH\CodeIgniter.php(903): SysAdmin\Controllers\Category->__construct()
 3 SYSTEMPATH\CodeIgniter.php(498): CodeIgniter\CodeIgniter->createController()
 4 SYSTEMPATH\CodeIgniter.php(354): CodeIgniter\CodeIgniter->handleRequest(null, Object(Config\Cache), false)
 5 SYSTEMPATH\Boot.php(334): CodeIgniter\CodeIgniter->run()
 6 SYSTEMPATH\Boot.php(67): CodeIgniter\Boot::runCodeIgniter(Object(CodeIgniter\CodeIgniter))
 7 FCPATH\index.php(56): CodeIgniter\Boot::bootWeb(Object(Config\Paths))
WARNING - 2025-03-24 07:47:22 --> [DEPRECATED] Creation of dynamic property SysAdmin\Controllers\Category::$nav_mold is deprecated in ROOTPATH\SysAdmin\Controllers\Category.php on line 10.
 1 SYSTEMPATH\CodeIgniter.php(903): SysAdmin\Controllers\Category->__construct()
 2 SYSTEMPATH\CodeIgniter.php(498): CodeIgniter\CodeIgniter->createController()
 3 SYSTEMPATH\CodeIgniter.php(354): CodeIgniter\CodeIgniter->handleRequest(null, Object(Config\Cache), false)
 4 SYSTEMPATH\Boot.php(334): CodeIgniter\CodeIgniter->run()
 5 SYSTEMPATH\Boot.php(67): CodeIgniter\Boot::runCodeIgniter(Object(CodeIgniter\CodeIgniter))
 6 FCPATH\index.php(56): CodeIgniter\Boot::bootWeb(Object(Config\Paths))
WARNING - 2025-03-24 07:47:22 --> [DEPRECATED] Creation of dynamic property SysAdmin\Controllers\Category::$CateModel is deprecated in ROOTPATH\SysAdmin\Controllers\Category.php on line 22.
 1 SYSTEMPATH\CodeIgniter.php(903): SysAdmin\Controllers\Category->__construct()
 2 SYSTEMPATH\CodeIgniter.php(498): CodeIgniter\CodeIgniter->createController()
 3 SYSTEMPATH\CodeIgniter.php(354): CodeIgniter\CodeIgniter->handleRequest(null, Object(Config\Cache), false)
 4 SYSTEMPATH\Boot.php(334): CodeIgniter\CodeIgniter->run()
 5 SYSTEMPATH\Boot.php(67): CodeIgniter\Boot::runCodeIgniter(Object(CodeIgniter\CodeIgniter))
 6 FCPATH\index.php(56): CodeIgniter\Boot::bootWeb(Object(Config\Paths))
DEBUG - 2025-03-24 07:47:26 --> Session: Class initialized using 'CodeIgniter\Session\Handlers\FileHandler' driver.
WARNING - 2025-03-24 07:47:26 --> [DEPRECATED] Creation of dynamic property SysAdmin\Controllers\Category::$session is deprecated in ROOTPATH\SysAdmin\Controllers\BaseController.php on line 51.
 1 ROOTPATH\SysAdmin\Controllers\Category.php(9): SysAdmin\Controllers\BaseController->__construct()
 2 SYSTEMPATH\CodeIgniter.php(903): SysAdmin\Controllers\Category->__construct()
 3 SYSTEMPATH\CodeIgniter.php(498): CodeIgniter\CodeIgniter->createController()
 4 SYSTEMPATH\CodeIgniter.php(354): CodeIgniter\CodeIgniter->handleRequest(null, Object(Config\Cache), false)
 5 SYSTEMPATH\Boot.php(334): CodeIgniter\CodeIgniter->run()
 6 SYSTEMPATH\Boot.php(67): CodeIgniter\Boot::runCodeIgniter(Object(CodeIgniter\CodeIgniter))
 7 FCPATH\index.php(56): CodeIgniter\Boot::bootWeb(Object(Config\Paths))
WARNING - 2025-03-24 07:47:26 --> [DEPRECATED] Creation of dynamic property SysAdmin\Controllers\Category::$encrypter is deprecated in ROOTPATH\SysAdmin\Controllers\BaseController.php on line 52.
 1 ROOTPATH\SysAdmin\Controllers\Category.php(9): SysAdmin\Controllers\BaseController->__construct()
 2 SYSTEMPATH\CodeIgniter.php(903): SysAdmin\Controllers\Category->__construct()
 3 SYSTEMPATH\CodeIgniter.php(498): CodeIgniter\CodeIgniter->createController()
 4 SYSTEMPATH\CodeIgniter.php(354): CodeIgniter\CodeIgniter->handleRequest(null, Object(Config\Cache), false)
 5 SYSTEMPATH\Boot.php(334): CodeIgniter\CodeIgniter->run()
 6 SYSTEMPATH\Boot.php(67): CodeIgniter\Boot::runCodeIgniter(Object(CodeIgniter\CodeIgniter))
 7 FCPATH\index.php(56): CodeIgniter\Boot::bootWeb(Object(Config\Paths))
WARNING - 2025-03-24 07:47:26 --> [DEPRECATED] Creation of dynamic property SysAdmin\Controllers\Category::$nav_mold is deprecated in ROOTPATH\SysAdmin\Controllers\Category.php on line 10.
 1 SYSTEMPATH\CodeIgniter.php(903): SysAdmin\Controllers\Category->__construct()
 2 SYSTEMPATH\CodeIgniter.php(498): CodeIgniter\CodeIgniter->createController()
 3 SYSTEMPATH\CodeIgniter.php(354): CodeIgniter\CodeIgniter->handleRequest(null, Object(Config\Cache), false)
 4 SYSTEMPATH\Boot.php(334): CodeIgniter\CodeIgniter->run()
 5 SYSTEMPATH\Boot.php(67): CodeIgniter\Boot::runCodeIgniter(Object(CodeIgniter\CodeIgniter))
 6 FCPATH\index.php(56): CodeIgniter\Boot::bootWeb(Object(Config\Paths))
WARNING - 2025-03-24 07:47:26 --> [DEPRECATED] Creation of dynamic property SysAdmin\Controllers\Category::$CateModel is deprecated in ROOTPATH\SysAdmin\Controllers\Category.php on line 22.
 1 SYSTEMPATH\CodeIgniter.php(903): SysAdmin\Controllers\Category->__construct()
 2 SYSTEMPATH\CodeIgniter.php(498): CodeIgniter\CodeIgniter->createController()
 3 SYSTEMPATH\CodeIgniter.php(354): CodeIgniter\CodeIgniter->handleRequest(null, Object(Config\Cache), false)
 4 SYSTEMPATH\Boot.php(334): CodeIgniter\CodeIgniter->run()
 5 SYSTEMPATH\Boot.php(67): CodeIgniter\Boot::runCodeIgniter(Object(CodeIgniter\CodeIgniter))
 6 FCPATH\index.php(56): CodeIgniter\Boot::bootWeb(Object(Config\Paths))
DEBUG - 2025-03-24 07:48:51 --> Session: Class initialized using 'CodeIgniter\Session\Handlers\FileHandler' driver.
WARNING - 2025-03-24 07:48:51 --> [DEPRECATED] Creation of dynamic property SysAdmin\Controllers\Category::$session is deprecated in ROOTPATH\SysAdmin\Controllers\BaseController.php on line 51.
 1 ROOTPATH\SysAdmin\Controllers\Category.php(9): SysAdmin\Controllers\BaseController->__construct()
 2 SYSTEMPATH\CodeIgniter.php(903): SysAdmin\Controllers\Category->__construct()
 3 SYSTEMPATH\CodeIgniter.php(498): CodeIgniter\CodeIgniter->createController()
 4 SYSTEMPATH\CodeIgniter.php(354): CodeIgniter\CodeIgniter->handleRequest(null, Object(Config\Cache), false)
 5 SYSTEMPATH\Boot.php(334): CodeIgniter\CodeIgniter->run()
 6 SYSTEMPATH\Boot.php(67): CodeIgniter\Boot::runCodeIgniter(Object(CodeIgniter\CodeIgniter))
 7 FCPATH\index.php(56): CodeIgniter\Boot::bootWeb(Object(Config\Paths))
WARNING - 2025-03-24 07:48:51 --> [DEPRECATED] Creation of dynamic property SysAdmin\Controllers\Category::$encrypter is deprecated in ROOTPATH\SysAdmin\Controllers\BaseController.php on line 52.
 1 ROOTPATH\SysAdmin\Controllers\Category.php(9): SysAdmin\Controllers\BaseController->__construct()
 2 SYSTEMPATH\CodeIgniter.php(903): SysAdmin\Controllers\Category->__construct()
 3 SYSTEMPATH\CodeIgniter.php(498): CodeIgniter\CodeIgniter->createController()
 4 SYSTEMPATH\CodeIgniter.php(354): CodeIgniter\CodeIgniter->handleRequest(null, Object(Config\Cache), false)
 5 SYSTEMPATH\Boot.php(334): CodeIgniter\CodeIgniter->run()
 6 SYSTEMPATH\Boot.php(67): CodeIgniter\Boot::runCodeIgniter(Object(CodeIgniter\CodeIgniter))
 7 FCPATH\index.php(56): CodeIgniter\Boot::bootWeb(Object(Config\Paths))
WARNING - 2025-03-24 07:48:51 --> [DEPRECATED] Creation of dynamic property SysAdmin\Controllers\Category::$nav_mold is deprecated in ROOTPATH\SysAdmin\Controllers\Category.php on line 10.
 1 SYSTEMPATH\CodeIgniter.php(903): SysAdmin\Controllers\Category->__construct()
 2 SYSTEMPATH\CodeIgniter.php(498): CodeIgniter\CodeIgniter->createController()
 3 SYSTEMPATH\CodeIgniter.php(354): CodeIgniter\CodeIgniter->handleRequest(null, Object(Config\Cache), false)
 4 SYSTEMPATH\Boot.php(334): CodeIgniter\CodeIgniter->run()
 5 SYSTEMPATH\Boot.php(67): CodeIgniter\Boot::runCodeIgniter(Object(CodeIgniter\CodeIgniter))
 6 FCPATH\index.php(56): CodeIgniter\Boot::bootWeb(Object(Config\Paths))
WARNING - 2025-03-24 07:48:51 --> [DEPRECATED] Creation of dynamic property SysAdmin\Controllers\Category::$CateModel is deprecated in ROOTPATH\SysAdmin\Controllers\Category.php on line 22.
 1 SYSTEMPATH\CodeIgniter.php(903): SysAdmin\Controllers\Category->__construct()
 2 SYSTEMPATH\CodeIgniter.php(498): CodeIgniter\CodeIgniter->createController()
 3 SYSTEMPATH\CodeIgniter.php(354): CodeIgniter\CodeIgniter->handleRequest(null, Object(Config\Cache), false)
 4 SYSTEMPATH\Boot.php(334): CodeIgniter\CodeIgniter->run()
 5 SYSTEMPATH\Boot.php(67): CodeIgniter\Boot::runCodeIgniter(Object(CodeIgniter\CodeIgniter))
 6 FCPATH\index.php(56): CodeIgniter\Boot::bootWeb(Object(Config\Paths))
DEBUG - 2025-03-24 07:48:56 --> Session: Class initialized using 'CodeIgniter\Session\Handlers\FileHandler' driver.
WARNING - 2025-03-24 07:48:56 --> [DEPRECATED] Creation of dynamic property SysAdmin\Controllers\Category::$session is deprecated in ROOTPATH\SysAdmin\Controllers\BaseController.php on line 51.
 1 ROOTPATH\SysAdmin\Controllers\Category.php(9): SysAdmin\Controllers\BaseController->__construct()
 2 SYSTEMPATH\CodeIgniter.php(903): SysAdmin\Controllers\Category->__construct()
 3 SYSTEMPATH\CodeIgniter.php(498): CodeIgniter\CodeIgniter->createController()
 4 SYSTEMPATH\CodeIgniter.php(354): CodeIgniter\CodeIgniter->handleRequest(null, Object(Config\Cache), false)
 5 SYSTEMPATH\Boot.php(334): CodeIgniter\CodeIgniter->run()
 6 SYSTEMPATH\Boot.php(67): CodeIgniter\Boot::runCodeIgniter(Object(CodeIgniter\CodeIgniter))
 7 FCPATH\index.php(56): CodeIgniter\Boot::bootWeb(Object(Config\Paths))
WARNING - 2025-03-24 07:48:56 --> [DEPRECATED] Creation of dynamic property SysAdmin\Controllers\Category::$encrypter is deprecated in ROOTPATH\SysAdmin\Controllers\BaseController.php on line 52.
 1 ROOTPATH\SysAdmin\Controllers\Category.php(9): SysAdmin\Controllers\BaseController->__construct()
 2 SYSTEMPATH\CodeIgniter.php(903): SysAdmin\Controllers\Category->__construct()
 3 SYSTEMPATH\CodeIgniter.php(498): CodeIgniter\CodeIgniter->createController()
 4 SYSTEMPATH\CodeIgniter.php(354): CodeIgniter\CodeIgniter->handleRequest(null, Object(Config\Cache), false)
 5 SYSTEMPATH\Boot.php(334): CodeIgniter\CodeIgniter->run()
 6 SYSTEMPATH\Boot.php(67): CodeIgniter\Boot::runCodeIgniter(Object(CodeIgniter\CodeIgniter))
 7 FCPATH\index.php(56): CodeIgniter\Boot::bootWeb(Object(Config\Paths))
WARNING - 2025-03-24 07:48:56 --> [DEPRECATED] Creation of dynamic property SysAdmin\Controllers\Category::$nav_mold is deprecated in ROOTPATH\SysAdmin\Controllers\Category.php on line 10.
 1 SYSTEMPATH\CodeIgniter.php(903): SysAdmin\Controllers\Category->__construct()
 2 SYSTEMPATH\CodeIgniter.php(498): CodeIgniter\CodeIgniter->createController()
 3 SYSTEMPATH\CodeIgniter.php(354): CodeIgniter\CodeIgniter->handleRequest(null, Object(Config\Cache), false)
 4 SYSTEMPATH\Boot.php(334): CodeIgniter\CodeIgniter->run()
 5 SYSTEMPATH\Boot.php(67): CodeIgniter\Boot::runCodeIgniter(Object(CodeIgniter\CodeIgniter))
 6 FCPATH\index.php(56): CodeIgniter\Boot::bootWeb(Object(Config\Paths))
WARNING - 2025-03-24 07:48:56 --> [DEPRECATED] Creation of dynamic property SysAdmin\Controllers\Category::$CateModel is deprecated in ROOTPATH\SysAdmin\Controllers\Category.php on line 22.
 1 SYSTEMPATH\CodeIgniter.php(903): SysAdmin\Controllers\Category->__construct()
 2 SYSTEMPATH\CodeIgniter.php(498): CodeIgniter\CodeIgniter->createController()
 3 SYSTEMPATH\CodeIgniter.php(354): CodeIgniter\CodeIgniter->handleRequest(null, Object(Config\Cache), false)
 4 SYSTEMPATH\Boot.php(334): CodeIgniter\CodeIgniter->run()
 5 SYSTEMPATH\Boot.php(67): CodeIgniter\Boot::runCodeIgniter(Object(CodeIgniter\CodeIgniter))
 6 FCPATH\index.php(56): CodeIgniter\Boot::bootWeb(Object(Config\Paths))
DEBUG - 2025-03-24 07:48:58 --> Session: Class initialized using 'CodeIgniter\Session\Handlers\FileHandler' driver.
WARNING - 2025-03-24 07:48:58 --> [DEPRECATED] Creation of dynamic property SysAdmin\Controllers\Category::$session is deprecated in ROOTPATH\SysAdmin\Controllers\BaseController.php on line 51.
 1 ROOTPATH\SysAdmin\Controllers\Category.php(9): SysAdmin\Controllers\BaseController->__construct()
 2 SYSTEMPATH\CodeIgniter.php(903): SysAdmin\Controllers\Category->__construct()
 3 SYSTEMPATH\CodeIgniter.php(498): CodeIgniter\CodeIgniter->createController()
 4 SYSTEMPATH\CodeIgniter.php(354): CodeIgniter\CodeIgniter->handleRequest(null, Object(Config\Cache), false)
 5 SYSTEMPATH\Boot.php(334): CodeIgniter\CodeIgniter->run()
 6 SYSTEMPATH\Boot.php(67): CodeIgniter\Boot::runCodeIgniter(Object(CodeIgniter\CodeIgniter))
 7 FCPATH\index.php(56): CodeIgniter\Boot::bootWeb(Object(Config\Paths))
WARNING - 2025-03-24 07:48:58 --> [DEPRECATED] Creation of dynamic property SysAdmin\Controllers\Category::$encrypter is deprecated in ROOTPATH\SysAdmin\Controllers\BaseController.php on line 52.
 1 ROOTPATH\SysAdmin\Controllers\Category.php(9): SysAdmin\Controllers\BaseController->__construct()
 2 SYSTEMPATH\CodeIgniter.php(903): SysAdmin\Controllers\Category->__construct()
 3 SYSTEMPATH\CodeIgniter.php(498): CodeIgniter\CodeIgniter->createController()
 4 SYSTEMPATH\CodeIgniter.php(354): CodeIgniter\CodeIgniter->handleRequest(null, Object(Config\Cache), false)
 5 SYSTEMPATH\Boot.php(334): CodeIgniter\CodeIgniter->run()
 6 SYSTEMPATH\Boot.php(67): CodeIgniter\Boot::runCodeIgniter(Object(CodeIgniter\CodeIgniter))
 7 FCPATH\index.php(56): CodeIgniter\Boot::bootWeb(Object(Config\Paths))
WARNING - 2025-03-24 07:48:58 --> [DEPRECATED] Creation of dynamic property SysAdmin\Controllers\Category::$nav_mold is deprecated in ROOTPATH\SysAdmin\Controllers\Category.php on line 10.
 1 SYSTEMPATH\CodeIgniter.php(903): SysAdmin\Controllers\Category->__construct()
 2 SYSTEMPATH\CodeIgniter.php(498): CodeIgniter\CodeIgniter->createController()
 3 SYSTEMPATH\CodeIgniter.php(354): CodeIgniter\CodeIgniter->handleRequest(null, Object(Config\Cache), false)
 4 SYSTEMPATH\Boot.php(334): CodeIgniter\CodeIgniter->run()
 5 SYSTEMPATH\Boot.php(67): CodeIgniter\Boot::runCodeIgniter(Object(CodeIgniter\CodeIgniter))
 6 FCPATH\index.php(56): CodeIgniter\Boot::bootWeb(Object(Config\Paths))
WARNING - 2025-03-24 07:48:58 --> [DEPRECATED] Creation of dynamic property SysAdmin\Controllers\Category::$CateModel is deprecated in ROOTPATH\SysAdmin\Controllers\Category.php on line 22.
 1 SYSTEMPATH\CodeIgniter.php(903): SysAdmin\Controllers\Category->__construct()
 2 SYSTEMPATH\CodeIgniter.php(498): CodeIgniter\CodeIgniter->createController()
 3 SYSTEMPATH\CodeIgniter.php(354): CodeIgniter\CodeIgniter->handleRequest(null, Object(Config\Cache), false)
 4 SYSTEMPATH\Boot.php(334): CodeIgniter\CodeIgniter->run()
 5 SYSTEMPATH\Boot.php(67): CodeIgniter\Boot::runCodeIgniter(Object(CodeIgniter\CodeIgniter))
 6 FCPATH\index.php(56): CodeIgniter\Boot::bootWeb(Object(Config\Paths))
DEBUG - 2025-03-24 07:49:01 --> Session: Class initialized using 'CodeIgniter\Session\Handlers\FileHandler' driver.
WARNING - 2025-03-24 07:49:01 --> [DEPRECATED] Creation of dynamic property SysAdmin\Controllers\Category::$session is deprecated in ROOTPATH\SysAdmin\Controllers\BaseController.php on line 51.
 1 ROOTPATH\SysAdmin\Controllers\Category.php(9): SysAdmin\Controllers\BaseController->__construct()
 2 SYSTEMPATH\CodeIgniter.php(903): SysAdmin\Controllers\Category->__construct()
 3 SYSTEMPATH\CodeIgniter.php(498): CodeIgniter\CodeIgniter->createController()
 4 SYSTEMPATH\CodeIgniter.php(354): CodeIgniter\CodeIgniter->handleRequest(null, Object(Config\Cache), false)
 5 SYSTEMPATH\Boot.php(334): CodeIgniter\CodeIgniter->run()
 6 SYSTEMPATH\Boot.php(67): CodeIgniter\Boot::runCodeIgniter(Object(CodeIgniter\CodeIgniter))
 7 FCPATH\index.php(56): CodeIgniter\Boot::bootWeb(Object(Config\Paths))
WARNING - 2025-03-24 07:49:01 --> [DEPRECATED] Creation of dynamic property SysAdmin\Controllers\Category::$encrypter is deprecated in ROOTPATH\SysAdmin\Controllers\BaseController.php on line 52.
 1 ROOTPATH\SysAdmin\Controllers\Category.php(9): SysAdmin\Controllers\BaseController->__construct()
 2 SYSTEMPATH\CodeIgniter.php(903): SysAdmin\Controllers\Category->__construct()
 3 SYSTEMPATH\CodeIgniter.php(498): CodeIgniter\CodeIgniter->createController()
 4 SYSTEMPATH\CodeIgniter.php(354): CodeIgniter\CodeIgniter->handleRequest(null, Object(Config\Cache), false)
 5 SYSTEMPATH\Boot.php(334): CodeIgniter\CodeIgniter->run()
 6 SYSTEMPATH\Boot.php(67): CodeIgniter\Boot::runCodeIgniter(Object(CodeIgniter\CodeIgniter))
 7 FCPATH\index.php(56): CodeIgniter\Boot::bootWeb(Object(Config\Paths))
WARNING - 2025-03-24 07:49:01 --> [DEPRECATED] Creation of dynamic property SysAdmin\Controllers\Category::$nav_mold is deprecated in ROOTPATH\SysAdmin\Controllers\Category.php on line 10.
 1 SYSTEMPATH\CodeIgniter.php(903): SysAdmin\Controllers\Category->__construct()
 2 SYSTEMPATH\CodeIgniter.php(498): CodeIgniter\CodeIgniter->createController()
 3 SYSTEMPATH\CodeIgniter.php(354): CodeIgniter\CodeIgniter->handleRequest(null, Object(Config\Cache), false)
 4 SYSTEMPATH\Boot.php(334): CodeIgniter\CodeIgniter->run()
 5 SYSTEMPATH\Boot.php(67): CodeIgniter\Boot::runCodeIgniter(Object(CodeIgniter\CodeIgniter))
 6 FCPATH\index.php(56): CodeIgniter\Boot::bootWeb(Object(Config\Paths))
WARNING - 2025-03-24 07:49:01 --> [DEPRECATED] Creation of dynamic property SysAdmin\Controllers\Category::$CateModel is deprecated in ROOTPATH\SysAdmin\Controllers\Category.php on line 22.
 1 SYSTEMPATH\CodeIgniter.php(903): SysAdmin\Controllers\Category->__construct()
 2 SYSTEMPATH\CodeIgniter.php(498): CodeIgniter\CodeIgniter->createController()
 3 SYSTEMPATH\CodeIgniter.php(354): CodeIgniter\CodeIgniter->handleRequest(null, Object(Config\Cache), false)
 4 SYSTEMPATH\Boot.php(334): CodeIgniter\CodeIgniter->run()
 5 SYSTEMPATH\Boot.php(67): CodeIgniter\Boot::runCodeIgniter(Object(CodeIgniter\CodeIgniter))
 6 FCPATH\index.php(56): CodeIgniter\Boot::bootWeb(Object(Config\Paths))
DEBUG - 2025-03-24 07:49:03 --> Session: Class initialized using 'CodeIgniter\Session\Handlers\FileHandler' driver.
WARNING - 2025-03-24 07:49:03 --> [DEPRECATED] Creation of dynamic property SysAdmin\Controllers\Category::$session is deprecated in ROOTPATH\SysAdmin\Controllers\BaseController.php on line 51.
 1 ROOTPATH\SysAdmin\Controllers\Category.php(9): SysAdmin\Controllers\BaseController->__construct()
 2 SYSTEMPATH\CodeIgniter.php(903): SysAdmin\Controllers\Category->__construct()
 3 SYSTEMPATH\CodeIgniter.php(498): CodeIgniter\CodeIgniter->createController()
 4 SYSTEMPATH\CodeIgniter.php(354): CodeIgniter\CodeIgniter->handleRequest(null, Object(Config\Cache), false)
 5 SYSTEMPATH\Boot.php(334): CodeIgniter\CodeIgniter->run()
 6 SYSTEMPATH\Boot.php(67): CodeIgniter\Boot::runCodeIgniter(Object(CodeIgniter\CodeIgniter))
 7 FCPATH\index.php(56): CodeIgniter\Boot::bootWeb(Object(Config\Paths))
WARNING - 2025-03-24 07:49:03 --> [DEPRECATED] Creation of dynamic property SysAdmin\Controllers\Category::$encrypter is deprecated in ROOTPATH\SysAdmin\Controllers\BaseController.php on line 52.
 1 ROOTPATH\SysAdmin\Controllers\Category.php(9): SysAdmin\Controllers\BaseController->__construct()
 2 SYSTEMPATH\CodeIgniter.php(903): SysAdmin\Controllers\Category->__construct()
 3 SYSTEMPATH\CodeIgniter.php(498): CodeIgniter\CodeIgniter->createController()
 4 SYSTEMPATH\CodeIgniter.php(354): CodeIgniter\CodeIgniter->handleRequest(null, Object(Config\Cache), false)
 5 SYSTEMPATH\Boot.php(334): CodeIgniter\CodeIgniter->run()
 6 SYSTEMPATH\Boot.php(67): CodeIgniter\Boot::runCodeIgniter(Object(CodeIgniter\CodeIgniter))
 7 FCPATH\index.php(56): CodeIgniter\Boot::bootWeb(Object(Config\Paths))
WARNING - 2025-03-24 07:49:03 --> [DEPRECATED] Creation of dynamic property SysAdmin\Controllers\Category::$nav_mold is deprecated in ROOTPATH\SysAdmin\Controllers\Category.php on line 10.
 1 SYSTEMPATH\CodeIgniter.php(903): SysAdmin\Controllers\Category->__construct()
 2 SYSTEMPATH\CodeIgniter.php(498): CodeIgniter\CodeIgniter->createController()
 3 SYSTEMPATH\CodeIgniter.php(354): CodeIgniter\CodeIgniter->handleRequest(null, Object(Config\Cache), false)
 4 SYSTEMPATH\Boot.php(334): CodeIgniter\CodeIgniter->run()
 5 SYSTEMPATH\Boot.php(67): CodeIgniter\Boot::runCodeIgniter(Object(CodeIgniter\CodeIgniter))
 6 FCPATH\index.php(56): CodeIgniter\Boot::bootWeb(Object(Config\Paths))
WARNING - 2025-03-24 07:49:03 --> [DEPRECATED] Creation of dynamic property SysAdmin\Controllers\Category::$CateModel is deprecated in ROOTPATH\SysAdmin\Controllers\Category.php on line 22.
 1 SYSTEMPATH\CodeIgniter.php(903): SysAdmin\Controllers\Category->__construct()
 2 SYSTEMPATH\CodeIgniter.php(498): CodeIgniter\CodeIgniter->createController()
 3 SYSTEMPATH\CodeIgniter.php(354): CodeIgniter\CodeIgniter->handleRequest(null, Object(Config\Cache), false)
 4 SYSTEMPATH\Boot.php(334): CodeIgniter\CodeIgniter->run()
 5 SYSTEMPATH\Boot.php(67): CodeIgniter\Boot::runCodeIgniter(Object(CodeIgniter\CodeIgniter))
 6 FCPATH\index.php(56): CodeIgniter\Boot::bootWeb(Object(Config\Paths))
DEBUG - 2025-03-24 07:49:06 --> Session: Class initialized using 'CodeIgniter\Session\Handlers\FileHandler' driver.
WARNING - 2025-03-24 07:49:06 --> [DEPRECATED] Creation of dynamic property SysAdmin\Controllers\Category::$session is deprecated in ROOTPATH\SysAdmin\Controllers\BaseController.php on line 51.
 1 ROOTPATH\SysAdmin\Controllers\Category.php(9): SysAdmin\Controllers\BaseController->__construct()
 2 SYSTEMPATH\CodeIgniter.php(903): SysAdmin\Controllers\Category->__construct()
 3 SYSTEMPATH\CodeIgniter.php(498): CodeIgniter\CodeIgniter->createController()
 4 SYSTEMPATH\CodeIgniter.php(354): CodeIgniter\CodeIgniter->handleRequest(null, Object(Config\Cache), false)
 5 SYSTEMPATH\Boot.php(334): CodeIgniter\CodeIgniter->run()
 6 SYSTEMPATH\Boot.php(67): CodeIgniter\Boot::runCodeIgniter(Object(CodeIgniter\CodeIgniter))
 7 FCPATH\index.php(56): CodeIgniter\Boot::bootWeb(Object(Config\Paths))
WARNING - 2025-03-24 07:49:06 --> [DEPRECATED] Creation of dynamic property SysAdmin\Controllers\Category::$encrypter is deprecated in ROOTPATH\SysAdmin\Controllers\BaseController.php on line 52.
 1 ROOTPATH\SysAdmin\Controllers\Category.php(9): SysAdmin\Controllers\BaseController->__construct()
 2 SYSTEMPATH\CodeIgniter.php(903): SysAdmin\Controllers\Category->__construct()
 3 SYSTEMPATH\CodeIgniter.php(498): CodeIgniter\CodeIgniter->createController()
 4 SYSTEMPATH\CodeIgniter.php(354): CodeIgniter\CodeIgniter->handleRequest(null, Object(Config\Cache), false)
 5 SYSTEMPATH\Boot.php(334): CodeIgniter\CodeIgniter->run()
 6 SYSTEMPATH\Boot.php(67): CodeIgniter\Boot::runCodeIgniter(Object(CodeIgniter\CodeIgniter))
 7 FCPATH\index.php(56): CodeIgniter\Boot::bootWeb(Object(Config\Paths))
WARNING - 2025-03-24 07:49:06 --> [DEPRECATED] Creation of dynamic property SysAdmin\Controllers\Category::$nav_mold is deprecated in ROOTPATH\SysAdmin\Controllers\Category.php on line 10.
 1 SYSTEMPATH\CodeIgniter.php(903): SysAdmin\Controllers\Category->__construct()
 2 SYSTEMPATH\CodeIgniter.php(498): CodeIgniter\CodeIgniter->createController()
 3 SYSTEMPATH\CodeIgniter.php(354): CodeIgniter\CodeIgniter->handleRequest(null, Object(Config\Cache), false)
 4 SYSTEMPATH\Boot.php(334): CodeIgniter\CodeIgniter->run()
 5 SYSTEMPATH\Boot.php(67): CodeIgniter\Boot::runCodeIgniter(Object(CodeIgniter\CodeIgniter))
 6 FCPATH\index.php(56): CodeIgniter\Boot::bootWeb(Object(Config\Paths))
WARNING - 2025-03-24 07:49:06 --> [DEPRECATED] Creation of dynamic property SysAdmin\Controllers\Category::$CateModel is deprecated in ROOTPATH\SysAdmin\Controllers\Category.php on line 22.
 1 SYSTEMPATH\CodeIgniter.php(903): SysAdmin\Controllers\Category->__construct()
 2 SYSTEMPATH\CodeIgniter.php(498): CodeIgniter\CodeIgniter->createController()
 3 SYSTEMPATH\CodeIgniter.php(354): CodeIgniter\CodeIgniter->handleRequest(null, Object(Config\Cache), false)
 4 SYSTEMPATH\Boot.php(334): CodeIgniter\CodeIgniter->run()
 5 SYSTEMPATH\Boot.php(67): CodeIgniter\Boot::runCodeIgniter(Object(CodeIgniter\CodeIgniter))
 6 FCPATH\index.php(56): CodeIgniter\Boot::bootWeb(Object(Config\Paths))
DEBUG - 2025-03-24 07:49:15 --> Session: Class initialized using 'CodeIgniter\Session\Handlers\FileHandler' driver.
WARNING - 2025-03-24 07:49:15 --> [DEPRECATED] Creation of dynamic property SysAdmin\Controllers\Site::$session is deprecated in ROOTPATH\SysAdmin\Controllers\BaseController.php on line 51.
 1 ROOTPATH\SysAdmin\Controllers\Site.php(14): SysAdmin\Controllers\BaseController->__construct()
 2 SYSTEMPATH\CodeIgniter.php(903): SysAdmin\Controllers\Site->__construct()
 3 SYSTEMPATH\CodeIgniter.php(498): CodeIgniter\CodeIgniter->createController()
 4 SYSTEMPATH\CodeIgniter.php(354): CodeIgniter\CodeIgniter->handleRequest(null, Object(Config\Cache), false)
 5 SYSTEMPATH\Boot.php(334): CodeIgniter\CodeIgniter->run()
 6 SYSTEMPATH\Boot.php(67): CodeIgniter\Boot::runCodeIgniter(Object(CodeIgniter\CodeIgniter))
 7 FCPATH\index.php(56): CodeIgniter\Boot::bootWeb(Object(Config\Paths))
WARNING - 2025-03-24 07:49:15 --> [DEPRECATED] Creation of dynamic property SysAdmin\Controllers\Site::$encrypter is deprecated in ROOTPATH\SysAdmin\Controllers\BaseController.php on line 52.
 1 ROOTPATH\SysAdmin\Controllers\Site.php(14): SysAdmin\Controllers\BaseController->__construct()
 2 SYSTEMPATH\CodeIgniter.php(903): SysAdmin\Controllers\Site->__construct()
 3 SYSTEMPATH\CodeIgniter.php(498): CodeIgniter\CodeIgniter->createController()
 4 SYSTEMPATH\CodeIgniter.php(354): CodeIgniter\CodeIgniter->handleRequest(null, Object(Config\Cache), false)
 5 SYSTEMPATH\Boot.php(334): CodeIgniter\CodeIgniter->run()
 6 SYSTEMPATH\Boot.php(67): CodeIgniter\Boot::runCodeIgniter(Object(CodeIgniter\CodeIgniter))
 7 FCPATH\index.php(56): CodeIgniter\Boot::bootWeb(Object(Config\Paths))
WARNING - 2025-03-24 07:49:15 --> [DEPRECATED] Creation of dynamic property SysAdmin\Controllers\Site::$nav_mold is deprecated in ROOTPATH\SysAdmin\Controllers\Site.php on line 16.
 1 SYSTEMPATH\CodeIgniter.php(903): SysAdmin\Controllers\Site->__construct()
 2 SYSTEMPATH\CodeIgniter.php(498): CodeIgniter\CodeIgniter->createController()
 3 SYSTEMPATH\CodeIgniter.php(354): CodeIgniter\CodeIgniter->handleRequest(null, Object(Config\Cache), false)
 4 SYSTEMPATH\Boot.php(334): CodeIgniter\CodeIgniter->run()
 5 SYSTEMPATH\Boot.php(67): CodeIgniter\Boot::runCodeIgniter(Object(CodeIgniter\CodeIgniter))
 6 FCPATH\index.php(56): CodeIgniter\Boot::bootWeb(Object(Config\Paths))
WARNING - 2025-03-24 07:49:15 --> [DEPRECATED] Creation of dynamic property SysAdmin\Controllers\Site::$SiteModel is deprecated in ROOTPATH\SysAdmin\Controllers\Site.php on line 20.
 1 SYSTEMPATH\CodeIgniter.php(903): SysAdmin\Controllers\Site->__construct()
 2 SYSTEMPATH\CodeIgniter.php(498): CodeIgniter\CodeIgniter->createController()
 3 SYSTEMPATH\CodeIgniter.php(354): CodeIgniter\CodeIgniter->handleRequest(null, Object(Config\Cache), false)
 4 SYSTEMPATH\Boot.php(334): CodeIgniter\CodeIgniter->run()
 5 SYSTEMPATH\Boot.php(67): CodeIgniter\Boot::runCodeIgniter(Object(CodeIgniter\CodeIgniter))
 6 FCPATH\index.php(56): CodeIgniter\Boot::bootWeb(Object(Config\Paths))
DEBUG - 2025-03-24 07:52:10 --> Session: Class initialized using 'CodeIgniter\Session\Handlers\FileHandler' driver.
WARNING - 2025-03-24 07:52:10 --> [DEPRECATED] Creation of dynamic property SysAdmin\Controllers\Category::$session is deprecated in ROOTPATH\SysAdmin\Controllers\BaseController.php on line 51.
 1 ROOTPATH\SysAdmin\Controllers\Category.php(9): SysAdmin\Controllers\BaseController->__construct()
 2 SYSTEMPATH\CodeIgniter.php(903): SysAdmin\Controllers\Category->__construct()
 3 SYSTEMPATH\CodeIgniter.php(498): CodeIgniter\CodeIgniter->createController()
 4 SYSTEMPATH\CodeIgniter.php(354): CodeIgniter\CodeIgniter->handleRequest(null, Object(Config\Cache), false)
 5 SYSTEMPATH\Boot.php(334): CodeIgniter\CodeIgniter->run()
 6 SYSTEMPATH\Boot.php(67): CodeIgniter\Boot::runCodeIgniter(Object(CodeIgniter\CodeIgniter))
 7 FCPATH\index.php(56): CodeIgniter\Boot::bootWeb(Object(Config\Paths))
WARNING - 2025-03-24 07:52:10 --> [DEPRECATED] Creation of dynamic property SysAdmin\Controllers\Category::$encrypter is deprecated in ROOTPATH\SysAdmin\Controllers\BaseController.php on line 52.
 1 ROOTPATH\SysAdmin\Controllers\Category.php(9): SysAdmin\Controllers\BaseController->__construct()
 2 SYSTEMPATH\CodeIgniter.php(903): SysAdmin\Controllers\Category->__construct()
 3 SYSTEMPATH\CodeIgniter.php(498): CodeIgniter\CodeIgniter->createController()
 4 SYSTEMPATH\CodeIgniter.php(354): CodeIgniter\CodeIgniter->handleRequest(null, Object(Config\Cache), false)
 5 SYSTEMPATH\Boot.php(334): CodeIgniter\CodeIgniter->run()
 6 SYSTEMPATH\Boot.php(67): CodeIgniter\Boot::runCodeIgniter(Object(CodeIgniter\CodeIgniter))
 7 FCPATH\index.php(56): CodeIgniter\Boot::bootWeb(Object(Config\Paths))
WARNING - 2025-03-24 07:52:10 --> [DEPRECATED] Creation of dynamic property SysAdmin\Controllers\Category::$nav_mold is deprecated in ROOTPATH\SysAdmin\Controllers\Category.php on line 10.
 1 SYSTEMPATH\CodeIgniter.php(903): SysAdmin\Controllers\Category->__construct()
 2 SYSTEMPATH\CodeIgniter.php(498): CodeIgniter\CodeIgniter->createController()
 3 SYSTEMPATH\CodeIgniter.php(354): CodeIgniter\CodeIgniter->handleRequest(null, Object(Config\Cache), false)
 4 SYSTEMPATH\Boot.php(334): CodeIgniter\CodeIgniter->run()
 5 SYSTEMPATH\Boot.php(67): CodeIgniter\Boot::runCodeIgniter(Object(CodeIgniter\CodeIgniter))
 6 FCPATH\index.php(56): CodeIgniter\Boot::bootWeb(Object(Config\Paths))
WARNING - 2025-03-24 07:52:10 --> [DEPRECATED] Creation of dynamic property SysAdmin\Controllers\Category::$CateModel is deprecated in ROOTPATH\SysAdmin\Controllers\Category.php on line 22.
 1 SYSTEMPATH\CodeIgniter.php(903): SysAdmin\Controllers\Category->__construct()
 2 SYSTEMPATH\CodeIgniter.php(498): CodeIgniter\CodeIgniter->createController()
 3 SYSTEMPATH\CodeIgniter.php(354): CodeIgniter\CodeIgniter->handleRequest(null, Object(Config\Cache), false)
 4 SYSTEMPATH\Boot.php(334): CodeIgniter\CodeIgniter->run()
 5 SYSTEMPATH\Boot.php(67): CodeIgniter\Boot::runCodeIgniter(Object(CodeIgniter\CodeIgniter))
 6 FCPATH\index.php(56): CodeIgniter\Boot::bootWeb(Object(Config\Paths))
DEBUG - 2025-03-24 07:52:13 --> Session: Class initialized using 'CodeIgniter\Session\Handlers\FileHandler' driver.
WARNING - 2025-03-24 07:52:13 --> [DEPRECATED] Creation of dynamic property SysAdmin\Controllers\Category::$session is deprecated in ROOTPATH\SysAdmin\Controllers\BaseController.php on line 51.
 1 ROOTPATH\SysAdmin\Controllers\Category.php(9): SysAdmin\Controllers\BaseController->__construct()
 2 SYSTEMPATH\CodeIgniter.php(903): SysAdmin\Controllers\Category->__construct()
 3 SYSTEMPATH\CodeIgniter.php(498): CodeIgniter\CodeIgniter->createController()
 4 SYSTEMPATH\CodeIgniter.php(354): CodeIgniter\CodeIgniter->handleRequest(null, Object(Config\Cache), false)
 5 SYSTEMPATH\Boot.php(334): CodeIgniter\CodeIgniter->run()
 6 SYSTEMPATH\Boot.php(67): CodeIgniter\Boot::runCodeIgniter(Object(CodeIgniter\CodeIgniter))
 7 FCPATH\index.php(56): CodeIgniter\Boot::bootWeb(Object(Config\Paths))
WARNING - 2025-03-24 07:52:13 --> [DEPRECATED] Creation of dynamic property SysAdmin\Controllers\Category::$encrypter is deprecated in ROOTPATH\SysAdmin\Controllers\BaseController.php on line 52.
 1 ROOTPATH\SysAdmin\Controllers\Category.php(9): SysAdmin\Controllers\BaseController->__construct()
 2 SYSTEMPATH\CodeIgniter.php(903): SysAdmin\Controllers\Category->__construct()
 3 SYSTEMPATH\CodeIgniter.php(498): CodeIgniter\CodeIgniter->createController()
 4 SYSTEMPATH\CodeIgniter.php(354): CodeIgniter\CodeIgniter->handleRequest(null, Object(Config\Cache), false)
 5 SYSTEMPATH\Boot.php(334): CodeIgniter\CodeIgniter->run()
 6 SYSTEMPATH\Boot.php(67): CodeIgniter\Boot::runCodeIgniter(Object(CodeIgniter\CodeIgniter))
 7 FCPATH\index.php(56): CodeIgniter\Boot::bootWeb(Object(Config\Paths))
WARNING - 2025-03-24 07:52:13 --> [DEPRECATED] Creation of dynamic property SysAdmin\Controllers\Category::$nav_mold is deprecated in ROOTPATH\SysAdmin\Controllers\Category.php on line 10.
 1 SYSTEMPATH\CodeIgniter.php(903): SysAdmin\Controllers\Category->__construct()
 2 SYSTEMPATH\CodeIgniter.php(498): CodeIgniter\CodeIgniter->createController()
 3 SYSTEMPATH\CodeIgniter.php(354): CodeIgniter\CodeIgniter->handleRequest(null, Object(Config\Cache), false)
 4 SYSTEMPATH\Boot.php(334): CodeIgniter\CodeIgniter->run()
 5 SYSTEMPATH\Boot.php(67): CodeIgniter\Boot::runCodeIgniter(Object(CodeIgniter\CodeIgniter))
 6 FCPATH\index.php(56): CodeIgniter\Boot::bootWeb(Object(Config\Paths))
WARNING - 2025-03-24 07:52:13 --> [DEPRECATED] Creation of dynamic property SysAdmin\Controllers\Category::$CateModel is deprecated in ROOTPATH\SysAdmin\Controllers\Category.php on line 22.
 1 SYSTEMPATH\CodeIgniter.php(903): SysAdmin\Controllers\Category->__construct()
 2 SYSTEMPATH\CodeIgniter.php(498): CodeIgniter\CodeIgniter->createController()
 3 SYSTEMPATH\CodeIgniter.php(354): CodeIgniter\CodeIgniter->handleRequest(null, Object(Config\Cache), false)
 4 SYSTEMPATH\Boot.php(334): CodeIgniter\CodeIgniter->run()
 5 SYSTEMPATH\Boot.php(67): CodeIgniter\Boot::runCodeIgniter(Object(CodeIgniter\CodeIgniter))
 6 FCPATH\index.php(56): CodeIgniter\Boot::bootWeb(Object(Config\Paths))
